commune,organisme,email,adresse_mairie,code_postal,ville,url
Allouville-Bellefosse,Mairie - Allouville-Bellefosse,mairie.allouvillebellefosse@wanadoo.fr,Place Paul-Levieux,76190,Allouville-Bellefosse,https://lannuaire.service-public.gouv.fr/normandie/seine-maritime/3864978e-21c1-4384-b03d-823b62473385
Alvimare,Mairie - Alvimare,mairie.alvimare@wanadoo.fr,8 rue des Tilleuls,76640,Alvimare,https://lannuaire.service-public.gouv.fr/normandie/seine-maritime/6d0819ba-bb57-44d1-b86a-1bfbfb1a403f
Ambrumesnil,Mairie - Ambrumesnil,mairie@ambrumesnil.fr,608 rue de l'Ancienne-Mare,76550,Ambrumesnil,https://lannuaire.service-public.gouv.fr/normandie/seine-maritime/df0a71c5-197f-4f66-979b-7a2e2c8c63d3
Amfreville-la-Mi-Voie,Mairie - Amfreville-la-Mi-Voie,mairie@amfreville-la-mivoie.fr,5 place du Général-de-Gaulle,76920,Amfreville-la-Mi-Voie,https://lannuaire.service-public.gouv.fr/normandie/seine-maritime/93d670ed-1ad8-42b5-a46e-c32f3080b3bf
Amfreville-les-Champs,Mairie - Amfreville-les-Champs,mairie@amfrevilleleschamps76.fr,18 route de Berville,76560,Amfreville-les-Champs,https://lannuaire.service-public.gouv.fr/normandie/seine-maritime/874e90b6-6698-4948-81f3-0b4adccc4496
Anceaumeville,Mairie - Anceaumeville,anceaumeville.mairie@orange.fr,105 place Évode-Chevalier,76710,Anceaumeville,https://lannuaire.service-public.gouv.fr/normandie/seine-maritime/75ce14d3-9a2b-4770-970d-d9fd638857ed
Ancourt,Mairie - Ancourt,mairie.ancourt@wanadoo.fr,20 rue de la Mairie,76370,Ancourt,https://lannuaire.service-public.gouv.fr/normandie/seine-maritime/eda8d01a-b231-4ae8-a735-8cb18a6ab6dc
Ancourteville-sur-Héricourt,Mairie - Ancourteville-sur-Héricourt,mairie.ancourteville-sur-hericourt@cote-albatre.com,62 rue de l'Église,76560,Ancourteville-sur-Héricourt,https://lannuaire.service-public.gouv.fr/normandie/seine-maritime/381a1913-b490-441e-9395-a4f5f0153b0a
Ancretiéville-Saint-Victor,Mairie - Ancretiéville-Saint-Victor,commune-ancretieville@orange.fr,1 place de la Mairie,76760,Ancretiéville-Saint-Victor,https://lannuaire.service-public.gouv.fr/normandie/seine-maritime/bc0c80cd-621e-4dbc-9f13-afc6ae6e032b
Ancretteville-sur-Mer,Mairie - Ancretteville-sur-Mer,mairie-sg.ancrettevillesurmer@wanadoo.fr,369 rue de la Mairie,76540,Ancretteville-sur-Mer,https://lannuaire.service-public.gouv.fr/normandie/seine-maritime/2f34e9ad-68f4-4f0f-8c0f-4b62e01aaa14
Angerville-Bailleul,Mairie - Angerville-Bailleul,mairie.angerville.bailleul@wanadoo.fr,10 route de l'École,76110,Angerville-Bailleul,https://lannuaire.service-public.gouv.fr/normandie/seine-maritime/c30c3b6c-c9ce-41e5-a29a-1aceefa013f6
Angerville-l'Orcher,Mairie - Angerville-l'Orcher,mairie.angerville-orcher@wanadoo.fr,14 place du Général-de-Gaulle,76280,Angerville-l'Orcher,https://lannuaire.service-public.gouv.fr/normandie/seine-maritime/2a94ca54-b9a0-4094-bd76-c05d8d8412e5
Angerville-la-Martel,Mairie - Angerville-la-Martel,mairie.angerville.lamartel@wanadoo.fr,1 le Bourg Route de l'Église,76540,Angerville-la-Martel,https://lannuaire.service-public.gouv.fr/normandie/seine-maritime/ff73eb36-e9bb-48dd-b00e-388cde25fefa
Angiens,Mairie - Angiens,mairie-sg.angiens@wanadoo.fr,2 rue de la Motte,76740,Angiens,https://lannuaire.service-public.gouv.fr/normandie/seine-maritime/c853a13d-2df2-47df-9094-e29a264eaa51
Anglesqueville-l'Esneval,Mairie - Anglesqueville-l'Esneval,mairie-anglesquevillelesneval@wanadoo.fr,6 place de l'Église,76280,Anglesqueville-l'Esneval,https://lannuaire.service-public.gouv.fr/normandie/seine-maritime/4c55f493-26a3-4964-b35a-3b11be3dd470
Anglesqueville-la-Bras-Long,Mairie - Anglesqueville-la-Bras-Long,commune.anglesqueville.braslong@orange.fr,13 route de l'Église,76740,Anglesqueville-la-Bras-Long,https://lannuaire.service-public.gouv.fr/normandie/seine-maritime/caaa33de-439e-4cdb-91e7-40953589966d
Anneville-Ambourville,Mairie - Anneville-Ambourville,anneville.ambourville@orange.fr,300 rue Monseigneur-Lemonnier,76480,Anneville-Ambourville,https://lannuaire.service-public.gouv.fr/normandie/seine-maritime/0eba9342-1ffc-4d59-8092-cdecd5d134e8
Anneville-sur-Scie,Mairie - Anneville-sur-Scie,mairie@annevillesurscie.fr,37 route de Dieppe,76590,Anneville-sur-Scie,https://lannuaire.service-public.gouv.fr/normandie/seine-maritime/f63cd94b-34d6-4e2c-94c8-c86e2b05aa17
Annouville-Vilmesnil,Mairie - Annouville-Vilmesnil,mairie@annouville-vilmesnil.fr,6 rue de la Mairie,76110,Annouville-Vilmesnil,https://lannuaire.service-public.gouv.fr/normandie/seine-maritime/46e7f748-b8e3-42a2-97d0-82320f0897e8
Anquetierville,Mairie - Anquetierville,mairie-anquetierville2@wanadoo.fr,243 route de l'Église,76490,Anquetierville,https://lannuaire.service-public.gouv.fr/normandie/seine-maritime/5d56edee-0f50-4094-a664-c6cf36133d6f
Anvéville,Mairie - Anvéville,mairie.anveville@gmail.com,315 Grande rue,76560,Anvéville,https://lannuaire.service-public.gouv.fr/normandie/seine-maritime/ffab979b-a71c-485d-901a-57a0bf83244d
Ardouval,Mairie - Ardouval,mairie.ardouval@mcom.fr,7 rue des Bouleaux,76680,Ardouval,https://lannuaire.service-public.gouv.fr/normandie/seine-maritime/acb32b28-38c8-40ac-a43e-4b63c95afa9c
Arelaune-en-Seine,Mairie - Arelaune-en-Seine,accueil@arelauneenseine.fr,La Mailleraye-sur-Seine 1 place Henri-Malou,76940,Arelaune-en-Seine,https://lannuaire.service-public.gouv.fr/normandie/seine-maritime/8c65b79d-01dc-430e-9194-38475f1689ab
Argueil,Mairie - Argueil,mairie@argueil.fr,3 place du Marché-aux-Étoupes,76780,Argueil,https://lannuaire.service-public.gouv.fr/normandie/seine-maritime/0cd5c3ce-a03f-4aae-86d0-c58e4b691852
Arques-la-Bataille,Mairie - Arques-la-Bataille,mairie@ville-arques-la-bataille.fr,Place Pierre-Desceliers,76880,Arques-la-Bataille,https://lannuaire.service-public.gouv.fr/normandie/seine-maritime/3ab58d43-8164-4aff-af39-6aa46cf02bfe
Aubermesnil-Beaumais,Mairie - Aubermesnil-Beaumais,mairie@aubermesnil-b.fr,32 rue Henri-IV,76550,Aubermesnil-Beaumais,https://lannuaire.service-public.gouv.fr/normandie/seine-maritime/c993aac4-94c6-4bb9-8604-8ef68cfa2c89
Aubermesnil-aux-Érables,Mairie - Aubermesnil-aux-Érables,mairie.aubermesnilauxerables@wanadoo.fr,8 rue de l'Église,76340,Aubermesnil-aux-Érables,https://lannuaire.service-public.gouv.fr/normandie/seine-maritime/76a095d3-95ed-447e-a836-8542657f7cfd
Auberville-la-Manuel,Mairie - Auberville-la-Manuel,mairie.aubervillelamanuel@orange.fr,10 rue Roquigny,76450,Auberville-la-Manuel,https://lannuaire.service-public.gouv.fr/normandie/seine-maritime/db09dca6-c95d-4e79-a21b-9232b0e9f9ca
Auberville-la-Renault,Mairie - Auberville-la-Renault,mairieaubervillelarenault@orange.fr,169 rue de la Mairie,76110,Auberville-la-Renault,https://lannuaire.service-public.gouv.fr/normandie/seine-maritime/b8d1d58d-5ee4-4400-8c44-6d619c51e19b
Aubéguimont,Mairie - Aubéguimont,mairie-aubeguimont@outlook.com,27 rue Centrale,76390,Aubéguimont,https://lannuaire.service-public.gouv.fr/normandie/seine-maritime/dfae774a-4bbe-4441-a1c8-8ccd850a513c
Aumale,Mairie - Aumale,mairie@ville-aumale.fr,6 rue de l'Hôtel-de-Ville,76390,Aumale,https://lannuaire.service-public.gouv.fr/normandie/seine-maritime/45bd61a9-0e9e-4286-847b-f69231b50400
Auppegard,Mairie - Auppegard,mairie-auppegard@wanadoo.fr,Place Jacob-Bontemps,76730,Auppegard,https://lannuaire.service-public.gouv.fr/normandie/seine-maritime/c21b7fa8-b73a-4a4e-9db5-20e433575a0d
Authieux-Ratiéville,Mairie - Authieux-Ratiéville,mairie.authieuxratieville@orange.fr,379 rue de l'École,76690,Authieux-Ratiéville,https://lannuaire.service-public.gouv.fr/normandie/seine-maritime/28103a3f-248e-4561-817f-4267b3fe70c0
Autigny,Mairie - Autigny,mairiedeautigny@wanadoo.fr,Lotissement les Fleurs,76740,Autigny,https://lannuaire.service-public.gouv.fr/normandie/seine-maritime/00bdfa6a-e900-4c03-b32c-b23d5f22a1ad
Auvilliers,Mairie - Auvilliers,auvilliers.mairie@orange.fr,2 route de l'Aventure,76270,Auvilliers,https://lannuaire.service-public.gouv.fr/normandie/seine-maritime/5e8d6e5b-8130-4986-a79b-370bfeb3dce8
Auzebosc,Mairie - Auzebosc,mairie-dauzebosc@orange.fr,2 rue Hutcheson,76190,Auzebosc,https://lannuaire.service-public.gouv.fr/normandie/seine-maritime/8aa8af26-4b4f-4b2c-8e03-2ec15a2aa1d2
Auzouville-l'Esneval,Mairie - Auzouville-l'Esneval,mairie-sg.auzouvillelesneval@wanadoo.fr,Route d'Étennemare,76760,Auzouville-l'Esneval,https://lannuaire.service-public.gouv.fr/normandie/seine-maritime/9303aab5-d862-43af-8699-dfe25bdcaae6
Auzouville-sur-Ry,Mairie - Auzouville-sur-Ry,mairie@auzouvillesurry.fr,84 chemin de la Côte,76116,Auzouville-sur-Ry,https://lannuaire.service-public.gouv.fr/normandie/seine-maritime/4a60faef-ffa7-433f-a597-1f62fd53114c
Auzouville-sur-Saâne,Mairie - Auzouville-sur-Saâne,mairie.auzouvillesaane@gmail.com,20 bis route de la Mer,76730,Auzouville-sur-Saâne,https://lannuaire.service-public.gouv.fr/normandie/seine-maritime/a5ae263e-1acf-4797-86f9-d552e5a3148d
Avesnes-en-Bray,Mairie - Avesnes-en-Bray,mairie-sg.avesnesenbray@wanadoo.fr,3 place de la Petite-Morette,76220,Avesnes-en-Bray,https://lannuaire.service-public.gouv.fr/normandie/seine-maritime/f625574c-9391-4e48-bbac-0b92facfa3f7
Avesnes-en-Val,Mairie - Avesnes-en-Val,secretariat@mairie-avesnes-en-val.fr,10 le Bourg,76630,Avesnes-en-Val,https://lannuaire.service-public.gouv.fr/normandie/seine-maritime/4e7ed451-1216-4cd6-9450-7bd07bc3b020
Avremesnil,Mairie - Avremesnil,mairie.avremesnil@orange.fr,333 Grande-Rue,76730,Avremesnil,https://lannuaire.service-public.gouv.fr/normandie/seine-maritime/d0abd52c-19cf-488c-8eee-30431fa1c66c
Bacqueville-en-Caux,Mairie - Bacqueville-en-Caux,contact@bacquevilleencaux.fr,Place du Général-de-Gaulle,76730,Bacqueville-en-Caux,https://lannuaire.service-public.gouv.fr/normandie/seine-maritime/0e117f13-168e-4574-b9c9-c06264acdfe8
Bailleul-Neuville,Mairie - Bailleul-Neuville,mairie.bailleulneuville@orange.fr,Le Bourg,76660,Bailleul-Neuville,https://lannuaire.service-public.gouv.fr/normandie/seine-maritime/f15820d8-ca2f-43a0-833c-e847672dc9de
Baillolet,Mairie - Baillolet,mairie-baillolet@orange.fr,3 rue de l'École,76660,Baillolet,https://lannuaire.service-public.gouv.fr/normandie/seine-maritime/454c7601-bdff-449a-b348-aaaefcdc59c6
Bailly-en-Rivière,Mairie - Bailly-en-Rivière,bailly.en.riviere@wanadoo.fr,2 rue des Écoles,76630,Bailly-en-Rivière,https://lannuaire.service-public.gouv.fr/normandie/seine-maritime/cb8b2d0f-cd14-46f3-8fe3-c38040d3c6be
Baons-le-Comte,Mairie - Baons-le-Comte,mairie.baonslecomte@wanadoo.fr,8 route du Bois-Locrel,76190,Baons-le-Comte,https://lannuaire.service-public.gouv.fr/normandie/seine-maritime/518d440b-185a-4d7c-8b71-327ea74db28a
Bardouville,Mairie - Bardouville,mairie-sg.bardouville@wanadoo.fr,247 rue de l'École,76480,Bardouville,https://lannuaire.service-public.gouv.fr/normandie/seine-maritime/7baae314-91d5-4aaa-b6bb-0449d1378fcf
Barentin,Mairie - Barentin,accueil@ville-barentin.fr,Place de la Libération,76360,Barentin,https://lannuaire.service-public.gouv.fr/normandie/seine-maritime/a13b6ac0-9d92-42d8-99c2-034c9d169af2
Baromesnil,Mairie - Baromesnil,mairie.baromesnil@wanadoo.fr,1 route de Saint-Rémy,76260,Baromesnil,https://lannuaire.service-public.gouv.fr/normandie/seine-maritime/58222428-a83b-4faf-bcc4-dfa7a40f2c13
Bazinval,Mairie - Bazinval,bazinval2@wanadoo.fr,10 rue de Saulx,76340,Bazinval,https://lannuaire.service-public.gouv.fr/normandie/seine-maritime/c0ffe816-27a8-42d2-a7a3-22082eeac256
Beaubec-la-Rosière,Mairie - Beaubec-la-Rosière,mairie.de.beaubec.la.rosiere@wanadoo.fr,1 place de la Presle,76440,Beaubec-la-Rosière,https://lannuaire.service-public.gouv.fr/normandie/seine-maritime/f92a6728-1800-4d64-aef9-ed59c7551083
Beaumont-le-Hareng,Mairie - Beaumont-le-Hareng,mairiebeaumontlehareng@orange.fr,1110 route d'Eawy,76850,Beaumont-le-Hareng,https://lannuaire.service-public.gouv.fr/normandie/seine-maritime/20eb3590-34e0-4086-9bf2-6c715b0d99fb
Beaurepaire,Mairie - Beaurepaire,mairie@beaurepaire76.fr,1 rue du Carreau,76280,Beaurepaire,https://lannuaire.service-public.gouv.fr/normandie/seine-maritime/3091bdfe-1b65-4fdb-8e03-7e065ee4cc76
Beaussault,Mairie - Beaussault,mairie@beaussault.fr,460 rue Principale,76870,Beaussault,https://lannuaire.service-public.gouv.fr/normandie/seine-maritime/b338acfa-4742-4c60-8a41-2dc8d3cc70fe
Beautot,Mairie - Beautot,mairie.de.beautot@wanadoo.fr,14 rue de l'Ancien-Château,76890,Beautot,https://lannuaire.service-public.gouv.fr/normandie/seine-maritime/0193414e-681d-4b20-90cd-95ca9f765b49
Beauval-en-Caux,Mairie - Beauval-en-Caux,mairiebec@gmail.com,1 espace Raymond-et-André-Wemaere,76890,Beauval-en-Caux,https://lannuaire.service-public.gouv.fr/normandie/seine-maritime/7e1fe5e3-d4d8-42ec-a9ad-a44bb001b5c8
Beauvoir-en-Lyons,Mairie - Beauvoir-en-Lyons,mairie.beauvoirenlyons@wanadoo.fr,28 place du Commandant-Schloesing,76220,Beauvoir-en-Lyons,https://lannuaire.service-public.gouv.fr/normandie/seine-maritime/050970d2-fabc-44e9-a610-4031ac2c38fe
Bec-de-Mortagne,Mairie - Bec-de-Mortagne,bec-de-mortagne.mairie@wanadoo.fr,Route de la Vallée,76110,Bec-de-Mortagne,https://lannuaire.service-public.gouv.fr/normandie/seine-maritime/9172330a-0dab-4b7a-bda7-f6c02cd80290
Belbeuf,Mairie - Belbeuf,contact@mairie-belbeuf.fr,3 rue du Général-de-Gaulle,76240,Belbeuf,https://lannuaire.service-public.gouv.fr/normandie/seine-maritime/b733f9d8-8090-4e7b-8da6-a1e2a4cd2101
Bellencombre,Mairie - Bellencombre,commune@bellencombre.fr,2 route de Saint-Saëns,76680,Bellencombre,https://lannuaire.service-public.gouv.fr/normandie/seine-maritime/71e86e8f-f585-4998-9c57-8b6c5cf7bfca
Bellengreville,Mairie - Bellengreville,bellengreville.mairie@wanadoo.fr,3 place Saunier,76630,Bellengreville,https://lannuaire.service-public.gouv.fr/normandie/seine-maritime/e257af45-192b-4906-be3f-0f316d9cdd13
Belleville-en-Caux,Mairie - Belleville-en-Caux,mairiedebelleville@wanadoo.fr,1 Place Vauquier du Traversain,76890,Belleville-en-Caux,https://lannuaire.service-public.gouv.fr/normandie/seine-maritime/5afdd19d-3622-486d-9e60-e3077fe98987
Belmesnil,Mairie - Belmesnil,mairiebelmesnil@wanadoo.fr,45 route de la Mer,76590,Belmesnil,https://lannuaire.service-public.gouv.fr/normandie/seine-maritime/d3dddd13-694b-43cd-8710-45cf690389a0
Bernières,Mairie - Bernières,mairie.bernieres@wanadoo.fr,275 rue de l'Église,76210,Bernières,https://lannuaire.service-public.gouv.fr/normandie/seine-maritime/53357e71-9f47-40dc-a1fd-dffc0a5c4a71
Bertheauville,Mairie - Bertheauville,mairie.bertheauville@wanadoo.fr,122 Grande rue,76450,Bertheauville,https://lannuaire.service-public.gouv.fr/normandie/seine-maritime/5c0952dd-38e1-4ef9-97f4-9309b5b459c1
Bertreville,Mairie - Bertreville,bertreville.mairie@wanadoo.fr,16 rue des Fleurs,76450,Bertreville,https://lannuaire.service-public.gouv.fr/normandie/seine-maritime/912c8e90-e2f4-4a9a-b830-f1dd6879caf0
Bertreville-Saint-Ouen,Mairie - Bertreville-Saint-Ouen,mairie-bertreville-saint-ouen@wanadoo.fr,1 route de la Mairie,76590,Bertreville-Saint-Ouen,https://lannuaire.service-public.gouv.fr/normandie/seine-maritime/ad923d5d-7623-4f0a-9b40-cb8422b0c3cb
Bertrimont,Mairie - Bertrimont,mairie.bertrimont@wanadoo.fr,9 rue du Nisbourg,76890,Bertrimont,https://lannuaire.service-public.gouv.fr/normandie/seine-maritime/de079852-19d8-4bef-a009-5757bb7b99e7
Berville-en-Caux,Mairie - Berville-en-Caux,mairie@bervilleencaux.fr,66 route d'Yerville,76560,Berville-en-Caux,https://lannuaire.service-public.gouv.fr/normandie/seine-maritime/86a3b2f8-6cfb-49ee-9a89-e0c2394b46a5
Berville-sur-Seine,Mairie - Berville-sur-Seine,mairiebervillesurseine@orange.fr,900 rue du Village,76480,Berville-sur-Seine,https://lannuaire.service-public.gouv.fr/normandie/seine-maritime/13ad1544-956f-4ac7-8dce-14b95959154d
Beuzeville-la-Grenier,Mairie - Beuzeville-la-Grenier,mairie-de-beuzeville-la-grenier@wanadoo.fr,2 place de la Mairie,76210,Beuzeville-la-Grenier,https://lannuaire.service-public.gouv.fr/normandie/seine-maritime/bedc40de-eecf-4ada-83b9-5f6193df2030
Beuzeville-la-Guérard,Mairie - Beuzeville-la-Guérard,mairie.beuzeville-la-guerard@cote-albatre.com,352 route de l'Église,76450,Beuzeville-la-Guérard,https://lannuaire.service-public.gouv.fr/normandie/seine-maritime/be44cc07-e6a2-4c91-b6f5-082d13e18670
Beuzevillette,Mairie - Beuzevillette,mairie.beuzevillette@wanadoo.fr,Place de la Mairie,76210,Beuzevillette,https://lannuaire.service-public.gouv.fr/normandie/seine-maritime/88693f28-27c8-42cf-bb26-5e9df0844139
Bierville,Mairie - Bierville,mairie@bierville.fr,152 rue des Fossés-Tremblés,76750,Bierville,https://lannuaire.service-public.gouv.fr/normandie/seine-maritime/3bc38f5a-1504-4b80-af8e-603646b95f1d
Bihorel,Mairie - Bihorel,dgs@ville-bihorel.fr,48 rue d'Étancourt,76420,Bihorel,https://lannuaire.service-public.gouv.fr/normandie/seine-maritime/05aac4ee-d112-4d37-ad4f-ed98a20465d2
Biville-la-Baignarde,Mairie - Biville-la-Baignarde,mairie.bivillebgde@wanadoo.fr,455 route de la Mer,76890,Biville-la-Baignarde,https://lannuaire.service-public.gouv.fr/normandie/seine-maritime/aeb95f82-de7c-4b04-b4d7-4a71fab74e69
Biville-la-Rivière,Mairie - Biville-la-Rivière,mairie.bivillelariviere@hotmail.fr,Rue de l'Ancienne-Distillerie,76730,Biville-la-Rivière,https://lannuaire.service-public.gouv.fr/normandie/seine-maritime/9112964b-85f5-4968-be59-b978e99dbe09
Blacqueville,Mairie - Blacqueville,mairie@blacqueville.fr,55 route du Neufbosc,76190,Blacqueville,https://lannuaire.service-public.gouv.fr/normandie/seine-maritime/276524c0-86b9-429b-b7c5-b7a06c44f076
Blainville-Crevon,Mairie - Blainville-Crevon,mairie-sg.blainville-crevon@wanadoo.fr,Place de la Mairie,76116,Blainville-Crevon,https://lannuaire.service-public.gouv.fr/normandie/seine-maritime/85ed01a9-2d78-4410-8f4d-996f73a00075
Blangy-sur-Bresle,Mairie - Blangy-sur-Bresle,contact@blangysurbresle.fr,1 place Georges-Durand,76340,Blangy-sur-Bresle,https://lannuaire.service-public.gouv.fr/normandie/seine-maritime/4ee53805-6ee7-432d-a60d-fab119477b75
Blosseville,Mairie - Blosseville,blosseville.mairie@wanadoo.fr,1 place de l'Église,76460,Blosseville,https://lannuaire.service-public.gouv.fr/normandie/seine-maritime/be9cd76d-04b3-4ee2-a2d1-c831f5d57cf9
Bois-Guilbert,Mairie - Bois-Guilbert,mairie-bois-guilbert@orange.fr,388 route d'Argueuil,76750,Bois-Guilbert,https://lannuaire.service-public.gouv.fr/normandie/seine-maritime/ce20f2e7-4b87-4add-aafa-3a29a3dc2933
Bois-Guillaume,Mairie - Bois-Guillaume,contact@ville-bois-guillaume.fr,31 place de la Libération,76230,Bois-Guillaume,https://lannuaire.service-public.gouv.fr/normandie/seine-maritime/e01b4b77-4725-4fbc-8313-7783d17cdf5a
Bois-Himont,Mairie - Bois-Himont,mairie.sg.boishimont@wanadoo.fr,94 rue de la Pierre-Noire,76190,Bois-Himont,https://lannuaire.service-public.gouv.fr/normandie/seine-maritime/0b554e5a-a7cb-4446-a6ed-483be3057240
Bois-Héroult,Mairie - Bois-Héroult,mairie.boisheroult@wanadoo.fr,255 rue du Château,76750,Bois-Héroult,https://lannuaire.service-public.gouv.fr/normandie/seine-maritime/5aa0a7d9-6322-41f6-8f9f-cc9ee4c4c3a5
Bois-d'Ennebourg,Mairie - Bois-d'Ennebourg,mairie@boisdennebourg.fr,290 rue de l'Église,76160,Bois-d'Ennebourg,https://lannuaire.service-public.gouv.fr/normandie/seine-maritime/5c0b7e4c-eadb-4b69-9542-02bb25758801
Bois-l'Évêque,Mairie - Bois-l'Évêque,mairie.bois-leveque@wanadoo.fr,Rue Principale,76160,Bois-l'Évêque,https://lannuaire.service-public.gouv.fr/normandie/seine-maritime/d0aedeb2-2b68-40c2-9d1f-2be9b00b447e
Boissay,Mairie - Boissay,mairie.boissay@orange.fr,102 rue du Colombier,76750,Boissay,https://lannuaire.service-public.gouv.fr/normandie/seine-maritime/de9381e7-4875-4083-a7a3-f209a9419a76
Bolbec,Mairie - Bolbec,communication@bolbec.fr,9 square du Général-Leclerc,76210,Bolbec,https://lannuaire.service-public.gouv.fr/normandie/seine-maritime/7eb4da19-76c4-4105-8f5e-bbf2db23f969
Bolleville,Mairie - Bolleville,mairiedebolleville@wanadoo.fr,Rue des Écoles,76210,Bolleville,https://lannuaire.service-public.gouv.fr/normandie/seine-maritime/053b265f-7672-4de1-8da7-88cae2f4218a
Bonsecours,Mairie - Bonsecours,,56 route de Paris,76240,Bonsecours,https://lannuaire.service-public.gouv.fr/normandie/seine-maritime/2403ced2-a4b3-4001-95fc-39792629b400
Boos,Mairie - Boos,contact@mairie-boos.com,Rue de Paris,76520,Boos,https://lannuaire.service-public.gouv.fr/normandie/seine-maritime/8cbecb62-beec-4892-b7f0-6b8212b239ab
Bordeaux-Saint-Clair,Mairie - Bordeaux-Saint-Clair,mairie.bordeauxstclair@wanadoo.fr,2 place Le Bourg,76790,Bordeaux-Saint-Clair,https://lannuaire.service-public.gouv.fr/normandie/seine-maritime/02db19ed-0bc6-4f72-b81c-17084285b376
Bornambusc,Mairie - Bornambusc,mairie.bornambusc@wanadoo.fr,941 route de Goderville,76110,Bornambusc,https://lannuaire.service-public.gouv.fr/normandie/seine-maritime/8c64e1e9-e07d-4934-8a58-a4d235cb4b81
Bosc-Bordel,Mairie - Bosc-Bordel,mairie.bosc-bordel@orange.fr,1 place des Bordes,76750,Bosc-Bordel,https://lannuaire.service-public.gouv.fr/normandie/seine-maritime/82977bb7-b689-4bd6-88b6-378d1ebe1533
Bosc-Bérenger,Mairie - Bosc-Bérenger,mairie.boscberenger@wanadoo.fr,416 rue de Caux,76680,Bosc-Bérenger,https://lannuaire.service-public.gouv.fr/normandie/seine-maritime/01114c0b-3a96-4a9b-ac6d-5a39f6b60586
Bosc-Guérard-Saint-Adrien,Mairie - Bosc-Guérard-Saint-Adrien,mairieboscguerard@orange.fr,1 route de Tendos,76710,Bosc-Guérard-Saint-Adrien,https://lannuaire.service-public.gouv.fr/normandie/seine-maritime/fe7c87dd-1567-4be6-b835-0b46d865dca9
Bosc-Hyons,Mairie - Bosc-Hyons,mairie-bosc-hyons@orange.fr,69 route Principale,76220,Bosc-Hyons,https://lannuaire.service-public.gouv.fr/normandie/seine-maritime/58fea9b3-fa06-4d3e-b2fb-9505cce46a59
Bosc-Mesnil,Mairie - Bosc-Mesnil,boscmesnil@wanadoo.fr,616 route du Centre,76680,Bosc-Mesnil,https://lannuaire.service-public.gouv.fr/normandie/seine-maritime/9a76401e-cffd-4ef9-a092-09cb4a873f0e
Bosc-le-Hard,Mairie - Bosc-le-Hard,secretariat@mairie-bosc-le-hard.fr,217 place du Marché,76850,Bosc-le-Hard,https://lannuaire.service-public.gouv.fr/normandie/seine-maritime/fbef50bb-0849-4d1c-8736-024173c2a572
Bosc-Édeline,Mairie - Bosc-Édeline,secretariat@mairiedeboscedeline.fr,Le Bourg,76750,Bosc-Édeline,https://lannuaire.service-public.gouv.fr/normandie/seine-maritime/548df6c1-402a-4fd6-be28-cbec3635de95
Bosville,Mairie - Bosville,mairie.bosville@wanadoo.fr,3 place Georges-Durécu,76450,Bosville,https://lannuaire.service-public.gouv.fr/normandie/seine-maritime/0ef31e00-ecb9-4ec1-8653-884e0e08fa24
Boudeville,Mairie - Boudeville,mairie@boudeville76.fr,27 rue de la Mairie,76560,Boudeville,https://lannuaire.service-public.gouv.fr/normandie/seine-maritime/7eac4ab2-d179-44e8-8ed9-00a78c7342a0
Bouelles,Mairie - Bouelles,mairie-sg.bouelles@wanadoo.fr,934 route du Bourg,76270,Bouelles,https://lannuaire.service-public.gouv.fr/normandie/seine-maritime/721b2459-2801-4962-99c9-4d19d788b8a6
Bourdainville,Mairie - Bourdainville,commune.bourdainville@wanadoo.fr,Place de la Mairie Rue de la Vallée,76760,Bourdainville,https://lannuaire.service-public.gouv.fr/normandie/seine-maritime/f98e22e6-627e-4d0b-ac64-8bbb01ee2b13
Bourville,Mairie - Bourville,mairie-sg-bourville@wanadoo.fr,Rue du Bourg,76740,Bourville,https://lannuaire.service-public.gouv.fr/normandie/seine-maritime/a5b30cde-b500-419e-9038-ca34cd527c4f
Bouville,Mairie - Bouville,courrier@bouville.fr,65 rue du Château,76360,Bouville,https://lannuaire.service-public.gouv.fr/normandie/seine-maritime/d3267143-c846-4f98-a25a-7523dbfb6e8b
Brachy,Mairie - Brachy,mairiebrachy@wanadoo.fr,6 place Jacques-Clatot,76730,Brachy,https://lannuaire.service-public.gouv.fr/normandie/seine-maritime/3afdea68-981f-4303-8f46-3a924527b5ce
Bracquetuit,Mairie - Bracquetuit,mairie@bracquetuit.net,96 rue du Puits,76850,Bracquetuit,https://lannuaire.service-public.gouv.fr/normandie/seine-maritime/747b096e-8313-4899-87d9-cfc24bc7e876
Bradiancourt,Mairie - Bradiancourt,mairie.bradiancourt@wanadoo.fr,1 place Louis-Rousselin,76680,Bradiancourt,https://lannuaire.service-public.gouv.fr/normandie/seine-maritime/978fce84-94d0-498f-a3b8-518026d13bb4
Brametot,Mairie - Brametot,mairiebrametot@wanadoo.fr,6 bis rue de l'Église,76740,Brametot,https://lannuaire.service-public.gouv.fr/normandie/seine-maritime/118da9b0-a01e-48aa-81b9-40f6563c04d8
Bretteville-Saint-Laurent,Mairie - Bretteville-Saint-Laurent,mairiebrettevillestlaurent@wanadoo.fr,20 route de l'Église,76560,Bretteville-Saint-Laurent,https://lannuaire.service-public.gouv.fr/normandie/seine-maritime/e22058a6-a0b3-4b3f-b193-fb1a180c6a52
Bretteville-du-Grand-Caux,Mairie - Bretteville-du-Grand-Caux,mairie.bretteville@wanadoo.fr,38 route du Pont,76110,Bretteville-du-Grand-Caux,https://lannuaire.service-public.gouv.fr/normandie/seine-maritime/83ff955f-506a-48cf-90fb-cecbeb68d35b
Bréauté,Mairie - Bréauté,mairie@breaute.net,15 place André et Jean Suchetet,76110,Bréauté,https://lannuaire.service-public.gouv.fr/normandie/seine-maritime/adb68612-55a0-43f7-954b-82b7109afbd2
Brémontier-Merval,Mairie - Brémontier-Merval,mairie@bremontier-merval.fr,82 route du Bos-Mallard,76220,Brémontier-Merval,https://lannuaire.service-public.gouv.fr/normandie/seine-maritime/9ef526a4-a47e-4dac-bb59-b99bac44167e
Buchy,Mairie - Buchy,courrier@buchy.fr,Place du Général-de-Gaulle,76750,Buchy,https://lannuaire.service-public.gouv.fr/normandie/seine-maritime/ff37414d-fefc-4d6e-80e7-8747e7d92303
Bully,Mairie - Bully,mairie-bully2@wanadoo.fr,1 place de la Mairie,76270,Bully,https://lannuaire.service-public.gouv.fr/normandie/seine-maritime/c132df03-1dfb-41aa-a028-202603c104fd
Bures-en-Bray,Mairie - Bures-en-Bray,mairie.buresenbray@orange.fr,4 rue du Foyer,76660,Bures-en-Bray,https://lannuaire.service-public.gouv.fr/normandie/seine-maritime/28a8246c-28e9-48f8-acc1-7dc0a4c2df52
Butot,Mairie - Butot,mairiedebutot@wanadoo.fr,2 rue Saint-Wulfran,76890,Butot,https://lannuaire.service-public.gouv.fr/normandie/seine-maritime/937026f2-4ad7-4a10-8280-de6a8fda482f
Butot-Vénesville,Mairie - Butot-Vénesville,mairiebutotvenesville@orange.fr,Place Robert-Gabel,76450,Butot-Vénesville,https://lannuaire.service-public.gouv.fr/normandie/seine-maritime/6bd78726-c5fd-46f3-a474-a3366409e9ca
Bénarville,Mairie - Bénarville,,1 le Bourg,76110,Bénarville,https://lannuaire.service-public.gouv.fr/normandie/seine-maritime/63dfb9e1-c695-46a6-9ada-bac73cba2439
Bénesville,Mairie - Bénesville,mairie@benesville.fr,4 rue de l'Église,76560,Bénesville,https://lannuaire.service-public.gouv.fr/normandie/seine-maritime/deea333e-07e8-41fb-b8a6-c9dea4f2ba69
Bénouville,Mairie - Bénouville,mairie.benouville76@wanadoo.fr,2 rue de l'Aiguille-de-Belval,76790,Bénouville,https://lannuaire.service-public.gouv.fr/normandie/seine-maritime/c8269477-7328-4a56-9ebd-5421bbbab79f
Bézancourt,Mairie - Bézancourt,mairie@bezancourt.fr,9 rue de l'Église,76220,Bézancourt,https://lannuaire.service-public.gouv.fr/normandie/seine-maritime/800e814a-2e5f-43e5-94ee-70cc556cf3e2
Cailleville,Mairie - Cailleville,mairie.cailleville@hotmail.fr,255 rue de l'Église,76460,Cailleville,https://lannuaire.service-public.gouv.fr/normandie/seine-maritime/d454cc50-f046-4f24-bf0f-16d3543f48ac
Cailly,Mairie - Cailly,commune.cailly@wanadoo.fr,Rue de l'Église,76690,Cailly,https://lannuaire.service-public.gouv.fr/normandie/seine-maritime/c0e90579-19be-465d-9dba-121e0a2b316f
Callengeville,Mairie - Callengeville,commune-de-callengeville@orange.fr,Allée de la Mairie,76270,Callengeville,https://lannuaire.service-public.gouv.fr/normandie/seine-maritime/1b4f870b-3efd-4a2e-b4ce-6c9c89c69023
Calleville-les-Deux-Églises,Mairie - Calleville-les-Deux-Églises,mairie-calleville@orange.fr,50 rue de l'École,76890,Calleville-les-Deux-Églises,https://lannuaire.service-public.gouv.fr/normandie/seine-maritime/54c07ca4-8b07-4f05-90b4-29178b9a1f9d
Campneuseville,Mairie - Campneuseville,mairie@campneuseville.fr,Route Neuve,76340,Campneuseville,https://lannuaire.service-public.gouv.fr/normandie/seine-maritime/2115540b-3445-419b-8725-0ce050a876b0
Canehan,Mairie - Canehan,mairie.canehan@wanadoo.fr,Place du Ham,76260,Canehan,https://lannuaire.service-public.gouv.fr/normandie/seine-maritime/9db9715d-7c2d-4a55-9216-226447ca6691
Canouville,Mairie - Canouville,mairie.canouville@wanadoo.fr,5 rue de l'Église,76450,Canouville,https://lannuaire.service-public.gouv.fr/normandie/seine-maritime/f35eccd5-d4df-482f-8581-8cd754bc1175
Canteleu,Mairie - Canteleu,contact@ville-canteleu.fr,13 place Jean-Jaurès,76380,Canteleu,https://lannuaire.service-public.gouv.fr/normandie/seine-maritime/3cff62b4-3add-4758-82ae-565b53bc3454
Canville-les-Deux-Églises,Mairie - Canville-les-Deux-Églises,mairie.canville@wanadoo.fr,3 route de Saint-Laurent-en-Caux,76560,Canville-les-Deux-Églises,https://lannuaire.service-public.gouv.fr/normandie/seine-maritime/4369a803-7872-4661-9e95-26a297a5e1cf
Cany-Barville,Mairie - Cany-Barville,mairie@cany-barville.fr,25 place Robert-Gabel,76450,Cany-Barville,https://lannuaire.service-public.gouv.fr/normandie/seine-maritime/6258a999-8a73-48e6-9fa3-fd29c705487a
Carville-Pot-de-Fer,Mairie - Carville-Pot-de-Fer,mairie.sg.carvillepotdefer@wanadoo.fr,146 rue de la Mairie,76560,Carville-Pot-de-Fer,https://lannuaire.service-public.gouv.fr/normandie/seine-maritime/e5d83455-b07d-4d31-b73a-16123a9d2d32
Carville-la-Folletière,Mairie - Carville-la-Folletière,communedecarvillelafolletiere@orange.fr,153 rue de la Mairie,76190,Carville-la-Folletière,https://lannuaire.service-public.gouv.fr/normandie/seine-maritime/b9376bd5-4e94-4286-85ed-99debdbfe564
Catenay,Mairie - Catenay,mairie.catenay@wanadoo.fr,1 rue Saint-Clair,76116,Catenay,https://lannuaire.service-public.gouv.fr/normandie/seine-maritime/b1c17483-4a15-4db1-9bdd-8db4533a5f71
Caudebec-lès-Elbeuf,Mairie - Caudebec-lès-Elbeuf,mairie@caudebecleselbeuf.fr,Place Jean-Jaurès,76320,Caudebec-lès-Elbeuf,https://lannuaire.service-public.gouv.fr/normandie/seine-maritime/38cd809d-d469-4c9d-8ed6-8f258b923090
Cauville-sur-Mer,Mairie - Cauville-sur-Mer,mairie@cauvillesurmer.fr,7 rue Saint-Nicolas,76930,Cauville-sur-Mer,https://lannuaire.service-public.gouv.fr/normandie/seine-maritime/02ee8ca7-bb9e-40ee-93c9-ea5a1951ab42
Cideville,Mairie - Cideville,mairie@cideville76.fr,3 rue du Centre,76570,Cideville,https://lannuaire.service-public.gouv.fr/normandie/seine-maritime/da5426fd-cfcd-4248-b0b0-89c7388955f3
Clais,Mairie - Clais,commune-de-clais9@orange.fr,19 rue de l'Église,76660,Clais,https://lannuaire.service-public.gouv.fr/normandie/seine-maritime/7e2e4336-b0a6-430c-a438-adad89057204
Clasville,Mairie - Clasville,mairie.clasville@cote-albatre.com,Rue de la Mairie,76450,Clasville,https://lannuaire.service-public.gouv.fr/normandie/seine-maritime/48873fd0-5be7-4ca0-9da9-0b8d24f4b372
Claville-Motteville,Mairie - Claville-Motteville,claville.mairie@wanadoo.fr,128 route de Cailly,76690,Claville-Motteville,https://lannuaire.service-public.gouv.fr/normandie/seine-maritime/7193405a-e2d4-4ad9-884b-e1fcd513715b
Cleuville,Mairie - Cleuville,mairie-cleuville@wanadoo.fr,Rue de l'Église,76450,Cleuville,https://lannuaire.service-public.gouv.fr/normandie/seine-maritime/b932b8eb-5b40-4394-b437-90fc0262d466
Cliponville,Mairie - Cliponville,cliponville@orange.fr,566 route de la Mer,76640,Cliponville,https://lannuaire.service-public.gouv.fr/normandie/seine-maritime/bb525429-8d78-406e-b363-52c4f3d3dd75
Clères,Mairie - Clères,mairie.cleres@gmail.com,7 rue Edmond-Spalikowski,76690,Clères,https://lannuaire.service-public.gouv.fr/normandie/seine-maritime/0819063e-eddb-4a14-8dc9-4f36037b65f8
Cléon,Mairie - Cléon,mairie@ville-cleon.fr,Rue de l'Église,76410,Cléon,https://lannuaire.service-public.gouv.fr/normandie/seine-maritime/699f1990-6d14-48ae-b69f-6843a629774d
Cléville,Mairie - Cléville,mairie.cleville@wanadoo.fr,417 rue de la Mairie,76640,Cléville,https://lannuaire.service-public.gouv.fr/normandie/seine-maritime/02662a87-f3b0-41b1-9948-168b3b1d5790
Colleville,Mairie - Colleville,mairie@colleville.net,41 rue de l'Église,76400,Colleville,https://lannuaire.service-public.gouv.fr/normandie/seine-maritime/9dde1c73-1e85-45a5-a32b-dfc945d50f2d
Colmesnil-Manneville,Mairie - Colmesnil-Manneville,colmesnil-manneville-mairie@wanadoo.fr,"12, rue de Koli",76550,Colmesnil-Manneville,https://lannuaire.service-public.gouv.fr/normandie/seine-maritime/0eb0f3bb-df65-4ce1-8cf6-620f59674222
Compainville,Mairie - Compainville,mairie-sg.compainville@wanadoo.fr,110 rue de Gaillefontaine,76440,Compainville,https://lannuaire.service-public.gouv.fr/normandie/seine-maritime/a7cbff57-b064-4383-8510-466d0ef94c7d
Conteville,Mairie - Conteville,mairie.conteville.76@wanadoo.fr,194 route de Flamets-Fretils,76390,Conteville,https://lannuaire.service-public.gouv.fr/normandie/seine-maritime/9b27d2e7-a0fb-4e1e-871d-ea462b61ca38
Contremoulins,Mairie - Contremoulins,mairie.contremoulins@wanadoo.fr,5 rue Bel-Event,76400,Contremoulins,https://lannuaire.service-public.gouv.fr/normandie/seine-maritime/228d6f64-d881-4323-870c-64fe1627b39d
Cottévrard,Mairie - Cottévrard,mairie@cottevrard.fr,Rue du Prieuré,76850,Cottévrard,https://lannuaire.service-public.gouv.fr/normandie/seine-maritime/f7e7d778-e26d-4c7e-98f0-969bf1f84b04
Crasville-la-Mallet,Mairie - Crasville-la-Mallet,mairie.crasvillelamallet@orange.fr,5 route des Calvaires,76450,Crasville-la-Mallet,https://lannuaire.service-public.gouv.fr/normandie/seine-maritime/8bc63b41-32ce-4ed5-84b8-5510a55eb145
Crasville-la-Rocquefort,Mairie - Crasville-la-Rocquefort,mairie-sg.crasvillelarocquefort@orange.fr,Rue de l'Église,76740,Crasville-la-Rocquefort,https://lannuaire.service-public.gouv.fr/normandie/seine-maritime/77a66dc4-e48e-40cf-af50-73de234ab036
Criel-sur-Mer,Mairie - Criel-sur-Mer,mairie@criel-sur-mer.fr,Place du Général-de-Gaulle,76910,Criel-sur-Mer,https://lannuaire.service-public.gouv.fr/normandie/seine-maritime/ade9a767-cd6b-4971-b99a-5cb29ea4e8a4
Criquebeuf-en-Caux,Mairie - Criquebeuf-en-Caux,mairie.criquebeufencaux@gmail.com,1 place de la Mairie,76111,Criquebeuf-en-Caux,https://lannuaire.service-public.gouv.fr/normandie/seine-maritime/6210719f-82cc-4318-86b1-b6d5c8c40e24
Criquetot-l'Esneval,Mairie - Criquetot-l'Esneval,mairie@criquetotlesneval.fr,2 place Georges-Chédru,76280,Criquetot-l'Esneval,https://lannuaire.service-public.gouv.fr/normandie/seine-maritime/24f7045f-cc9d-43b1-8160-4ac83bcb28d1
Criquetot-le-Mauconduit,Mairie - Criquetot-le-Mauconduit,mairie.criquetot.mdt@wanadoo.fr,2 route de la Distillerie,76540,Criquetot-le-Mauconduit,https://lannuaire.service-public.gouv.fr/normandie/seine-maritime/099223a9-5bd2-489c-aedd-2489b2306f35
Criquetot-sur-Longueville,Mairie - Criquetot-sur-Longueville,mairie@criquetotsl.fr,Chemin des Dames,76590,Criquetot-sur-Longueville,https://lannuaire.service-public.gouv.fr/normandie/seine-maritime/3a10cd55-312d-4de5-8d03-9a37d28c10da
Criquetot-sur-Ouville,Mairie - Criquetot-sur-Ouville,mairie.criquetot.sur.ouville@wanadoo.fr,299 rue de l'Avenir,76760,Criquetot-sur-Ouville,https://lannuaire.service-public.gouv.fr/normandie/seine-maritime/742606a0-1db6-437b-9035-798d7cc70539
Criquiers,Mairie - Criquiers,mairie.criquiers@orange.fr,71 rue Principale,76390,Criquiers,https://lannuaire.service-public.gouv.fr/normandie/seine-maritime/07883f8d-1f9b-4ab8-a00f-576fd7bb4ade
Critot,Mairie - Critot,contact@mairie-critot.fr,634 rue du Crescetot,76680,Critot,https://lannuaire.service-public.gouv.fr/normandie/seine-maritime/86da5e9f-11f6-4dad-81e7-598efde010dc
Croisy-sur-Andelle,Mairie - Croisy-sur-Andelle,mairie@mairiedecroisysurandelle.fr,12 route de la Capelle,76780,Croisy-sur-Andelle,https://lannuaire.service-public.gouv.fr/normandie/seine-maritime/5275e53b-5a90-493c-b784-61909e9be762
Croix-Mare,Mairie - Croix-Mare,mairie@croix-mare.fr,Le Bourg,76190,Croix-Mare,https://lannuaire.service-public.gouv.fr/normandie/seine-maritime/ec378c4a-ac9d-44b8-830b-0e381e3a0e70
Croixdalle,Mairie - Croixdalle,mairie.croixdalle@wanadoo.fr,1 route Saint-Nicolas,76660,Croixdalle,https://lannuaire.service-public.gouv.fr/normandie/seine-maritime/bd8bcf93-6220-474e-bb56-e7c9a72c334e
Cropus,Mairie - Cropus,mairie.cropus@wanadoo.fr,184 route de Notre-Dame-du-Parc,76720,Cropus,https://lannuaire.service-public.gouv.fr/normandie/seine-maritime/b2eac050-5b65-4a23-b65f-b49d25cffefb
Crosville-sur-Scie,Mairie - Crosville-sur-Scie,mairie.crosville@wanadoo.fr,34 route du Cidre,76590,Crosville-sur-Scie,https://lannuaire.service-public.gouv.fr/normandie/seine-maritime/787f73ad-92bb-4ac1-80ab-4cc839421d8a
Cuverville-en-Caux,Mairie - Cuverville-en-Caux,cuvervilleencaux76@gmail.com,45 rue du Château,76280,Cuverville-en-Caux,https://lannuaire.service-public.gouv.fr/normandie/seine-maritime/6c96d2d1-03ee-4d43-8799-b2f0427a3761
Cuverville-sur-Yères,Mairie - Cuverville-sur-Yères,mairie-sg-cuvervillesuryeres@wanadoo.fr,3 place René-Delorière,76260,Cuverville-sur-Yères,https://lannuaire.service-public.gouv.fr/normandie/seine-maritime/3c4379c3-f52b-4573-9573-b6c523341c75
Cuy-Saint-Fiacre,Mairie - Cuy-Saint-Fiacre,cuysaintfiacre@wanadoo.fr,4 rue Roger-Cressent,76220,Cuy-Saint-Fiacre,https://lannuaire.service-public.gouv.fr/normandie/seine-maritime/d741c539-56d3-48ef-9215-42f7fe3b6c0b
Dampierre-Saint-Nicolas,Mairie - Dampierre-Saint-Nicolas,dampsaintnicolas@wanadoo.fr,"325, avenue du Château",76510,Dampierre-Saint-Nicolas,https://lannuaire.service-public.gouv.fr/normandie/seine-maritime/78c28ca9-7ec4-423c-b1bf-79044a376126
Dampierre-en-Bray,Mairie - Dampierre-en-Bray,mairie.dampierre.en.bray@wanadoo.fr,107 chemin des Planques,76220,Dampierre-en-Bray,https://lannuaire.service-public.gouv.fr/normandie/seine-maritime/aa8316d8-cfed-4363-97d2-bfce35bf8184
Dancourt,Mairie - Dancourt,mairie-sg.dancourt@wanadoo.fr,1 place Georges-Houssaye,76340,Dancourt,https://lannuaire.service-public.gouv.fr/normandie/seine-maritime/2f01aa3d-76c4-4585-be41-41f3efe3a8d6
Darnétal,Mairie - Darnétal,accueil@darnetal.fr,Place du Général-de-Gaulle,76162,Darnétal Cedex,https://lannuaire.service-public.gouv.fr/normandie/seine-maritime/61d80d43-291c-43bd-915f-fb07f068667e
Daubeuf-Serville,Mairie - Daubeuf-Serville,mairie.daubeuf.serville@wanadoo.fr,25 rue de la Vallée,76110,Daubeuf-Serville,https://lannuaire.service-public.gouv.fr/normandie/seine-maritime/5cbc3afd-e225-47e2-9313-3710f6526096
Dieppe,Mairie - Dieppe,mairie@mairie-dieppe.fr,Parc Jehan-Ango,76200,Dieppe,https://lannuaire.service-public.gouv.fr/normandie/seine-maritime/f1f6329c-096f-46a5-af10-e713fc03f5ad
Doudeauville,Mairie - Doudeauville,mairiedoudeauville@orange.fr,23 rue Principale,76220,Doudeauville,https://lannuaire.service-public.gouv.fr/normandie/seine-maritime/5dc94c6c-081c-4f91-97a2-02098fd692e1
Doudeville,Mairie - Doudeville,contact@doudeville.fr,1 place du Général-de-Gaulle,76560,Doudeville,https://lannuaire.service-public.gouv.fr/normandie/seine-maritime/2edd1c89-a4d2-44e8-8a4d-ccad840fb310
Douvrend,Mairie - Douvrend,mairie-sg.douvrend@wanadoo.fr,9 place de la Mairie,76630,Douvrend,https://lannuaire.service-public.gouv.fr/normandie/seine-maritime/588a20a8-1798-493e-a59c-615159da5556
Drosay,Mairie - Drosay,mairie@drosay.fr,158 rue Saint-Roch,76460,Drosay,https://lannuaire.service-public.gouv.fr/normandie/seine-maritime/b52583b1-9314-4ef9-9513-f481a98192c2
Duclair,Mairie - Duclair,contact@duclair.fr,Place du Général-de-Gaulle,76480,Duclair,https://lannuaire.service-public.gouv.fr/normandie/seine-maritime/6f55e8ea-c24d-4c9a-872b-80c3b73d6604
Dénestanville,Mairie - Dénestanville,mairie-sg.denestanville@wanadoo.fr,5 route des Cyclamens,76590,Dénestanville,https://lannuaire.service-public.gouv.fr/normandie/seine-maritime/3c12f4c4-055e-430f-8da5-6d9d18510a16
Déville-lès-Rouen,Mairie - Déville-lès-Rouen,dgs@mairie-deville-les-rouen.fr,1 place François-Mitterrand,76250,Déville-lès-Rouen,https://lannuaire.service-public.gouv.fr/normandie/seine-maritime/fc6c89b3-15fc-40f3-bc65-77e9c375bd7e
Ectot-l'Auber,Mairie - Ectot-l'Auber,mairie@ectotlauber.fr,1 place de la Mairie,76760,Ectot-l'Auber,https://lannuaire.service-public.gouv.fr/normandie/seine-maritime/94256188-e6a1-4638-8b46-b2bc73c5cd6f
Ectot-lès-Baons,Mairie - Ectot-lès-Baons,mairie.ectotlesbaons@orange.fr,10 rue de l'École,76970,Ectot-lès-Baons,https://lannuaire.service-public.gouv.fr/normandie/seine-maritime/15e570b7-ed29-4539-a3bc-e390516dce69
Elbeuf,Mairie - Elbeuf,cabinetdumaire@mairie-elbeuf.fr,Place Aristide-Briand,76500,Elbeuf,https://lannuaire.service-public.gouv.fr/normandie/seine-maritime/1696b26d-fc79-4ad7-bcec-67ffce7c4fe1
Elbeuf-en-Bray,Mairie - Elbeuf-en-Bray,mairieelbeufenbray@orange.fr,79 rue de la Liberté,76220,Elbeuf-en-Bray,https://lannuaire.service-public.gouv.fr/normandie/seine-maritime/827578bc-c5d0-4199-a0f5-c16ae651b2f9
Elbeuf-sur-Andelle,Mairie - Elbeuf-sur-Andelle,mairie.elbeuf.andelle@sfr.fr,6 place de l'Église,76780,Elbeuf-sur-Andelle,https://lannuaire.service-public.gouv.fr/normandie/seine-maritime/04529c42-c836-47ab-ac24-0a83454cc172
Ellecourt,Mairie - Ellecourt,mairie-ellecourt@orange.fr,2 rue du Boitel,76390,Ellecourt,https://lannuaire.service-public.gouv.fr/normandie/seine-maritime/a2369df8-3054-4d16-86d3-10ca658d4968
Envermeu,Mairie - Envermeu,mairie@mairie-envermeu.fr,Place Gérard Picard,76630,Envermeu,https://lannuaire.service-public.gouv.fr/normandie/seine-maritime/73a0eb58-a7a5-45bd-9e1a-6cbde103caf0
Envronville,Mairie - Envronville,mairie.envronville@orange.fr,2 rue de la République,76640,Envronville,https://lannuaire.service-public.gouv.fr/normandie/seine-maritime/fdfb3558-e05b-4898-9aa2-18fdac284919
Ermenouville,Mairie - Ermenouville,mairie.ermenou@wanadoo.fr,2 rue de la Croix-de-Réalcan,76740,Ermenouville,https://lannuaire.service-public.gouv.fr/normandie/seine-maritime/333834f2-b98f-482f-b5f1-16dd50f8b1de
Ernemont-la-Villette,Mairie - Ernemont-la-Villette,mairie.sg.ernemont@wanadoo.fr,42 rue de l'Église,76220,Ernemont-la-Villette,https://lannuaire.service-public.gouv.fr/normandie/seine-maritime/cb852b7a-b974-4558-b89e-6d1c10517d6a
Ernemont-sur-Buchy,Mairie - Ernemont-sur-Buchy,mairieernemont.surbuchy@orange.fr,527 rue de la Mairie,76750,Ernemont-sur-Buchy,https://lannuaire.service-public.gouv.fr/normandie/seine-maritime/49600574-c7c8-4d45-940b-536fcfab47cc
Esclavelles,Mairie - Esclavelles,mairie.esclavelles@wanadoo.fr,Rue du Centre,76270,Esclavelles,https://lannuaire.service-public.gouv.fr/normandie/seine-maritime/b4ed3ecc-f31c-4e40-927c-804c82b72c0e
Eslettes,Mairie - Eslettes,secretariat@eslettes.fr,12 rue des Lilas,76710,Eslettes,https://lannuaire.service-public.gouv.fr/normandie/seine-maritime/197902b4-89d7-4c8c-bbfa-333137204821
Esteville,Mairie - Esteville,mairie.esteville@gmail.com,110 rue de la Mairie,76690,Esteville,https://lannuaire.service-public.gouv.fr/normandie/seine-maritime/16501aa9-9bd6-4497-b672-59f388ca5209
Eu,Mairie - Eu,news@ville-eu.fr,Rue Jean-Duhornay,76260,Eu,https://lannuaire.service-public.gouv.fr/normandie/seine-maritime/599b8732-2dfe-4556-8e3c-1f06f85da11f
Fallencourt,Mairie - Fallencourt,,Rue de la Mairie,76340,Fallencourt,https://lannuaire.service-public.gouv.fr/normandie/seine-maritime/54051155-4d41-485d-8c01-47372734ceae
Ferrières-en-Bray,Mairie - Ferrières-en-Bray,mairie@ferrieres-en-bray.fr,1 rue Charles-Gervais,76220,Ferrières-en-Bray,https://lannuaire.service-public.gouv.fr/normandie/seine-maritime/57f3e703-1cb4-4524-ab01-3563d5afd1f3
Fesques,Mairie - Fesques,mairie.fesques@orange.fr,8 route de la Fontaine,76270,Fesques,https://lannuaire.service-public.gouv.fr/normandie/seine-maritime/09f37f1e-b3d9-4b65-b477-f85d3cd57f36
Flamanville,Mairie - Flamanville,mairie.flamanville@wanadoo.fr,2 place Louis-Couroyer,76970,Flamanville,https://lannuaire.service-public.gouv.fr/normandie/seine-maritime/ad171d41-0e77-4c56-aa7e-36b05ff8e155
Flamets-Frétils,Mairie - Flamets-Frétils,commune-flamets-fretils@orange.fr,9 rue de la Forge,76270,Flamets-Frétils,https://lannuaire.service-public.gouv.fr/normandie/seine-maritime/604d1759-4ec8-4847-97dd-a18469880be5
Flocques,Mairie - Flocques,mairie@flocques.fr,2 rue des Écoles,76260,Flocques,https://lannuaire.service-public.gouv.fr/normandie/seine-maritime/e480ca9d-22ce-49d6-a6f0-48385061e400
Fongueusemare,Mairie - Fongueusemare,mairie-fongueusemare@wanadoo.fr,2 route de la Petite-Renelle,76280,Fongueusemare,https://lannuaire.service-public.gouv.fr/normandie/seine-maritime/f07fb96b-5823-4839-8dc3-e39932a480ec
Fontaine-en-Bray,Mairie - Fontaine-en-Bray,mairie-sg.fontaine-en-bray@wanadoo.fr,224 rue du Bourg,76440,Fontaine-en-Bray,https://lannuaire.service-public.gouv.fr/normandie/seine-maritime/819b4c44-2492-4d63-be70-22d0ae80ccd5
Fontaine-la-Mallet,Mairie - Fontaine-la-Mallet,mairie@fontainelamallet.fr,22 avenue Jean-Jaurès,76290,Fontaine-la-Mallet,https://lannuaire.service-public.gouv.fr/normandie/seine-maritime/8698c882-a1d6-45e8-b968-21d2f3f35686
Fontaine-le-Bourg,Mairie - Fontaine-le-Bourg,sg@fontainelebourg.fr,571 rue Édouard-Delamare-Deboutteville,76690,Fontaine-le-Bourg,https://lannuaire.service-public.gouv.fr/normandie/seine-maritime/4ae5f606-0c91-413e-9b90-757870396a8d
Fontaine-le-Dun,Mairie - Fontaine-le-Dun,mairie@fontaine-le-dun.fr,Place Docteur-Courbe,76740,Fontaine-le-Dun,https://lannuaire.service-public.gouv.fr/normandie/seine-maritime/baaca059-b110-4400-b1c2-a8615c3a62b5
Fontaine-sous-Préaux,Mairie - Fontaine-sous-Préaux,mairie@fontaine-sous-preaux.fr,Place de la République,76160,Fontaine-sous-Préaux,https://lannuaire.service-public.gouv.fr/normandie/seine-maritime/b5afadaa-938c-4388-9298-a6197a93b066
Fontenay,Mairie - Fontenay,mairie@fontenay-76.net,40 rue Saint-Michel,76290,Fontenay,https://lannuaire.service-public.gouv.fr/normandie/seine-maritime/3433dfcc-75ba-4afc-addd-2a3ae3bcf41b
Forges-les-Eaux,Mairie - Forges-les-Eaux,accueil@forgesleseaux.fr,37 place Brevière,76440,Forges-les-Eaux,https://lannuaire.service-public.gouv.fr/normandie/seine-maritime/8c3a064f-bf7e-44d9-8a01-ce43f891b83c
Foucarmont,Mairie - Foucarmont,communede-foucarmont@wanadoo.fr,20 place des Cateliers,76340,Foucarmont,https://lannuaire.service-public.gouv.fr/normandie/seine-maritime/4b50aff5-ecf0-4b91-bd43-debf1077f906
Foucart,Mairie - Foucart,mairie-de-foucart@wanadoo.fr,2089 voie Romaine,76640,Foucart,https://lannuaire.service-public.gouv.fr/normandie/seine-maritime/0e083a7e-b291-4d9c-bc19-8162b3fd6551
Franqueville-Saint-Pierre,Mairie - Franqueville-Saint-Pierre,mairie@franquevillesaintpierre.com,Place des Forrières,76520,Franqueville-Saint-Pierre,https://lannuaire.service-public.gouv.fr/normandie/seine-maritime/2b1706c6-51d9-4c44-b057-852d05dfcf47
Freneuse,Mairie - Freneuse,freneuse.mairie@wanadoo.fr,Place de la Mairie,76410,Freneuse,https://lannuaire.service-public.gouv.fr/normandie/seine-maritime/a575c171-b9fc-4789-b8f8-daf0c7ed9cc3
Fresles,Mairie - Fresles,mairie-sg.fresles@wanadoo.fr,1 route de Bully,76270,Fresles,https://lannuaire.service-public.gouv.fr/normandie/seine-maritime/928e77ce-c669-4ed4-9358-4fc1489fed3f
Fresnay-le-Long,Mairie - Fresnay-le-Long,mairie.fll@wanadoo.fr,2 rue des Hêtres,76850,Fresnay-le-Long,https://lannuaire.service-public.gouv.fr/normandie/seine-maritime/23366b43-3be4-45da-a727-f6f227ebce01
Fresne-le-Plan,Mairie - Fresne-le-Plan,mairie-sg.fresneleplan@wanadoo.fr,34 chemin des Pâtis,76520,Fresne-le-Plan,https://lannuaire.service-public.gouv.fr/normandie/seine-maritime/b0916e80-b0a4-4023-bc61-3ed74ef424e3
Fresnoy-Folny,Mairie - Fresnoy-Folny,mairie-sg.fresnoy-folny@wanadoo.fr,6 rue de la Mairie,76660,Fresnoy-Folny,https://lannuaire.service-public.gouv.fr/normandie/seine-maritime/8fddacdc-1a36-4fb9-b9cb-59e7a05dfbf3
Fresquiennes,Mairie - Fresquiennes,contact@fresquiennes.fr,41 rue du Centre,76570,Fresquiennes,https://lannuaire.service-public.gouv.fr/normandie/seine-maritime/2059e971-0ebd-448f-989c-9dbcb39fb712
Freulleville,Mairie - Freulleville,mairie.freulleville@outlook.fr,681 rue du Colombier,76510,Freulleville,https://lannuaire.service-public.gouv.fr/normandie/seine-maritime/fbce838f-864f-434b-baad-7c2417ccf432
Frichemesnil,Mairie - Frichemesnil,mairiefrichemesnil@orange.fr,1 place de la Mairie,76690,Frichemesnil,https://lannuaire.service-public.gouv.fr/normandie/seine-maritime/8c20954e-efe3-4945-80b1-bbcc2dff66ee
Froberville,Mairie - Froberville,mairiedefroberville@wanadoo.fr,690 rue d'Étretat,76400,Froberville,https://lannuaire.service-public.gouv.fr/normandie/seine-maritime/d9fc7eb3-2604-4906-926d-77264a8e84ea
Fry,Mairie - Fry,mairiedefry@wanadoo.fr,2 rue Pascal-Romé,76780,Fry,https://lannuaire.service-public.gouv.fr/normandie/seine-maritime/38993c73-1650-4650-a4f5-20b447b2b121
Fréauville,Mairie - Fréauville,mairie-sg.freauville@wanadoo.fr,10 route de Neufchâtel,76660,Fréauville,https://lannuaire.service-public.gouv.fr/normandie/seine-maritime/44c26c91-228a-4ee8-acde-ac41b273f018
Fultot,Mairie - Fultot,commune-de-fultot@wanadoo.fr,7 rue du Fresnay,76560,Fultot,https://lannuaire.service-public.gouv.fr/normandie/seine-maritime/c2f5d2bc-d679-4aa0-9145-793d9017ea51
Fécamp,Mairie - Fécamp,directiongenerale@ville-fecamp.fr,1 place du Général-Leclerc,76404,Fécamp Cedex,https://lannuaire.service-public.gouv.fr/normandie/seine-maritime/9e9e4798-49bb-4f75-8095-256a06cc14fd
Gaillefontaine,Mairie - Gaillefontaine,mairie.gaillefontaine@wanadoo.fr,Place de la Mairie,76870,Gaillefontaine,https://lannuaire.service-public.gouv.fr/normandie/seine-maritime/a47deb6e-6baa-47cb-abd6-24433e489679
Gainneville,Mairie - Gainneville,accueil@gainneville.fr,Place du 8-Mai-1945,76700,Gainneville,https://lannuaire.service-public.gouv.fr/normandie/seine-maritime/09ae54f2-30f3-4392-abbf-aae5961404af
Gancourt-Saint-Étienne,Mairie - Gancourt-Saint-Étienne,mairie.gancourt@wanadoo.fr,1 rue Principale,76220,Gancourt-Saint-Étienne,https://lannuaire.service-public.gouv.fr/normandie/seine-maritime/d1f873cd-b718-449d-bb61-973cf96a6e54
Ganzeville,Mairie - Ganzeville,mairie.ganzeville298@orange.fr,2 rue Fernand-Féron,76400,Ganzeville,https://lannuaire.service-public.gouv.fr/normandie/seine-maritime/be60b9da-61c3-4cba-99c3-f8340268e7e5
Gerponville,Mairie - Gerponville,mairie.gerponville@wanadoo.fr,1 rue de la Mairie,76540,Gerponville,https://lannuaire.service-public.gouv.fr/normandie/seine-maritime/c6a95e36-da4e-4f33-990d-95196abaf0d9
Gerville,Mairie - Gerville,contact@mairiedegerville.fr,3 rue de la Liberté,76790,Gerville,https://lannuaire.service-public.gouv.fr/normandie/seine-maritime/73f63262-085b-4085-86ee-5d759b04d5c7
Goderville,Mairie - Goderville,accueil@goderville.com,2 place Célestin-Bellet,76110,Goderville,https://lannuaire.service-public.gouv.fr/normandie/seine-maritime/fc46be1a-e987-4f3b-a937-8838b8993513
Gommerville,Mairie - Gommerville,mairiegommerville2@wanadoo.fr,85 rue Hocquart-de-Turtot,76430,Gommerville,https://lannuaire.service-public.gouv.fr/normandie/seine-maritime/6f7f5503-4832-4c52-9691-b380424ff6fc
Gonfreville-Caillot,Mairie - Gonfreville-Caillot,mairie.gonfrevillecaillot@orange.fr,66 route de Goderville,76110,Gonfreville-Caillot,https://lannuaire.service-public.gouv.fr/normandie/seine-maritime/b64ea608-6c88-434f-b7fb-2715028c0845
Gonfreville-l'Orcher,Mairie - Gonfreville-l'Orcher,contact@gonfreville-l-orcher.fr,Place Jean-Jaurès,76700,Gonfreville-l'Orcher,https://lannuaire.service-public.gouv.fr/normandie/seine-maritime/9b5ab543-b779-424b-857a-3e4d719a22e8
Gonnetot,Mairie - Gonnetot,commune-de-gonnetot@orange.fr,Grande rue,76730,Gonnetot,https://lannuaire.service-public.gouv.fr/normandie/seine-maritime/eb114c15-15ad-4c2d-a753-00143551a616
Gonneville-la-Mallet,Mairie - Gonneville-la-Mallet,commune-gonneville-la-mallet@wanadoo.fr,1 rue de la République,76280,Gonneville-la-Mallet,https://lannuaire.service-public.gouv.fr/normandie/seine-maritime/9091a11c-b9e7-49d5-84e4-992ac0b62e17
Gonneville-sur-Scie,Mairie - Gonneville-sur-Scie,gonnevillesurscie@orange.fr,100 rue de la Mairie,76590,Gonneville-sur-Scie,https://lannuaire.service-public.gouv.fr/normandie/seine-maritime/d6fad103-43dc-4d57-9644-3ce8c80ea200
Gonzeville,Mairie - Gonzeville,mairie-gonzeville@wanadoo.fr,576 rue du Calvaire,76560,Gonzeville,https://lannuaire.service-public.gouv.fr/normandie/seine-maritime/8bdc3288-7b72-4521-8523-0d9abff1ff89
Goupillières,Mairie - Goupillières,mairie-sg.goupillieres@wanadoo.fr,140 route de Cléres,76570,Goupillières,https://lannuaire.service-public.gouv.fr/normandie/seine-maritime/76d3ff4b-2bdc-4508-85c4-df290994d24c
Gournay-en-Bray,Mairie - Gournay-en-Bray,accueil@gournay-en-bray.fr,7 rue Legrand-Baudu,76220,Gournay-en-Bray,https://lannuaire.service-public.gouv.fr/normandie/seine-maritime/5d887dfa-4f1f-43f4-982e-b4f325ef8c82
Gouy,Mairie - Gouy,secretariat@gouy.fr,600 rue des Canadiens,76520,Gouy,https://lannuaire.service-public.gouv.fr/normandie/seine-maritime/1e88aedb-c4e9-4af2-8862-9859141df34a
Graimbouville,Mairie - Graimbouville,secretariat@graimbouville.fr,90 route d'Etainhus,76430,Graimbouville,https://lannuaire.service-public.gouv.fr/normandie/seine-maritime/c841bbea-19f6-46b8-bc9c-698096cef409
Grainville-Ymauville,Mairie - Grainville-Ymauville,mairie.grainville.ymauville@wanadoo.fr,1 place de la Mairie,76110,Grainville-Ymauville,https://lannuaire.service-public.gouv.fr/normandie/seine-maritime/252501e1-a2f5-4b8c-96a1-4fe6a58ccf02
Grainville-la-Teinturière,Mairie - Grainville-la-Teinturière,grainville.mairie@wanadoo.fr,18 rue de l'Église,76450,Grainville-la-Teinturière,https://lannuaire.service-public.gouv.fr/normandie/seine-maritime/5fd1fe4a-8278-45b4-840e-3b86b2d0f69c
Grainville-sur-Ry,Mairie - Grainville-sur-Ry,commune-de-grainville-sur-ry@orange.fr,275 rue du Bois-Aubry,76116,Grainville-sur-Ry,https://lannuaire.service-public.gouv.fr/normandie/seine-maritime/b9a84d9e-8658-402b-b04f-5603b887debe
Grand-Camp,Mairie - Grand-Camp,mairie@grandcamp76.fr,1 rue des Écoles,76170,Grand-Camp,https://lannuaire.service-public.gouv.fr/normandie/seine-maritime/5426d5af-bb6b-403e-91fa-e39fa629f36f
Grand-Couronne,Mairie - Grand-Couronne,service.communication@ville-grandcouronne.fr,Place Jean-Salen,76530,Grand-Couronne,https://lannuaire.service-public.gouv.fr/normandie/seine-maritime/1d3fe561-766a-4857-bc58-9d405d51a388
Grandcourt,Mairie - Grandcourt,grandcourt.mairie@wanadoo.fr,27 place du Maréchal-Leclerc,76660,Grandcourt,https://lannuaire.service-public.gouv.fr/normandie/seine-maritime/74e96540-9501-4005-9206-86c95768a448
Graval,Mairie - Graval,mairie-graval@wanadoo.fr,1 place André-Thuillier,76270,Graval,https://lannuaire.service-public.gouv.fr/normandie/seine-maritime/ac895567-e2f1-4638-b152-28a44ac545bb
Greuville,Mairie - Greuville,mairie-sg.greuville@wanadoo.fr,1 place des Sorciers,76810,Greuville,https://lannuaire.service-public.gouv.fr/normandie/seine-maritime/d3e6b772-6c32-41c2-a825-ac120257799c
Grigneuseville,Mairie - Grigneuseville,mairie.grigneuseville@wanadoo.fr,Rue de l'Église,76850,Grigneuseville,https://lannuaire.service-public.gouv.fr/normandie/seine-maritime/f48c9f1f-f185-4acc-9d00-a7713cc2939e
Gruchet-Saint-Siméon,Mairie - Gruchet-Saint-Siméon,contact@gruchetstsimeon.fr,1032 rue Abbé-Martin,76810,Gruchet-Saint-Siméon,https://lannuaire.service-public.gouv.fr/normandie/seine-maritime/990cea99-87e3-49a4-b6a7-842d815ca97b
Gruchet-le-Valasse,Mairie - Gruchet-le-Valasse,mairie@gruchet.fr,Rue du Docteur-Gernez,76210,Gruchet-le-Valasse,https://lannuaire.service-public.gouv.fr/normandie/seine-maritime/7fe54828-fcbf-4d10-adad-140cea24d21a
Grugny,Mairie - Grugny,mairie-de-grugny@wanadoo.fr,40 rue de la République,76690,Grugny,https://lannuaire.service-public.gouv.fr/normandie/seine-maritime/9c6b7801-6ab4-401c-9137-1ff61467c4dd
Grumesnil,Mairie - Grumesnil,mairie.grumesnil@wanadoo.fr,8 rue de la Libération,76440,Grumesnil,https://lannuaire.service-public.gouv.fr/normandie/seine-maritime/e2932848-ee85-4ece-986f-d61fb47e1220
Grèges,Mairie - Grèges,mairie-sg.greges@wanadoo.fr,Grande rue,76370,Grèges,https://lannuaire.service-public.gouv.fr/normandie/seine-maritime/dbdb89d5-73a6-4a04-a738-7b58fd8cf3fb
Grémonville,Mairie - Grémonville,mairie-sg.gremonville@wanadoo.fr,165 route de Rouen,76970,Grémonville,https://lannuaire.service-public.gouv.fr/normandie/seine-maritime/7133e0f5-0cf9-433c-93ec-f75d1e6b4944
Guerville,Mairie - Guerville,mairie.de.guerville.76@wanadoo.fr,5 rue des Alliés,76340,Guerville,https://lannuaire.service-public.gouv.fr/normandie/seine-maritime/10b0905b-d6fd-492f-9a40-bdae2807f3cf
Gueures,Mairie - Gueures,mairie-de-gueures@wanadoo.fr,56 rue de la Vallée,76730,Gueures,https://lannuaire.service-public.gouv.fr/normandie/seine-maritime/a79d9a4e-d36a-45ad-87aa-a2d495404578
Gueutteville,Mairie - Gueutteville,mairiegueutteville@wanadoo.fr,Place des Deux-Ifs,76890,Gueutteville,https://lannuaire.service-public.gouv.fr/normandie/seine-maritime/23dbd4c0-0f40-4ac6-bcce-0b77a4cb6777
Gueutteville-les-Grès,Mairie - Gueutteville-les-Grès,mairie.gueutteville-les-gres@wanadoo.fr,295 rue de la Fonderie,76460,Gueutteville-les-Grès,https://lannuaire.service-public.gouv.fr/normandie/seine-maritime/eaa7f21d-4613-457c-80db-e9b79bda7051
Harcanville,Mairie - Harcanville,mairieharcanville@wanadoo.fr,1 rue de l'Église,76560,Harcanville,https://lannuaire.service-public.gouv.fr/normandie/seine-maritime/41716aeb-5d8e-4e1b-a489-eb53ef2975b1
Harfleur,Mairie - Harfleur,mairie@harfleur.fr,55 rue de la République,76700,Harfleur,https://lannuaire.service-public.gouv.fr/normandie/seine-maritime/8c464127-16d2-47ec-af4c-0af1d7955673
Hattenville,Mairie - Hattenville,mairie.hattenville@wanadoo.fr,Résidence de l'Ancien-Presbytère,76640,Hattenville,https://lannuaire.service-public.gouv.fr/normandie/seine-maritime/f83f9721-227c-462c-8322-d9a927e346cc
Haucourt,Mairie - Haucourt,mairie-sg.haucourt@orange.fr,Impasse de l'Église,76440,Haucourt,https://lannuaire.service-public.gouv.fr/normandie/seine-maritime/2b143550-a5f5-48af-bded-33957ff36689
Haudricourt,Mairie - Haudricourt,,14 route de l'Église,76390,Haudricourt,https://lannuaire.service-public.gouv.fr/normandie/seine-maritime/ebc8f07e-188c-4731-976b-bda9782a8eab
Haussez,Mairie - Haussez,mairie-sg.haussez@orange.fr,Rue des Moissonneurs,76440,Haussez,https://lannuaire.service-public.gouv.fr/normandie/seine-maritime/d2a27229-c61d-409e-9083-b607d246d8b6
Hautot-Saint-Sulpice,Mairie - Hautot-Saint-Sulpice,mairiehautotsaintsulpice@wanadoo.fr,210 route de Doudeville,76190,Hautot-Saint-Sulpice,https://lannuaire.service-public.gouv.fr/normandie/seine-maritime/5874e886-6ff5-42c7-b9e9-09ad46a2d705
Hautot-l'Auvray,Mairie - Hautot-l'Auvray,hautot-lauvray@wanadoo.fr,1 place de l'Église,76450,Hautot-l'Auvray,https://lannuaire.service-public.gouv.fr/normandie/seine-maritime/61951ed5-d0a7-40b0-b160-e90ed619f4d8
Hautot-le-Vatois,Mairie - Hautot-le-Vatois,mairie@hautot-le-vatois.fr,2 route du Village-Fleuri,76190,Hautot-le-Vatois,https://lannuaire.service-public.gouv.fr/normandie/seine-maritime/2cbd5f28-e58f-4df4-bf78-1ebc5510b2ff
Hautot-sur-Mer,Mairie - Hautot-sur-Mer,mairie@hautot-sur-mer.fr,187 rue de la Mairie,76550,Hautot-sur-Mer,https://lannuaire.service-public.gouv.fr/normandie/seine-maritime/0f640fcc-57b0-4417-90c6-b30fbe3968ad
Hautot-sur-Seine,Mairie - Hautot-sur-Seine,mairie@hautot-sur-seine.fr,Place Poullard,76113,Hautot-sur-Seine,https://lannuaire.service-public.gouv.fr/normandie/seine-maritime/c6a4bea5-c62b-4036-8d37-7dd8f882dbf7
Hermanville,Mairie - Hermanville,commune.hermaville@wanadoo.fr,37 route de la Vienne,76730,Hermanville,https://lannuaire.service-public.gouv.fr/normandie/seine-maritime/8dba537f-da56-4582-88dd-4698d31f8510
Hermeville,Mairie - Hermeville,mairie-hermeville@wanadoo.fr,346 route du Village,76280,Hermeville,https://lannuaire.service-public.gouv.fr/normandie/seine-maritime/7dcf33a4-d62d-4196-a692-8bdd07b6169f
Heugleville-sur-Scie,Mairie - Heugleville-sur-Scie,commune.heugleville1@orange.fr,1015 rue de l'Ancien-Presbytère,76720,Heugleville-sur-Scie,https://lannuaire.service-public.gouv.fr/normandie/seine-maritime/96a343ba-a7a1-41f0-b082-e6e211bd787f
Heuqueville,Mairie - Heuqueville,mairie@heuqueville.fr,85 rue du Manoir,76280,Heuqueville,https://lannuaire.service-public.gouv.fr/normandie/seine-maritime/8657ba08-b339-495b-9fde-e60d3d7e391a
Heurteauville,Mairie - Heurteauville,mairiedeheurteauville@wanadoo.fr,782 rue du Village,76940,Heurteauville,https://lannuaire.service-public.gouv.fr/normandie/seine-maritime/cea62755-c359-4f94-a985-d0952f56c156
Hodeng-Hodenger,Mairie - Hodeng-Hodenger,mairie.hodeng-hodenger@orange.fr,26 route Principale,76780,Hodeng-Hodenger,https://lannuaire.service-public.gouv.fr/normandie/seine-maritime/aef2e736-e64d-4841-900f-088062aef73b
Hodeng-au-Bosc,Mairie - Hodeng-au-Bosc,hodeng-au-bosc@wanadoo.fr,8 rue de l'Église,76340,Hodeng-au-Bosc,https://lannuaire.service-public.gouv.fr/normandie/seine-maritime/eb0a4948-7f26-4fc5-b187-a6cb46de5df7
Houdetot,Mairie - Houdetot,mairie-sg-houdetot@wanadoo.fr,4 au Bout-de-la-Rue-aux-Chiens,76740,Houdetot,https://lannuaire.service-public.gouv.fr/normandie/seine-maritime/28ed9495-7a00-4821-b155-ab96634e6a88
Houppeville,Mairie - Houppeville,mairie@houppeville.fr,Rue Jean-Jaurès,76770,Houppeville,https://lannuaire.service-public.gouv.fr/normandie/seine-maritime/4b8ca360-b1ba-429f-b9dc-ed26ded5a104
Houquetot,Mairie - Houquetot,mairiehouquetot@orange.fr,120 Grand'rue,76110,Houquetot,https://lannuaire.service-public.gouv.fr/normandie/seine-maritime/43618f29-ea94-4305-a78d-1be93dced5e5
Hugleville-en-Caux,Mairie - Hugleville-en-Caux,mairie.hugleville@wanadoo.fr,350 le Bourg,76570,Hugleville-en-Caux,https://lannuaire.service-public.gouv.fr/normandie/seine-maritime/02652fe9-83e3-4652-a79c-a5cebeca20ec
Héberville,Mairie - Héberville,mairieheberville@wanadoo.fr,1 bis rue de la Plaine,76740,Héberville,https://lannuaire.service-public.gouv.fr/normandie/seine-maritime/a13c285e-595c-453b-9cf7-816a96468f34
Hénouville,Mairie - Hénouville,mairie@henouville.fr,194 route de la Mairie,76840,Hénouville,https://lannuaire.service-public.gouv.fr/normandie/seine-maritime/c077a8d0-ee71-4d30-b579-d057938523d0
Héricourt-en-Caux,Mairie - Héricourt-en-Caux,mairie.hericourt.en.caux@wanadoo.fr,1 place de la Mairie,76560,Héricourt-en-Caux,https://lannuaire.service-public.gouv.fr/normandie/seine-maritime/5821605e-a3af-40bf-b03b-7376292c68ed
Héronchelles,Mairie - Héronchelles,mairie-heronchelles@wanadoo.fr,19 rue de l'Église,76750,Héronchelles,https://lannuaire.service-public.gouv.fr/normandie/seine-maritime/c5dccf50-3fb2-4657-a383-fb2176f7cd95
Illois,Mairie - Illois,mairie.illois@wanadoo.fr,15 rue de l'Église,76390,Illois,https://lannuaire.service-public.gouv.fr/normandie/seine-maritime/8931cc45-9407-4827-b562-5dee0df103fb
Imbleville,Mairie - Imbleville,mairie.imbleville@wanadoo.fr,1200 route Vallée-de-la-Saane,76890,Imbleville,https://lannuaire.service-public.gouv.fr/normandie/seine-maritime/f726b800-932c-49e2-9496-1cc42249e3c9
Incheville,Mairie - Incheville,mairie@incheville.fr,1 rue Jean-Moulin,76117,Incheville,https://lannuaire.service-public.gouv.fr/normandie/seine-maritime/1ed949de-1a66-4b0e-ae82-808afa5856c7
Ingouville,Mairie - Ingouville,mairie.ingouville@wanadoo.fr,19 Grande rue,76460,Ingouville,https://lannuaire.service-public.gouv.fr/normandie/seine-maritime/f0190af9-6709-420e-aad2-b2ad3e3798a9
Isneauville,Mairie - Isneauville,contact@ville-isneauville.fr,Place de l'Église,76230,Isneauville,https://lannuaire.service-public.gouv.fr/normandie/seine-maritime/d0885b4a-adc2-439a-acd1-19091561096b
Jumièges,Mairie - Jumièges,mairie@jumieges.fr,61 place de la Mairie,76480,Jumièges,https://lannuaire.service-public.gouv.fr/normandie/seine-maritime/1036c27b-a2b6-4333-9651-5e718d523400
La Bellière,Mairie - La Bellière,la-belliere.mairie@wanadoo.fr,7 route des Deux-Ponts,76440,La Bellière,https://lannuaire.service-public.gouv.fr/normandie/seine-maritime/cf0ea61c-d4d3-404c-8308-30854d3deb94
La Bouille,Mairie - La Bouille,labouille.mairie@orange.fr,1 rue de la République,76530,La Bouille,https://lannuaire.service-public.gouv.fr/normandie/seine-maritime/d05671c0-bd65-4ca2-b8a2-993d91503b7e
La Cerlangue,Mairie - La Cerlangue,mairie@lacerlangue.fr,2 route de Saint-Romain,76430,La Cerlangue,https://lannuaire.service-public.gouv.fr/normandie/seine-maritime/58b0d511-5a9d-498d-a146-5f80940e5729
La Chapelle-Saint-Ouen,Mairie - La Chapelle-Saint-Ouen,mairie-la-chapelle-st-ouen@orange.fr,35 le Centre,76780,La Chapelle-Saint-Ouen,https://lannuaire.service-public.gouv.fr/normandie/seine-maritime/ac5f5ccb-29bf-498a-8974-460a3c3a852a
La Chapelle-du-Bourgay,Mairie - La Chapelle-du-Bourgay,mairie.chapelledubourgay@orange.fr,1 place de la Mairie,76590,La Chapelle-du-Bourgay,https://lannuaire.service-public.gouv.fr/normandie/seine-maritime/bf482fda-998d-419e-9618-d744cb093072
La Chapelle-sur-Dun,Mairie - La Chapelle-sur-Dun,lachapellesurdun@wanadoo.fr,151 rue de la Mairie,76740,La Chapelle-sur-Dun,https://lannuaire.service-public.gouv.fr/normandie/seine-maritime/787cba94-3c75-48c6-9ac5-1f20cd2a6ea4
La Chaussée,Mairie - La Chaussée,mairie@communedelachaussee76.fr,488 rue de Rotomagus,76590,La Chaussée,https://lannuaire.service-public.gouv.fr/normandie/seine-maritime/f2902602-3e35-48e1-9f8b-928300bce95f
La Crique,Mairie - La Crique,mairie.lacrique@wanadoo.fr,344 avenue de la Hêtraie,76850,La Crique,https://lannuaire.service-public.gouv.fr/normandie/seine-maritime/e828bd9d-d54a-42db-b1b4-9e413a50e634
La Ferté-Saint-Samson,Mairie - La Ferté-Saint-Samson,mairie@lafertestsamson.fr,5 place de la Mairie,76440,La Ferté-Saint-Samson,https://lannuaire.service-public.gouv.fr/normandie/seine-maritime/17184536-2a68-43e4-a98e-7c69fb5a1d15
La Feuillie,Mairie - La Feuillie,mairie.la.feuillie@wanadoo.fr,19 rue du Centre,76220,La Feuillie,https://lannuaire.service-public.gouv.fr/normandie/seine-maritime/d03616ea-8198-49c2-8340-909958ddff89
La Fontelaye,Mairie - La Fontelaye,lafontelaye@wanadoo.fr,635 rue du Château,76890,La Fontelaye,https://lannuaire.service-public.gouv.fr/normandie/seine-maritime/df94b41a-378c-4061-8246-e59c2ce3cfa4
La Frénaye,Mairie - La Frénaye,accueil@lafrenaye.fr,39 rue Félix-Faure,76170,La Frénaye,https://lannuaire.service-public.gouv.fr/normandie/seine-maritime/e8326ac9-891e-4619-b717-fa4fc9ff7dbd
La Gaillarde,Mairie - La Gaillarde,mairie.lagaillarde@wanadoo.fr,19 route de la Mer,76740,La Gaillarde,https://lannuaire.service-public.gouv.fr/normandie/seine-maritime/ed0cb2f5-879a-47ad-9902-642dedcbce9d
La Hallotière,Mairie - La Hallotière,mairie-lahallotiere@orange.fr,495 rue Eugène-Bisson,76780,La Hallotière,https://lannuaire.service-public.gouv.fr/normandie/seine-maritime/16410540-67a2-466e-b824-27ef52247627
La Haye,Mairie - La Haye,infos@mairie-la-haye.fr,30 route de Morville,76780,La Haye,https://lannuaire.service-public.gouv.fr/normandie/seine-maritime/31b401e6-5082-44f7-b63c-44ede92a6f91
La Houssaye-Béranger,Mairie - La Houssaye-Béranger,mairie@lahoussayeberanger.fr,Place André-Martin,76690,La Houssaye-Béranger,https://lannuaire.service-public.gouv.fr/normandie/seine-maritime/735d63cd-00f4-4ae3-915b-28061464ac79
La Londe,Mairie - La Londe,administration@mairielalonde.fr,Place de l'Ourail,76500,La Londe,https://lannuaire.service-public.gouv.fr/normandie/seine-maritime/c3e32e7e-d1e4-49c5-b9be-3ff438093125
La Neuville-Chant-d'Oisel,Mairie - La Neuville-Chant-d'Oisel,mairie.neuville@wanadoo.fr,2167 rue des Andelys,76520,La Neuville-Chant-d'Oisel,https://lannuaire.service-public.gouv.fr/normandie/seine-maritime/2e784a4b-a258-49e4-8345-bab1640c8cd6
La Poterie-Cap-d'Antifer,Mairie - La Poterie-Cap-d'Antifer,mairie.la.poterie@wanadoo.fr,2 place de la Mairie,76280,La Poterie-Cap-d'Antifer,https://lannuaire.service-public.gouv.fr/normandie/seine-maritime/e843aab2-376a-474f-a76c-f53acfe77d3a
La Remuée,Mairie - La Remuée,mairie@laremuee.com,rue des Grives,76430,La Remuée,https://lannuaire.service-public.gouv.fr/normandie/seine-maritime/c14968c0-e975-44b2-aa6b-ad805eae7029
La Rue-Saint-Pierre,Mairie - La Rue-Saint-Pierre,mairie@larsp76.fr,1083 route de Cailly,76690,La Rue-Saint-Pierre,https://lannuaire.service-public.gouv.fr/normandie/seine-maritime/bfc850e7-195b-484d-ad4a-44adf6e14436
La Trinité-du-Mont,Mairie - La Trinité-du-Mont,mairie-la-trinite-du-mont@wanadoo.fr,Rue Jules-Cantais,76170,La Trinité-du-Mont,https://lannuaire.service-public.gouv.fr/normandie/seine-maritime/fea1dd64-417f-4f51-8675-d741dea70994
La Vaupalière,Mairie - La Vaupalière,mairie.la-vaupaliere@orange.fr,Place Pierre-Bérégovoy,76150,La Vaupalière,https://lannuaire.service-public.gouv.fr/normandie/seine-maritime/67224734-d1cf-4569-8ea7-b87ba5ed4b58
La Vieux-Rue,Mairie - La Vieux-Rue,,Place de l'Église,76160,La Vieux-Rue,https://lannuaire.service-public.gouv.fr/normandie/seine-maritime/25703dd0-9411-47e4-afbe-3d5e1d864133
Lamberville,Mairie - Lamberville,mairie-lamberville@orange.fr,7 route de la Mairie,76730,Lamberville,https://lannuaire.service-public.gouv.fr/normandie/seine-maritime/e2baf265-105e-4dd5-ba5b-71d2e49949a0
Lammerville,Mairie - Lammerville,mairie.lammerville@wanadoo.fr,4 avenue des Canadiens,76730,Lammerville,https://lannuaire.service-public.gouv.fr/normandie/seine-maritime/f78ca66e-b32f-4cb9-98f1-df47e2136f58
Landes-Vieilles-et-Neuves,Mairie - Landes-Vieilles-et-Neuves,mairie.landes.76390@gmail.com,Rue de la mairie,76390,Landes-Vieilles-et-Neuves,https://lannuaire.service-public.gouv.fr/normandie/seine-maritime/86801535-d2a1-4409-bfb9-615b59c53f84
Lanquetot,Mairie - Lanquetot,mairie.lanquetot@wanadoo.fr,Place de la Mairie,76210,Lanquetot,https://lannuaire.service-public.gouv.fr/normandie/seine-maritime/b695d1df-a825-4e9d-ad09-fda7ba1998e1
Le Bocasse,Mairie - Le Bocasse,mairie-du-bocasse@orange.fr,Le Village,76690,Le Bocasse,https://lannuaire.service-public.gouv.fr/normandie/seine-maritime/c53c5d99-ec2b-4408-a5d0-2fdd7a21da18
Le Bois-Robert,Mairie - Le Bois-Robert,mairie.boisrobert@orange.fr,622 rue de la Varenne,76590,Le Bois-Robert,https://lannuaire.service-public.gouv.fr/normandie/seine-maritime/5d5cc044-1f9a-4021-85a6-9958dc1eadb5
Le Bourg-Dun,Mairie - Le Bourg-Dun,mairie-bourg-dun@orange.fr,Route de Dieppe,76740,Le Bourg-Dun,https://lannuaire.service-public.gouv.fr/normandie/seine-maritime/dd2498f1-97b8-4732-92e4-80307f8ba35d
Le Catelier,Mairie - Le Catelier,mairie.le-catelier@wanadoo.fr,45 rue du Ballon,76590,Le Catelier,https://lannuaire.service-public.gouv.fr/normandie/seine-maritime/b44abcbe-b91f-4dce-8785-6d96df0d5f72
Le Caule-Sainte-Beuve,Mairie - Le Caule-Sainte-Beuve,mairieducaulesaintebeuve@gmail.com,10 route Abbé-Delforge,76390,Le Caule-Sainte-Beuve,https://lannuaire.service-public.gouv.fr/normandie/seine-maritime/90b04c92-089e-4855-a992-abab9691e3ca
Le Grand-Quevilly,Mairie - Le Grand-Quevilly,mairie@grandquevilly.fr,Esplanade Tony-Larue,76123,Le Grand-Quevilly Cedex,https://lannuaire.service-public.gouv.fr/normandie/seine-maritime/8762e822-0790-43a6-9f2e-ff373af77e78
Le Hanouard,Mairie - Le Hanouard,mairie.le-hanouard@orange.fr,17 rue du Moulin,76450,Le Hanouard,https://lannuaire.service-public.gouv.fr/normandie/seine-maritime/94e5d945-0e26-4abd-afff-755d382b61b5
Le Havre,Mairie - Le Havre,contact@lehavre.fr,1517 place de l'Hôtel-de-Ville,76000,Le Havre,https://lannuaire.service-public.gouv.fr/normandie/seine-maritime/8b2d04d4-c06f-4812-8cf6-230211253242
Le Houlme,Mairie - Le Houlme,contact@ville-lehoulme.fr,7 place des Canadiens,76770,Le Houlme,https://lannuaire.service-public.gouv.fr/normandie/seine-maritime/71301a25-9ca5-4fa1-a01a-149b0b4843f7
Le Mesnil-Durdent,Mairie - Le Mesnil-Durdent,mairie@lemesnildurdent.fr,10 rue des Fougères,76460,Le Mesnil-Durdent,https://lannuaire.service-public.gouv.fr/normandie/seine-maritime/43af6a8c-05a9-4bb7-9a85-f381de3d1849
Le Mesnil-Esnard,Mairie - Le Mesnil-Esnard,mairie@le-mesnil-esnard.fr,Place du Général-de-Gaulle,76240,Le Mesnil-Esnard,https://lannuaire.service-public.gouv.fr/normandie/seine-maritime/3c155709-f9d5-4055-9a52-fc4c10381a8f
Le Mesnil-Lieubray,Mairie - Le Mesnil-Lieubray,mairie-mesnil-lieubray@orange.fr,660 route du Village,76780,Le Mesnil-Lieubray,https://lannuaire.service-public.gouv.fr/normandie/seine-maritime/fa372a4e-1568-47ce-b718-f2efdc2203c4
Le Mesnil-Réaume,Mairie - Le Mesnil-Réaume,mairie@mesnil-reaume.fr,12 rue René-Delcourt,76260,Le Mesnil-Réaume,https://lannuaire.service-public.gouv.fr/normandie/seine-maritime/b2e15755-70cc-4701-9665-93ed36fb6bd9
Le Mesnil-sous-Jumièges,Mairie - Le Mesnil-sous-Jumièges,mairie@mesnilsousjumieges.net,1048 route du Manoir,76480,Le Mesnil-sous-Jumièges,https://lannuaire.service-public.gouv.fr/normandie/seine-maritime/d8ca95b8-43c0-4f5d-8d72-5fa68bd6a8f5
Le Petit-Quevilly,Mairie - Le Petit-Quevilly,mairie@petit-quevilly.fr,Place Henri-Barbusse,76141,Le Petit-Quevilly Cedex,https://lannuaire.service-public.gouv.fr/normandie/seine-maritime/d27cbb19-6e7f-4e57-94a7-20dfeb68c415
Le Thil-Riberpré,Mairie - Le Thil-Riberpré,mairie.lethilriberpre@wanadoo.fr,281 rue du Centre,76440,Le Thil-Riberpré,https://lannuaire.service-public.gouv.fr/normandie/seine-maritime/1c182d26-cc47-4a6f-8b02-06236431e31d
Le Tilleul,Mairie - Le Tilleul,mairie.letilleul@wanadoo.fr,170 rue du Président-Coty,76790,Le Tilleul,https://lannuaire.service-public.gouv.fr/normandie/seine-maritime/3f6bb165-57c5-4bee-8e48-3ebb882de221
Le Torp-Mesnil,Mairie - Le Torp-Mesnil,mairie-sg.letorpmesnil@wanadoo.fr,325 rue de la Mairie,76560,Le Torp-Mesnil,https://lannuaire.service-public.gouv.fr/normandie/seine-maritime/d109a5e5-d1cc-49d4-b012-5371c60c086b
Le Trait,Mairie - Le Trait,guichet.unique@letrait.fr,Place du 11-Novembre,76580,Le Trait,https://lannuaire.service-public.gouv.fr/normandie/seine-maritime/cedd3140-4ed9-47ee-966c-0dc2ab341661
Le Tréport,Mairie - Le Tréport,mairie@ville-le-treport.fr,Rue François-Mitterrand,76470,Le Tréport,https://lannuaire.service-public.gouv.fr/normandie/seine-maritime/8189d696-b56e-427d-9a9f-957f3ce13deb
Les Authieux-sur-le-Port-Saint-Ouen,Mairie - Les Authieux-sur-le-Port-Saint-Ouen,secretariat@lesauthieuxsurleportsaintouen.frn.fr,Place du 19-Mars-1962,76520,Les Authieux-sur-le-Port-St-Ouen,https://lannuaire.service-public.gouv.fr/normandie/seine-maritime/6a261c1b-9dbf-449a-87bc-cb18ec8a0c1a
Les Cent-Acres,Mairie - Les Cent-Acres,mairie-sg-cent-acres@orange.fr,75 rue du Val-Blaise,76590,Les Cent-Acres,https://lannuaire.service-public.gouv.fr/normandie/seine-maritime/00be4cdc-29c0-4f0b-98fb-c454d7488da6
Les Grandes-Ventes,Mairie - Les Grandes-Ventes,accueilmairie@lesgrandesventes.fr,3 place de l'Hôtel-de-Ville,76950,Les Grandes-Ventes,https://lannuaire.service-public.gouv.fr/normandie/seine-maritime/3a9c51c5-2fe6-41ae-a6c3-5f251e5f86f3
Les Hauts-de-Caux,Mairie - Les Hauts-de-Caux,leshautsdecaux@orange.fr,Autretot 2 allée des Tisserands,76190,Les Hauts-de-Caux,https://lannuaire.service-public.gouv.fr/normandie/seine-maritime/8d1e1aef-0396-486f-99e1-f9cfdc84a22e
Les Ifs,Mairie - Les Ifs,commune.lesifs@orange.fr,Rue Jean Moulin,76630,Les Ifs,https://lannuaire.service-public.gouv.fr/normandie/seine-maritime/62457c25-6ed1-4717-bede-f537d46b6a63
Les Loges,Mairie - Les Loges,mairielesloges76@orange.fr,31 place Léonide-Lecompte,76790,Les Loges,https://lannuaire.service-public.gouv.fr/normandie/seine-maritime/ffb094e9-caeb-4899-a341-024166bdcde1
Les Trois-Pierres,Mairie - Les Trois-Pierres,mairie.lestroispierres@wanadoo.fr,26 rue du Village,76430,Les Trois-Pierres,https://lannuaire.service-public.gouv.fr/normandie/seine-maritime/4712f74d-0397-4303-8c2c-4bb36fdb23f6
Lestanville,Mairie - Lestanville,mairie.lestanville@wanadoo.fr,131 route du Bois-des-Landes,76730,Lestanville,https://lannuaire.service-public.gouv.fr/normandie/seine-maritime/3adff7a0-1eb4-4787-9096-0e30c234770c
Lillebonne,Mairie - Lillebonne,contact@lillebonne.fr,Rue Thiers Esplanade François-Mitterrand,76170,Lillebonne,https://lannuaire.service-public.gouv.fr/normandie/seine-maritime/f05a78a4-bef5-40be-a1e3-f96441cfc2f1
Limpiville,Mairie - Limpiville,mairie-limpiville@wanadoo.fr,90 rue de l'Église,76540,Limpiville,https://lannuaire.service-public.gouv.fr/normandie/seine-maritime/9ab5bc64-a7b0-4931-8100-15df145975b3
Limésy,Mairie - Limésy,commune-limesy@wanadoo.fr,89 Grand'rue,76570,Limésy,https://lannuaire.service-public.gouv.fr/normandie/seine-maritime/e26403e8-afb0-44dc-99ff-7e55762e4b18
Lindebeuf,Mairie - Lindebeuf,mairie@lindebeuf.fr,484 rue des Tilleuls,76760,Lindebeuf,https://lannuaire.service-public.gouv.fr/normandie/seine-maritime/a4aaa928-6b10-4dab-b518-837279431f85
Lintot,Mairie - Lintot,mairie@lintot76.fr,1 place de la Mairie,76210,Lintot,https://lannuaire.service-public.gouv.fr/normandie/seine-maritime/1ac83f5b-fc73-4bd3-b68d-ffb1acded8ec
Lintot-les-Bois,Mairie - Lintot-les-Bois,lintotlesbois.mairie-sg@wanadoo.fr,4 place de la Mairie,76590,Lintot-les-Bois,https://lannuaire.service-public.gouv.fr/normandie/seine-maritime/4373802e-f03c-4ac7-84bc-26bb31dff7d5
Londinières,Mairie - Londinières,mairiedelondinieres@orange.fr,2 rue du Général-de-Gaulle,76660,Londinières,https://lannuaire.service-public.gouv.fr/normandie/seine-maritime/303b385d-24cb-4db7-8793-aac7c50317f1
Longmesnil,Mairie - Longmesnil,mairie-sg.longmesnil@orange.fr,3 rue du Village,76440,Longmesnil,https://lannuaire.service-public.gouv.fr/normandie/seine-maritime/8114888f-9c68-49d6-b801-9127abcd3369
Longroy,Mairie - Longroy,mairie.longroy@wanadoo.fr,19 rue Jean-Jaurès,76260,Longroy,https://lannuaire.service-public.gouv.fr/normandie/seine-maritime/537ecf69-6b40-4f1b-9bbb-8ea100a64e13
Longueil,Mairie - Longueil,accueil@mairiedelongueil.fr,245 rue de l'Église,76860,Longueil,https://lannuaire.service-public.gouv.fr/normandie/seine-maritime/a9b3bba8-63d7-49e5-b9e6-3ae9b91c15e9
Longuerue,Mairie - Longuerue,mairie@longuerue.net,6 place de la Mairie,76750,Longuerue,https://lannuaire.service-public.gouv.fr/normandie/seine-maritime/338b05c2-24b9-4520-8b27-57a845983d98
Longueville-sur-Scie,Mairie - Longueville-sur-Scie,mairie-longueville-sur-scie@wanadoo.fr,Rue Régiment-Maison-Neuve,76590,Longueville-sur-Scie,https://lannuaire.service-public.gouv.fr/normandie/seine-maritime/75b8b96f-8bd1-437a-b4b7-a6a4ebc463b9
Louvetot,Mairie - Louvetot,mairie.louvetot@wanadoo.fr,980 route du Bourg,76490,Louvetot,https://lannuaire.service-public.gouv.fr/normandie/seine-maritime/59aa80a6-2828-4169-99a7-fa1515531263
Lucy,Mairie - Lucy,mairie-sg.lucy@wanadoo.fr,Rue du Ruisseau,76270,Lucy,https://lannuaire.service-public.gouv.fr/normandie/seine-maritime/647cbf9f-a9c7-4bcd-a758-5e60ad49c379
Luneray,Mairie - Luneray,mairie@luneray.net,Place René-Coty,76810,Luneray,https://lannuaire.service-public.gouv.fr/normandie/seine-maritime/64eb6c2e-2510-453f-98db-7667e6d6d89f
Mairie déléguée - Assigny,Mairie déléguée - Assigny,assigny@mairie-petit-caux.fr,Rue des Écoliers,76630,Petit-Caux,https://lannuaire.service-public.gouv.fr/normandie/seine-maritime/df8265c0-27b0-48b5-b858-893962b37be0
Mairie déléguée - Auquemesnil,Mairie déléguée - Auquemesnil,auquemesnil@mairie-petit-caux.fr,Auquemesnil 4 ter rue de l'Abbaye,76630,Petit-Caux,https://lannuaire.service-public.gouv.fr/normandie/seine-maritime/1a27811f-9bd8-4022-8b4c-321e8ec6654b
Mairie déléguée - Auzouville-Auberbosc,Mairie déléguée - Auzouville-Auberbosc,auzouville@terres-de-caux.fr,Auzouville-Auberbosc,76640,Terres-de-Caux,https://lannuaire.service-public.gouv.fr/normandie/seine-maritime/9cc8086d-c7f8-479b-9178-48f0bcd1b573
Mairie déléguée - Belleville-sur-Mer,Mairie déléguée - Belleville-sur-Mer,belleville-sur-mer@mairie-petit-caux.fr,Belleville-sur-Mer 4 place du Marquis-de-Belleville,76370,Petit-Caux,https://lannuaire.service-public.gouv.fr/normandie/seine-maritime/14a30da2-9565-4f8c-8e43-2b0ff403de3e
Mairie déléguée - Bennetot,Mairie déléguée - Bennetot,bennetot@terres-de-caux.fr,Bennetot 50 rue du Manoir,76640,Terres-de-Caux,https://lannuaire.service-public.gouv.fr/normandie/seine-maritime/29d27259-df84-43e6-9d79-b2e991c992d1
Mairie déléguée - Bermonville,Mairie déléguée - Bermonville,bermonville@terres-de-caux.fr,Bermonville Route de la Mairie,76640,Terres-de-Caux,https://lannuaire.service-public.gouv.fr/normandie/seine-maritime/ad82dd9b-16d4-4443-ac72-3dc83eadf402
Mairie déléguée - Berneval-le-Grand,Mairie déléguée - Berneval-le-Grand,berneval-le-grand@mairie-petit-caux.fr,Berneval-le-Grand 6 place de l'Église,76370,Petit-Caux,https://lannuaire.service-public.gouv.fr/normandie/seine-maritime/ef4e4830-b999-4bab-bb34-309c53427817
Mairie déléguée - Biville-sur-Mer,Mairie déléguée - Biville-sur-Mer,biville-sur-mer@mairie-petit-caux.fr,Rue de l'Église,76630,Petit-Caux,https://lannuaire.service-public.gouv.fr/normandie/seine-maritime/baf75559-988a-4747-b587-fc8ccb31b909
Mairie déléguée - Bosc-Roger-sur-Buchy,Mairie déléguée - Bosc-Roger-sur-Buchy,boscroger@buchy.fr,Bosc-Roger-sur-Buchy 4 place de la Mairie,76750,Buchy,https://lannuaire.service-public.gouv.fr/normandie/seine-maritime/60b86f9e-bb36-4b52-8a28-3801f6939132
Mairie déléguée - Bracquemont,Mairie déléguée - Bracquemont,bracquemont@mairie-petit-caux.fr,Bracquemont 24 rue du Château,76370,Petit-Caux,https://lannuaire.service-public.gouv.fr/normandie/seine-maritime/42eebba4-47d0-4851-89f2-0e09d64ca452
Mairie déléguée - Brunville,Mairie déléguée - Brunville,brunville@mairie-petit-caux.fr,Brunville 28 rue de la Récré,76630,Petit-Caux,https://lannuaire.service-public.gouv.fr/normandie/seine-maritime/d4765c5e-162c-4be6-b6bb-c802efbb2793
Mairie déléguée - Cressy,Mairie déléguée - Cressy,mairie.de.cressy@wanadoo.fr,Cressy 2 route d'Auffay,76720,Val-de-Scie,https://lannuaire.service-public.gouv.fr/normandie/seine-maritime/3d596ffa-a2cc-446a-9458-4de3c8dc1c42
Mairie déléguée - Derchigny-Graincourt,Mairie déléguée - Derchigny-Graincourt,https://www.mairie-petit-caux.fr/portail/,Derchigny-Graincourt 5 rue du Manoir,76370,Petit-Caux,https://lannuaire.service-public.gouv.fr/normandie/seine-maritime/e7d91a62-9c3e-46b6-82ff-ab963f96814f
Mairie déléguée - Estouteville-Écalles,Mairie déléguée - Estouteville-Écalles,estouteville@buchy.fr,Estouteville-Écalles 32 place de la Mairie,76750,Buchy,https://lannuaire.service-public.gouv.fr/normandie/seine-maritime/b0b87787-a460-41f0-b37b-a9ca2ecdeb6e
Mairie déléguée - Glicourt,Mairie déléguée - Glicourt,glicourt@mairie-petit-caux.fr,Glicourt 10 rue de l'Ancienne-Abbaye,76630,Petit-Caux,https://lannuaire.service-public.gouv.fr/normandie/seine-maritime/17985449-6753-4f7a-b478-0932bd6a6872
Mairie déléguée - Gouchaupré,Mairie déléguée - Gouchaupré,gouchaupre@mairie-petit-caux.fr,Gouchaupré 1 Grande rue,76630,Petit-Caux,https://lannuaire.service-public.gouv.fr/normandie/seine-maritime/5c1c33ee-cc5b-4eba-89b9-1745e40c8aba
Mairie déléguée - Greny,Mairie déléguée - Greny,greny@mairie-petit-caux.fr,Greny Rue de Verton,76630,Petit-Caux,https://lannuaire.service-public.gouv.fr/normandie/seine-maritime/950252a5-e759-4b0f-ada8-03d2c17c362c
Mairie déléguée - Guilmécourt,Mairie déléguée - Guilmécourt,guilmecourt@mairie-petit-caux.fr,Guilmécourt 7 bis rue Saint-Pierre,76630,Petit-Caux,https://lannuaire.service-public.gouv.fr/normandie/seine-maritime/04a35442-0d83-4cf9-be8e-cec52cb81abf
Mairie déléguée - Intraville,Mairie déléguée - Intraville,,Intraville 38 rue du Tilleul,76630,Petit-Caux,https://lannuaire.service-public.gouv.fr/normandie/seine-maritime/7bc96875-4933-4d10-9430-cbfd7a5e62b7
Mairie déléguée - Le Héron,Mairie déléguée - Le Héron,mairie.le.heron@wanadoo.fr,Le Héron 1452 route de Buchy,76780,Morville-Le Héron,https://lannuaire.service-public.gouv.fr/normandie/seine-maritime/c2df7ce1-1a0e-4760-8612-ea9767f5f33c
Mairie déléguée - Penly,Mairie déléguée - Penly,penly@mairie-petit-caux.fr,2 rue du Savoir,76630,Petit-Caux,https://lannuaire.service-public.gouv.fr/normandie/seine-maritime/663f5fff-b5ed-46ff-9368-ac1ee40743f1
Mairie déléguée - Saint-Martin-en-Campagne,Mairie déléguée - Saint-Martin-en-Campagne,saint-martin-en-campagne@mairie-petit-caux.fr,Saint-Martin-en-Campagne 1 rue du Val-des-Comtes,76370,Petit-Caux,https://lannuaire.service-public.gouv.fr/normandie/seine-maritime/5d0207cd-5e93-40b3-9b07-c44bcc428bfa
Mairie déléguée - Saint-Pierre-Lavis,Mairie déléguée - Saint-Pierre-Lavis,terresdecaux@terres-de-caux.fr,Saint-Pierre-Lavis 840 route du Village,76640,Terres-de-Caux,https://lannuaire.service-public.gouv.fr/normandie/seine-maritime/32d00b56-7064-45ba-80c4-151b1d3cd788
Mairie déléguée - Saint-Quentin-au-Bosc,Mairie déléguée - Saint-Quentin-au-Bosc,saint-quentin-au-bosc@mairie-petit-caux.fr,Rue de la Grande-Mare,76630,Petit-Caux,https://lannuaire.service-public.gouv.fr/normandie/seine-maritime/db766483-9635-4b92-b1c9-5c553ee1c2f6
Mairie déléguée - Sainte-Marguerite-sur-Fauville,Mairie déléguée - Sainte-Marguerite-sur-Fauville,,Sainte-Marguerite-sur-Fauville 173 route des Enfants,76640,Terres-de-Caux,https://lannuaire.service-public.gouv.fr/normandie/seine-maritime/2f4819cf-72e0-4b81-8e15-f7f2f75d67b2
Mairie déléguée - Sévis,Mairie déléguée - Sévis,mairie.sevis@wanadoo.fr,Sévis 189 route d'Auffay,76850,Val-de-Scie,https://lannuaire.service-public.gouv.fr/normandie/seine-maritime/09b25266-02ee-461c-b1aa-0534a81bcbd0
Mairie déléguée - Tocqueville-sur-Eu,Mairie déléguée - Tocqueville-sur-Eu,tocqueville-sur-eu@mairie-petit-caux.fr,Tocqueville-sur-Eu 2 place Saint-Sauveur,76910,Petit-Caux,https://lannuaire.service-public.gouv.fr/normandie/seine-maritime/343725f8-64d3-43a0-b5ff-5972e6cf2f02
Mairie déléguée - Tourville-la-Chapelle,Mairie déléguée - Tourville-la-Chapelle,tourville-la-chapelle@mairie-petit-caux.fr,Rue de la Mairie,76630,Petit-Caux,https://lannuaire.service-public.gouv.fr/normandie/seine-maritime/931e4f07-6b53-4e7c-9f84-22009943279c
Mairie déléguée - Triquerville,Mairie déléguée - Triquerville,triquerville@pj2s.fr,20 rue Raoul-Anquetil,76170,Triquerville,https://lannuaire.service-public.gouv.fr/normandie/seine-maritime/508cd539-65de-4d37-9688-30a60951b197
Mairie déléguée - Veauville-lès-Baons,Mairie déléguée - Veauville-lès-Baons,leshautsdecaux@orange.fr,Veauville-lès-Baons 42 rue de l'Église,76190,Les Hauts-de-Caux,https://lannuaire.service-public.gouv.fr/normandie/seine-maritime/9fc99545-d55d-4798-a685-ee811d8cac11
Malaunay,Mairie - Malaunay,mairie@malaunay.fr,Place de la Laïcité,76770,Malaunay,https://lannuaire.service-public.gouv.fr/normandie/seine-maritime/c35cd905-5d51-40c9-ba14-eb30484164f8
Malleville-les-Grès,Mairie - Malleville-les-Grès,mairie.malleville-les-gres@cote-albatre.com,295 route de Velettes,76450,Malleville-les-Grès,https://lannuaire.service-public.gouv.fr/normandie/seine-maritime/890d3c68-f074-48fa-bc81-5fd6a1b48a6c
Maniquerville,Mairie - Maniquerville,mairie.maniquerville@wanadoo.fr,35 place de la Mairie,76400,Maniquerville,https://lannuaire.service-public.gouv.fr/normandie/seine-maritime/79c5e99c-aea7-4cf8-b7a7-bc8f8ac4ed46
Manneville-la-Goupil,Mairie - Manneville-la-Goupil,mairie@mlg76.fr,1 place Michel-Vincent,76110,Manneville-la-Goupil,https://lannuaire.service-public.gouv.fr/normandie/seine-maritime/a4fd3f72-60f1-4760-beec-4daad362800c
Manneville-ès-Plains,Mairie - Manneville-ès-Plains,mairie@manneville-es-plains.fr,65 Rue de l'Orme,76460,Manneville-ès-Plains,https://lannuaire.service-public.gouv.fr/normandie/seine-maritime/e13f71df-db1a-44ef-8c14-d01843fb29a3
Mannevillette,Mairie - Mannevillette,mairie@mannevillette.fr,9 rue du Carreau,76290,Mannevillette,https://lannuaire.service-public.gouv.fr/normandie/seine-maritime/e06ade2f-8788-4982-9ac0-169a89ae1539
Manéglise,Mairie - Manéglise,mairie.maneglise@wanadoo.fr,Place de la Mairie,76133,Manéglise,https://lannuaire.service-public.gouv.fr/normandie/seine-maritime/f7f6eec8-f8fb-4395-ae35-b6624e6ba9c6
Manéhouville,Mairie - Manéhouville,mairie.sg.manehouville@wanadoo.fr,3 route de Dieppe,76590,Manéhouville,https://lannuaire.service-public.gouv.fr/normandie/seine-maritime/4697ee72-d51a-48d6-a0b7-7425253e4974
Maromme,Mairie - Maromme,accueil@ville-maromme.fr,Place Jean-Jaurès,76150,Maromme,https://lannuaire.service-public.gouv.fr/normandie/seine-maritime/09e4a6ea-95c3-44c6-b7fd-49d02fbada90
Marques,Mairie - Marques,communedemarques@nordnet.fr,269 route Principale,76390,Marques,https://lannuaire.service-public.gouv.fr/normandie/seine-maritime/e8c35345-8149-4da9-9c91-240870635036
Martainville-Épreville,Mairie - Martainville-Épreville,mairie-sg.martainville-epreville@wanadoo.fr,311 route du Château,76116,Martainville-Épreville,https://lannuaire.service-public.gouv.fr/normandie/seine-maritime/c15baa96-610c-4c3d-9afc-d4ce9f6d6293
Martigny,Mairie - Martigny,commune-de-martigny2@orange.fr,6 rue Jean-Baptiste-Viguerard,76880,Martigny,https://lannuaire.service-public.gouv.fr/normandie/seine-maritime/da03cb87-0678-4182-ad53-e57b8972a826
Martin-Église,Mairie - Martin-Église,martin-eglise@wanadoo.fr,7 rue Nicolas-de-la-Chaussée,76370,Martin-Église,https://lannuaire.service-public.gouv.fr/normandie/seine-maritime/b203e04e-ddab-48de-b62e-035e66865b0b
Massy,Mairie - Massy,mairie-sg.massy@wanadoo.fr,24 route de Neufchatel,76270,Massy,https://lannuaire.service-public.gouv.fr/normandie/seine-maritime/b760e1a2-1853-4a3a-9b31-7ae28fd3841f
Mathonville,Mairie - Mathonville,mairie.mathonville@orange.fr,46 route de Saint-Saëns,76680,Mathonville,https://lannuaire.service-public.gouv.fr/normandie/seine-maritime/54af4b9d-31e8-4d64-8888-38a14f25ce60
Maucomble,Mairie - Maucomble,mairie.maucomble@wanadoo.fr,18 rue du Buis,76680,Maucomble,https://lannuaire.service-public.gouv.fr/normandie/seine-maritime/861b7cb1-dc59-4982-b790-80e9f6c17efc
Maulévrier-Sainte-Gertrude,Mairie - Maulévrier-Sainte-Gertrude,mairie@maulevrierstegertrude.fr,540 rue Saint-Léonard,76490,Maulévrier-Sainte-Gertrude,https://lannuaire.service-public.gouv.fr/normandie/seine-maritime/be970375-297e-4478-8a6e-d18cb5ef47c4
Mauny,Mairie - Mauny,mairie-sg.mauny@wanadoo.fr,460 rue du Pressoir,76530,Mauny,https://lannuaire.service-public.gouv.fr/normandie/seine-maritime/06bd058d-6f78-43c6-a371-a5a1de1f8c8d
Mauquenchy,Mairie - Mauquenchy,mairie-de-mauquenchy@orange.fr,Place Jean-Regnier,76440,Mauquenchy,https://lannuaire.service-public.gouv.fr/normandie/seine-maritime/75e27aa2-3eaa-4827-be44-c4b2223599c8
Melleville,Mairie - Melleville,mairie@melleville.fr,8 rue des Ormelets,76260,Melleville,https://lannuaire.service-public.gouv.fr/normandie/seine-maritime/98bda79f-8880-4235-a367-06628ca71a89
Mentheville,Mairie - Mentheville,mairiedementheville@wanadoo.fr,29 route de l'École,76110,Mentheville,https://lannuaire.service-public.gouv.fr/normandie/seine-maritime/e2612f22-928d-455e-8854-7f37e636a7ec
Mesangueville,Mairie - Mesangueville,mairie@mesangueville.fr,346 rue du Bourg,76780,Mesangueville,https://lannuaire.service-public.gouv.fr/normandie/seine-maritime/97790584-c382-4a40-863f-9aa8136b7cbe
Mesnil-Follemprise,Mairie - Mesnil-Follemprise,mesnil-follemp@orange.fr,8 rue Henri-IV,76660,Mesnil-Follemprise,https://lannuaire.service-public.gouv.fr/normandie/seine-maritime/05ba8975-b703-492d-8325-66720ad55d7a
Mesnil-Mauger,Mairie - Mesnil-Mauger,mairie.mesnil-mauger@nordnet.fr,6 route du Centre,76440,Mesnil-Mauger,https://lannuaire.service-public.gouv.fr/normandie/seine-maritime/6412c099-956e-4858-8840-3a6081251746
Mesnil-Panneville,Mairie - Mesnil-Panneville,mairie@mesnilpanneville.fr,60 place Robert-Flavigny,76570,Mesnil-Panneville,https://lannuaire.service-public.gouv.fr/normandie/seine-maritime/52f976ef-801b-46e3-99c5-6118b0a91f3f
Mesnil-Raoul,Mairie - Mesnil-Raoul,secretariat@mesnil-raoul.com,54 rue de la Mairie,76520,Mesnil-Raoul,https://lannuaire.service-public.gouv.fr/normandie/seine-maritime/405f094a-6525-432a-b34d-a0084d8d04ed
Mesnières-en-Bray,Mairie - Mesnières-en-Bray,mairie.mesnieres@wanadoo.fr,12 Grand'rue,76270,Mesnières-en-Bray,https://lannuaire.service-public.gouv.fr/normandie/seine-maritime/9f12ccb6-980a-45b0-b69c-8a4f0d09e7cf
Meulers,Mairie - Meulers,mairie.meulers@gmail.com,971 route de Dieppe,76510,Meulers,https://lannuaire.service-public.gouv.fr/normandie/seine-maritime/dd875973-076f-42d0-a16a-9aa0d776d957
Millebosc,Mairie - Millebosc,mairie-sg.millebosc@wanadoo.fr,38 rue de la Forêt,76260,Millebosc,https://lannuaire.service-public.gouv.fr/normandie/seine-maritime/851caef6-6243-4731-9b3c-7b3a2768cc94
Mirville,Mairie - Mirville,mairie-mirville@wanadoo.fr,15 rue Pierre-de-Coubertin,76210,Mirville,https://lannuaire.service-public.gouv.fr/normandie/seine-maritime/eec42453-6a0a-40ce-9f69-9c5a24a188d3
Molagnies,Mairie - Molagnies,mairie.de.molagnies@orange.fr,4 rue de l'Église,76220,Molagnies,https://lannuaire.service-public.gouv.fr/normandie/seine-maritime/79ebf7c4-ecaa-4d93-9282-8f5f4a68f4be
Monchaux-Soreng,Mairie - Monchaux-Soreng,monchaux-soreng@wanadoo.fr,Rue Marcel-Porquier,76340,Monchaux-Soreng,https://lannuaire.service-public.gouv.fr/normandie/seine-maritime/d1c6c05a-5086-49ae-92a8-41637b8286c9
Monchy-sur-Eu,Mairie - Monchy-sur-Eu,mairie@monchy-sur-eu.fr,9 place de la Mairie,76260,Monchy-sur-Eu,https://lannuaire.service-public.gouv.fr/normandie/seine-maritime/25dd33a5-168d-427d-a466-fa35966513ed
Mont-Cauvaire,Mairie - Mont-Cauvaire,montcauvaire@orange.fr,Route de Clères,76690,Mont-Cauvaire,https://lannuaire.service-public.gouv.fr/normandie/seine-maritime/8aa68133-a3c5-4970-a96d-c46685c973e9
Mont-Saint-Aignan,Mairie - Mont-Saint-Aignan,mairie@montsaintaignan.fr,59 rue Louis-Pasteur,76130,Mont-Saint-Aignan,https://lannuaire.service-public.gouv.fr/normandie/seine-maritime/b2c53a5e-afbd-41fb-9b21-2c2aa6c65066
Mont-rôty,Mairie - Mont-rôty,mairie-sg.mont-roty@wanadoo.fr,14 place de l'Église,76220,Mont-Rôty,https://lannuaire.service-public.gouv.fr/normandie/seine-maritime/fbec7bf1-5b8e-473b-8d76-746215b67cf0
Montigny,Mairie - Montigny,montigny-mairie@wanadoo.fr,425 rue du Lieutenent-Aubert,76380,Montigny,https://lannuaire.service-public.gouv.fr/normandie/seine-maritime/961c5a62-8cc9-4f26-a1d8-bd374b7c6aa8
Montivilliers,Mairie - Montivilliers,contact@ville-montivilliers.fr,1 place François-Mitterrand,76290,Montivilliers,https://lannuaire.service-public.gouv.fr/normandie/seine-maritime/27ac78f3-927b-45ee-8075-43cc8d636bcd
Montmain,Mairie - Montmain,mairie@montmain.fr,251 rue de la Mairie,76520,Montmain,https://lannuaire.service-public.gouv.fr/normandie/seine-maritime/573aa1de-6946-4ffe-8a92-42ff8ce46988
Montreuil-en-Caux,Mairie - Montreuil-en-Caux,montreuilencaux@wanadoo.fr,4 place de la Mairie,76850,Montreuil-en-Caux,https://lannuaire.service-public.gouv.fr/normandie/seine-maritime/9d1fa1aa-7b1f-4289-9910-5fe1fc630f8b
Montville,Mairie - Montville,info@montville.fr,21 place du Général-Leclerc,76710,Montville,https://lannuaire.service-public.gouv.fr/normandie/seine-maritime/53d6506a-78bf-4cb1-b62d-63b4c2d9d746
Montérolier,Mairie - Montérolier,monterolier.com@wanadoo.fr,3 route de l'Église,76680,Montérolier,https://lannuaire.service-public.gouv.fr/normandie/seine-maritime/3ff81652-025c-4863-87f5-ffcfaec94dc5
Morgny-la-Pommeraye,Mairie - Morgny-la-Pommeraye,mairie-morgny76@wanadoo.fr,85 rue du Gymnase,76750,Morgny-la-Pommeraye,https://lannuaire.service-public.gouv.fr/normandie/seine-maritime/0031a50b-74fc-4ceb-971d-9f3d78ecc617
Morienne,Mairie - Morienne,commune-de-morienne@orange.fr,3 place de la Mairie,76390,Morienne,https://lannuaire.service-public.gouv.fr/normandie/seine-maritime/0b2657ff-5339-48dc-bbc0-2ee208f351c5
Mortemer,Mairie - Mortemer,mairie.mortemer@orange.fr,5 route de l'Eaulne,76270,Mortemer,https://lannuaire.service-public.gouv.fr/normandie/seine-maritime/0bc96709-c673-4c99-ad8b-de6771cea0bd
Morville-le-Héron,Mairie - Morville-le-Héron,mairie-sg.morvillesurandelle@orange.fr,Morville-sur-Andelle 1240 rue Saint-Ouen,76780,Morville-le-Héron,https://lannuaire.service-public.gouv.fr/normandie/seine-maritime/82ec510a-5250-47ce-8444-f4aba9c7ef93
Motteville,Mairie - Motteville,mairie.sg.motteville@wanadoo.fr,1 place du Maréchal-de-Lattre-de-Tassigny,76970,Motteville,https://lannuaire.service-public.gouv.fr/normandie/seine-maritime/6dfd519c-a58f-46cf-98f1-a5af368d34b6
Moulineaux,Mairie - Moulineaux,accueil@mairiemoulineaux.fr,Place Catherine-Duchemin,76530,Moulineaux,https://lannuaire.service-public.gouv.fr/normandie/seine-maritime/6284954c-213b-4453-b852-30957cfd7a45
Muchedent,Mairie - Muchedent,mairie.muchedent@wanadoo.fr,Route de l'Église,76590,Muchedent,https://lannuaire.service-public.gouv.fr/normandie/seine-maritime/f1a03125-0046-4f74-9045-8055277d61e3
Mélamare,Mairie - Mélamare,mairie@melamare.fr,184 rue des Potiers,76170,Mélamare,https://lannuaire.service-public.gouv.fr/normandie/seine-maritime/cbd69dba-1131-4bfe-af0b-0f498053ff4c
Ménerval,Mairie - Ménerval,mairie.menerval@wanadoo.fr,1 place de la Mairie,76220,Ménerval,https://lannuaire.service-public.gouv.fr/normandie/seine-maritime/cf1ca091-5408-4ea7-96a4-bb3120b51fe9
Ménonval,Mairie - Ménonval,mairie-sg.menonval@wanadoo.fr,2 rue Jacques-Bernard,76270,Ménonval,https://lannuaire.service-public.gouv.fr/normandie/seine-maritime/e95f287b-b054-4266-89f6-994ce7f87066
Nesle-Hodeng,Mairie - Nesle-Hodeng,mairieneslehodeng@orange.fr,451 rue du Centre,76270,Nesle-Hodeng,https://lannuaire.service-public.gouv.fr/normandie/seine-maritime/92175b0a-2c74-450b-8edb-4086c74831ec
Nesle-Normandeuse,Mairie - Nesle-Normandeuse,maire@nesle-normandeuse.fr,Place de la Mairie,76340,Nesle-Normandeuse,https://lannuaire.service-public.gouv.fr/normandie/seine-maritime/60398034-98e9-44d0-8bb4-f9c28addd90b
Neuf-Marché,Mairie - Neuf-Marché,mairieneufmarche@orange.fr,4 rue Jules-Ferry,76220,Neuf-Marché,https://lannuaire.service-public.gouv.fr/normandie/seine-maritime/ad91c868-d9e1-4c53-b991-acfe269d0df8
Neufbosc,Mairie - Neufbosc,mairie-neufbosc@orange.fr,Route de Bradiancourt,76680,Neufbosc,https://lannuaire.service-public.gouv.fr/normandie/seine-maritime/b85b760d-0c30-4200-8bea-6226d9edfd96
Neufchâtel-en-Bray,Mairie - Neufchâtel-en-Bray,accueil@neufchatelenbray.fr,Espace François-Mitterrand,76270,Neufchâtel-en-Bray,https://lannuaire.service-public.gouv.fr/normandie/seine-maritime/037e0dcc-5165-4206-8c28-c124f2796316
Neuville-Ferrières,Mairie - Neuville-Ferrières,mairie.neuville.ferriere@orange.fr,Place de la Mairie,76270,Neuville-Ferrières,https://lannuaire.service-public.gouv.fr/normandie/seine-maritime/ff0928d7-1535-478a-b254-9dab60bcf809
Nointot,Mairie - Nointot,secretariat@nointot.fr,Rue de l'École,76210,Nointot,https://lannuaire.service-public.gouv.fr/normandie/seine-maritime/db66f0a7-0ee3-4745-9772-f31a84365939
Nolléval,Mairie - Nolléval,mairie-nolleval@wanadoo.fr,9 rue Marceau-Fortin,76780,Nolléval,https://lannuaire.service-public.gouv.fr/normandie/seine-maritime/a5c6aa60-6b0b-4115-a2d2-eceef227d840
Normanville,Mairie - Normanville,mairie-normanville@orange.fr,260 rue des Écoles,76640,Normanville,https://lannuaire.service-public.gouv.fr/normandie/seine-maritime/64ab93ae-70e3-42a5-bb3b-c8f6f0ab4481
Norville,Mairie - Norville,mairie@norville.fr,11 rue des Écoles,76330,Norville,https://lannuaire.service-public.gouv.fr/normandie/seine-maritime/108897d8-cd5f-4d24-be5c-44d3dc041e41
Notre-Dame-d'Aliermont,Mairie - Notre-Dame-d'Aliermont,mairie@ndaliermont.fr,97 Grande-Rue,76510,Notre-Dame-d'Aliermont,https://lannuaire.service-public.gouv.fr/normandie/seine-maritime/b9b70f5c-1591-4aeb-9a2a-e9c93b061181
Notre-Dame-de-Bliquetuit,Mairie - Notre-Dame-de-Bliquetuit,mairie@ndbliquetuit.fr,Hameau de l'Église 124 rue du Petit-Village,76940,Notre-Dame-de-Bliquetuit,https://lannuaire.service-public.gouv.fr/normandie/seine-maritime/319b1cac-dc04-4bde-aed9-bca11fd4682a
Notre-Dame-de-Bondeville,Mairie - Notre-Dame-de-Bondeville,accueil@ville-nd-bondeville.fr,Place Schoelcher,76960,Notre-Dame-de-Bondeville,https://lannuaire.service-public.gouv.fr/normandie/seine-maritime/8200b92c-c134-41fa-bccc-9ab6489f3880
Notre-Dame-du-Bec,Mairie - Notre-Dame-du-Bec,mairie@notredamedubec.fr,31 route de la Lézarde,76133,Notre-Dame-du-Bec,https://lannuaire.service-public.gouv.fr/normandie/seine-maritime/817f2d15-3a69-4fda-ad56-9e6ce6bc7d71
Notre-Dame-du-Parc,Mairie - Notre-Dame-du-Parc,mairie.sg.notredameduparc@wanadoo.fr,50 route du Parc,76590,Notre-Dame-du-Parc,https://lannuaire.service-public.gouv.fr/normandie/seine-maritime/0a502bf1-31d5-469a-8c4d-9e3933df4260
Nullemont,Mairie - Nullemont,mairiedenullemont@wanadoo.fr,31 rue de l'Église,76390,Nullemont,https://lannuaire.service-public.gouv.fr/normandie/seine-maritime/05beb6f4-7786-44d3-a064-33920d595f56
Néville,Mairie - Néville,mairie-neville@wanadoo.fr,Rue de l'Église,76460,Néville,https://lannuaire.service-public.gouv.fr/normandie/seine-maritime/427cd101-e12b-46d6-9729-519ad8b7d0b4
Ocqueville,Mairie - Ocqueville,mairie.ocqueville@wanadoo.fr,Rue du Four-à-Pain,76450,Ocqueville,https://lannuaire.service-public.gouv.fr/normandie/seine-maritime/a3322f37-6ddd-463d-a6c4-c3bc633f78e1
Octeville-sur-Mer,Mairie - Octeville-sur-Mer,mairie@octevillesurmer.fr,Place du Général-de-Gaulle,76930,Octeville-sur-Mer,https://lannuaire.service-public.gouv.fr/normandie/seine-maritime/2231a5a3-9786-46e2-954c-c26ed0150614
Offranville,Mairie - Offranville,mairie@offranville.fr,1 rue Jehan-Véron,76550,Offranville,https://lannuaire.service-public.gouv.fr/normandie/seine-maritime/58416538-cf73-4d71-a258-4017f2d6dab0
Oherville,Mairie - Oherville,mairie.oherville@orange.fr,1066 route de la Vallée,76560,Oherville,https://lannuaire.service-public.gouv.fr/normandie/seine-maritime/ddb15658-1e1c-4ff4-b4e0-95e50e50bbf6
Oissel-sur-Seine,Mairie - Oissel-sur-Seine,affaires-generales@ville-oissel.fr,Place du 8-Mai-1945,76350,Oissel-sur-Seine,https://lannuaire.service-public.gouv.fr/normandie/seine-maritime/fcfdd11a-0743-4585-bd37-2049bd87e5d2
Omonville,Mairie - Omonville,mairie.omonville@wanadoo.fr,735 rue Jacob-Bontemps,76730,Omonville,https://lannuaire.service-public.gouv.fr/normandie/seine-maritime/474152e4-dbcb-4a8b-8669-4d182784d696
Orival,Mairie - Orival,mairie@orival76.fr,2 avenue des Tilleuls,76500,Orival,https://lannuaire.service-public.gouv.fr/normandie/seine-maritime/0ed533cf-4547-4ba2-8478-37cea47f8e24
Osmoy-Saint-Valery,Mairie - Osmoy-Saint-Valery,mairie.osmoystvalery@wanadoo.fr,Le Bourg,76660,Osmoy-Saint-Valery,https://lannuaire.service-public.gouv.fr/normandie/seine-maritime/ae38d22f-27e0-465e-b40e-e874fcbad059
Ouainville,Mairie - Ouainville,mairie.ouainville@bbox.fr,100 rue J-H-Curry,76450,Ouainville,https://lannuaire.service-public.gouv.fr/normandie/seine-maritime/95700a2d-320b-4fef-b127-3c337cf8c9e2
Oudalle,Mairie - Oudalle,mairieoudalle@wanadoo.fr,125 route de l'Église,76430,Oudalle,https://lannuaire.service-public.gouv.fr/normandie/seine-maritime/472f64fb-af28-4546-9c17-a9909eb7d0d3
Ourville-en-Caux,Mairie - Ourville-en-Caux,ourville@cote-albatre.com,1 place Jean-Lepicard,76450,Ourville-en-Caux,https://lannuaire.service-public.gouv.fr/normandie/seine-maritime/6c0af7b5-438d-4244-aded-83c7c96ca3be
Ouville-l'Abbaye,Mairie - Ouville-l'Abbaye,mairie@ouvillelabbaye.fr,50 route de Criquetot,76760,Ouville-l'Abbaye,https://lannuaire.service-public.gouv.fr/normandie/seine-maritime/32a7f03b-f115-4c03-b355-9986a9046652
Ouville-la-Rivière,Mairie - Ouville-la-Rivière,mairie.ouvillelariviere@orange.fr,537 rue du Général-de-Gaulle,76860,Ouville-la-Rivière,https://lannuaire.service-public.gouv.fr/normandie/seine-maritime/949e7411-76a3-4c78-9417-804e7f6e3c32
Paluel,Mairie - Paluel,accueil.mairie@mairie-paluel.fr,Place Henri-de-Sancy,76450,Paluel,https://lannuaire.service-public.gouv.fr/normandie/seine-maritime/2b9cde81-8cd4-40d4-b568-d1b149c9bb9f
Parc-d'Anxtot,Mairie - Parc-d'Anxtot,mairieparcdanxtot@wanadoo.fr,18 rue Saint-Blaise,76210,Parc-d'Anxtot,https://lannuaire.service-public.gouv.fr/normandie/seine-maritime/a1bdd479-2f4e-47d1-a6b0-e89d26572ff8
Pavilly,Mairie - Pavilly,accueil.mairie@pavilly.fr,Place du Général-de-Gaulle,76570,Pavilly,https://lannuaire.service-public.gouv.fr/normandie/seine-maritime/fb6ac055-11c3-4a78-8cf1-db2b879921f6
Petit-Caux,Mairie - Petit-Caux,,Saint-Martin-en-Campagne 3 rue du Val-des-Comtes,76370,Petit-Caux,https://lannuaire.service-public.gouv.fr/normandie/seine-maritime/f98e4a6b-5e6d-4d6b-92bf-6d16e6e4430e
Petit-Couronne,Mairie - Petit-Couronne,contact@ville-petit-couronne.fr,Place de la Libération,76650,Petit-Couronne,https://lannuaire.service-public.gouv.fr/normandie/seine-maritime/2c378676-046c-4ec3-b5d9-06b797eecaaa
Petiville,Mairie - Petiville,mairie@petiville.fr,1791 Grand rue,76330,Petiville,https://lannuaire.service-public.gouv.fr/normandie/seine-maritime/95e242a0-09a4-4b3c-9f02-7cbd01bc2f0b
Pierrecourt,Mairie - Pierrecourt,mairie.pierrecourt@orange.fr,8 rue de la Mairie,76340,Pierrecourt,https://lannuaire.service-public.gouv.fr/normandie/seine-maritime/37285c81-763f-45bd-a244-41b8a23ce342
Pierrefiques,Mairie - Pierrefiques,mairie.pierrefiques@wanadoo.fr,916 rue du Village,76280,Pierrefiques,https://lannuaire.service-public.gouv.fr/normandie/seine-maritime/97f905fc-a09d-4092-9745-b42d07db3d12
Pierreval,Mairie - Pierreval,mairie-sg.pierreval@orange.fr,Place de l'Église,76750,Pierreval,https://lannuaire.service-public.gouv.fr/normandie/seine-maritime/f3d5f1ca-37c6-4d8e-92d6-fc4f8c1696ef
Pissy-Pôville,Mairie - Pissy-Pôville,mairie@pissy-poville.fr,415 route de la Mairie,76360,Pissy-Pôville,https://lannuaire.service-public.gouv.fr/normandie/seine-maritime/ccd262b3-0a40-4ef8-bad7-267eb2f0a720
Pleine-Sève,Mairie - Pleine-Sève,mairie@pleine-seve.fr,5 allée de la Mairie,76460,Pleine-Sève,https://lannuaire.service-public.gouv.fr/normandie/seine-maritime/ba9154a2-32f2-40e1-b628-c5386d6e1197
Pommereux,Mairie - Pommereux,mairie.pommereux@wanadoo.fr,Rue du Lavoir,76440,Pommereux,https://lannuaire.service-public.gouv.fr/normandie/seine-maritime/a197f6f7-a99c-4c09-995a-2fd9ded42ff6
Pommeréval,Mairie - Pommeréval,mairie-sg.pommereval@wanadoo.fr,566 route de Dieppe,76680,Pommeréval,https://lannuaire.service-public.gouv.fr/normandie/seine-maritime/9c7c1133-8378-4fa0-b4fd-612d9c79ff49
Ponts-et-Marais,Mairie - Ponts-et-Marais,mairie@pontsetmarais.fr,4 rue Legout-Lesage,76260,Ponts-et-Marais,https://lannuaire.service-public.gouv.fr/normandie/seine-maritime/4dc7bc6a-3b8f-4836-834f-11da8bba53ae
Port-Jérôme-sur-Seine,Mairie - Port-Jérôme-sur-Seine,mairie@pj2s.fr,10 place d'Isny,76330,Port-Jérôme-sur-Seine,https://lannuaire.service-public.gouv.fr/normandie/seine-maritime/fede55a8-22e7-43e5-91a2-a7526b79ca8a
Preuseville,Mairie - Preuseville,mairie-sg.preuseville@wanadoo.fr,2 route de Clais,76660,Preuseville,https://lannuaire.service-public.gouv.fr/normandie/seine-maritime/c2cf15d7-f9cd-4624-9e90-4471c873f08d
Préaux,Mairie - Préaux,contactmairie@preaux76.fr,1 place de la Mairie,76160,Préaux,https://lannuaire.service-public.gouv.fr/normandie/seine-maritime/bb899391-aac9-420a-a75a-66f39182c29a
Prétot-Vicquemare,Mairie - Prétot-Vicquemare,mairie-sg.pretotvicquemare@wanadoo.fr,3 route André-Raimbourg,76560,Prétot-Vicquemare,https://lannuaire.service-public.gouv.fr/normandie/seine-maritime/b838f642-63fc-4c06-aedb-ad3323ff8c2c
Puisenval,Mairie - Puisenval,mairie-sg.puisenval@wanadoo.fr,Rue Blanchard,76660,Puisenval,https://lannuaire.service-public.gouv.fr/normandie/seine-maritime/925027fb-c4a1-4302-95ad-14944f831134
Quevillon,Mairie - Quevillon,mairie-sg.quevillon@wanadoo.fr,7 route de la Rivière-Bourdet,76840,Quevillon,https://lannuaire.service-public.gouv.fr/normandie/seine-maritime/c374cffc-0b7f-4e3b-bfdb-f8f6a21efbec
Quiberville-sur-Mer,Mairie - Quiberville-sur-Mer,contact@quibervillesurmer.net,1 place de la Mairie,76860,Quiberville-sur-Mer,https://lannuaire.service-public.gouv.fr/normandie/seine-maritime/ac28a6aa-8657-4f86-925f-95a8c89f1831
Quincampoix,Mairie - Quincampoix,info@mairie-quincampoix.fr,Place de la Mairie,76230,Quincampoix,https://lannuaire.service-public.gouv.fr/normandie/seine-maritime/17d7237e-a647-4863-88cc-b296ccecc51a
Quièvrecourt,Mairie - Quièvrecourt,mairie-sg.quievrecourt@wanadoo.fr,2 A route de Neufchatel,76270,Quièvrecourt,https://lannuaire.service-public.gouv.fr/normandie/seine-maritime/b904590a-2249-450d-9484-d7fdd09d8ad9
Quévreville-la-Poterie,Mairie - Quévreville-la-Poterie,mairie@quevreville.fr,Grande-Rue,76520,Quévreville-la-Poterie,https://lannuaire.service-public.gouv.fr/normandie/seine-maritime/f5bf05bc-c4e1-400d-9b15-9250f9ca2e26
Raffetot,Mairie - Raffetot,mairie.raffetot@wanadoo.fr,Rue de la Mairie,76210,Raffetot,https://lannuaire.service-public.gouv.fr/normandie/seine-maritime/0228e76e-44c8-44b1-8fa2-50918590dd43
Rainfreville,Mairie - Rainfreville,mairie.rainfreville@orange.fr,Rue Eugène-Flaman,76730,Rainfreville,https://lannuaire.service-public.gouv.fr/normandie/seine-maritime/edafb4d3-75b4-48f2-b456-53297b987f42
Rebets,Mairie - Rebets,mairiederebets@wanadoo.fr,1 rue de l'Église,76750,Rebets,https://lannuaire.service-public.gouv.fr/normandie/seine-maritime/e401245c-21a3-4fd6-8af9-8ab6880c8dc9
Reuville,Mairie - Reuville,mairie-sg.reuville@wanadoo.fr,2 route du Bourg-Joly,76560,Reuville,https://lannuaire.service-public.gouv.fr/normandie/seine-maritime/0096e26a-6b3b-4a64-ae6d-06a8adc4334e
Ricarville-du-Val,Mairie - Ricarville-du-Val,mairie.ricarvilleduval@gmail.com,8 rue du Charme,76510,Ricarville-du-Val,https://lannuaire.service-public.gouv.fr/normandie/seine-maritime/108e965f-2bed-4bdb-bab8-9ed5396844aa
Richemont,Mairie - Richemont,richemont.mairie76@wanadoo.fr,39 rue Centrale,76390,Richemont,https://lannuaire.service-public.gouv.fr/normandie/seine-maritime/65140bd1-1560-4a30-a3ee-5d6ccab55f18
Rieux,Mairie - Rieux,mairie-sg.rieux@wanadoo.fr,24 rue de Dieppe,76340,Rieux,https://lannuaire.service-public.gouv.fr/normandie/seine-maritime/0ea62739-412d-475b-9140-825cb9c70cfc
Rives-en-Seine,Mairie - Rives-en-Seine,mairie@rives-en-seine.fr,Caudebec-en-Caux 1 avenue Winston-Churchill,76490,Rives-en-Seine,https://lannuaire.service-public.gouv.fr/normandie/seine-maritime/c17d70a3-074b-457b-9699-98ba60a30ce5
Riville,Mairie - Riville,mairie.de.riville@wanadoo.fr,1 rue du Calvaire,76540,Riville,https://lannuaire.service-public.gouv.fr/normandie/seine-maritime/042b6f2b-61d6-489f-93a8-7ae44b4fa1a1
Robertot,Mairie - Robertot,mairie.sg.robertot@wanadoo.fr,90 rue de la Mairie,76560,Robertot,https://lannuaire.service-public.gouv.fr/normandie/seine-maritime/c4053ae7-9829-48c7-a3d9-7ecfc3a9b639
Rocquefort,Mairie - Rocquefort,mairie.rocquefort@wanadoo.fr,125 rue de la Mairie,76640,Rocquefort,https://lannuaire.service-public.gouv.fr/normandie/seine-maritime/00957610-2b95-47c2-a9ef-fca59e417677
Rocquemont,Mairie - Rocquemont,mairie-sg.rocquemont@orange.fr,1 place de la Mairie,76680,Rocquemont,https://lannuaire.service-public.gouv.fr/normandie/seine-maritime/88a4523a-49b9-40ff-a90d-59bee7de9631
Rogerville,Mairie - Rogerville,mairie@ville-rogerville.fr,7 rue René-Coty,76700,Rogerville,https://lannuaire.service-public.gouv.fr/normandie/seine-maritime/5589ea19-ec42-403a-a224-cd3f7ab6e425
Rolleville,Mairie - Rolleville,mairie@rolleville.net,19 rue Abbé-Maz,76133,Rolleville,https://lannuaire.service-public.gouv.fr/normandie/seine-maritime/5e905236-d9cd-446c-97d8-aea5c4e44a3a
Roncherolles-en-Bray,Mairie - Roncherolles-en-Bray,mairieroncherolles-en-bray@wanadoo.fr,40 rue de la Mairie,76440,Roncherolles-en-Bray,https://lannuaire.service-public.gouv.fr/normandie/seine-maritime/39ac18d3-9efd-4aa0-830d-3c0d1e9cff40
Roncherolles-sur-le-Vivier,Mairie - Roncherolles-sur-le-Vivier,secretariatgeneral@mairie-roncherollesvivier.fr,72 rue de l'Église,76160,Roncherolles-sur-le-Vivier,https://lannuaire.service-public.gouv.fr/normandie/seine-maritime/9ec570b9-187c-40a9-a7cf-3bfd54bd018b
Ronchois,Mairie - Ronchois,mairie-sg.ronchois@wanadoo.fr,24 rue des Cerisiers,76390,Ronchois,https://lannuaire.service-public.gouv.fr/normandie/seine-maritime/3b0e91d4-38c9-4273-9bb0-e05705c955e0
Rosay,Mairie - Rosay,rosay76@orange.fr,5 route de la Briqueterie,76680,Rosay,https://lannuaire.service-public.gouv.fr/normandie/seine-maritime/4930534c-68d0-4753-b1fe-93748b0a79bd
Rouen,Mairie - Rouen,rouen@rouen.fr,2 place du Général-de-Gaulle,76000,Rouen,https://lannuaire.service-public.gouv.fr/normandie/seine-maritime/714de63f-0737-4603-8593-c0d04e4c378d
Roumare,Mairie - Roumare,mairie@roumare.fr,Place de la Mairie,76480,Roumare,https://lannuaire.service-public.gouv.fr/normandie/seine-maritime/34c8c970-8b95-4fa1-9357-c9fcf9a210b6
Routes,Mairie - Routes,mairie@mairie-routes.fr,131 rue du Labeur,76560,Routes,https://lannuaire.service-public.gouv.fr/normandie/seine-maritime/817a726c-cd33-41e5-b449-bd14dff6a0e6
Rouville,Mairie - Rouville,mairie@rouville.fr,1 place du Presbytère,76210,Rouville,https://lannuaire.service-public.gouv.fr/normandie/seine-maritime/9bed37b2-6a34-45e8-a6e5-49ac2314b211
Rouvray-Catillon,Mairie - Rouvray-Catillon,mairie.rouvray-catillon@orange.fr,138 rue de l'Église,76440,Rouvray-Catillon,https://lannuaire.service-public.gouv.fr/normandie/seine-maritime/8cf97757-ce33-4993-b1b3-d9b5d121d147
Rouxmesnil-Bouteilles,Mairie - Rouxmesnil-Bouteilles,accueil@mairie-rb.fr,Rue du Champ-de-Courses,76370,Rouxmesnil-Bouteilles,https://lannuaire.service-public.gouv.fr/normandie/seine-maritime/657c6cd3-ac48-41b0-9268-0ef265e69a97
Royville,Mairie - Royville,mairiederoyville@wanadoo.fr,Place de la Mairie,76730,Royville,https://lannuaire.service-public.gouv.fr/normandie/seine-maritime/53f6358c-8bd6-4044-ae61-e6f583ce4774
Ry,Mairie - Ry,accueil.mairie@mairie-ry.fr,Grande rue,76116,Ry,https://lannuaire.service-public.gouv.fr/normandie/seine-maritime/6518a8cc-8476-4627-8828-ffdcdf886bd7
Réalcamp,Mairie - Réalcamp,de-realcamp.commune@wanadoo.fr,10 rue de l'Église,76340,Réalcamp,https://lannuaire.service-public.gouv.fr/normandie/seine-maritime/8e7948f9-9d31-4b2f-a2e6-236b87aad0a1
Rétonval,Mairie - Rétonval,retonval-mairie2@wanadoo.fr,2 rue de la Ventilette,76340,Rétonval,https://lannuaire.service-public.gouv.fr/normandie/seine-maritime/009f2d35-f947-435b-8698-fb02e4797835
Sahurs,Mairie - Sahurs,commune-de-sahurs2@orange.fr,Place Maurice-Alexandre,76113,Sahurs,https://lannuaire.service-public.gouv.fr/normandie/seine-maritime/a83798a3-bf3b-4b30-a111-3b6378377ff7
Sainneville,Mairie - Sainneville,mairie@sainnevillesurseine.fr,1 place de l'Église,76430,Sainneville,https://lannuaire.service-public.gouv.fr/normandie/seine-maritime/a72b457d-f219-45f3-b6cf-f38e6b9f7956
Saint-Aignan-sur-Ry,Mairie - Saint-Aignan-sur-Ry,mairie.staignansurry@wanadoo.fr,1 place des Acacias,76116,Saint-Aignan-sur-Ry,https://lannuaire.service-public.gouv.fr/normandie/seine-maritime/5891b82e-d7e3-468e-bbd4-32049dfc8331
Saint-André-sur-Cailly,Mairie - Saint-André-sur-Cailly,contact@saintandresurcailly.fr,Route de Cailly,76690,Saint-André-sur-Cailly,https://lannuaire.service-public.gouv.fr/normandie/seine-maritime/5daff645-4528-4a2e-bbf3-296d8aa09078
Saint-Antoine-la-Forêt,Mairie - Saint-Antoine-la-Forêt,saintantoinelaforet@orange.fr,27 rue de l'Église,76170,Saint-Antoine-la-Forêt,https://lannuaire.service-public.gouv.fr/normandie/seine-maritime/b8800309-f277-4f97-8219-0226c3838851
Saint-Arnoult,Mairie - Saint-Arnoult,,13 rue Henri-Falaise,76490,Saint-Arnoult,https://lannuaire.service-public.gouv.fr/normandie/seine-maritime/660b39ef-4b6a-45c7-a499-c6c3e4a5c888
Saint-Aubin-Celloville,Mairie - Saint-Aubin-Celloville,mairie@staubincelloville.fr,Place de la Mairie,76520,Saint-Aubin-Celloville,https://lannuaire.service-public.gouv.fr/normandie/seine-maritime/dd3e80a6-8b65-49a3-8172-0d4815b7e5ff
Saint-Aubin-Routot,Mairie - Saint-Aubin-Routot,mairie@saint-aubin-routot.fr,10 rue de l'Église,76430,Saint-Aubin-Routot,https://lannuaire.service-public.gouv.fr/normandie/seine-maritime/a20fa989-1cb9-4944-841b-207667cd0fe0
Saint-Aubin-de-Crétot,Mairie - Saint-Aubin-de-Crétot,mairie@staubincretot.fr,25 rue de la Mairie,76190,Saint-Aubin-de-Crétot,https://lannuaire.service-public.gouv.fr/normandie/seine-maritime/c0405cdc-eddc-412e-8243-62ef860ec2f1
Saint-Aubin-le-Cauf,Mairie - Saint-Aubin-le-Cauf,communestaubinlecauf@wanadoo.fr,Place Christian-Pajot,76510,Saint-Aubin-le-Cauf,https://lannuaire.service-public.gouv.fr/normandie/seine-maritime/6dc06afb-5bb3-43e6-9812-82e68e195839
Saint-Aubin-lès-Elbeuf,Mairie - Saint-Aubin-lès-Elbeuf,communication@ville-saint-aubin-les-elbeuf.fr,Esplanade de Pattensen,76410,Saint-Aubin-lès-Elbeuf,https://lannuaire.service-public.gouv.fr/normandie/seine-maritime/090fc254-6f6f-4b13-8a96-d1f91990f918
Saint-Aubin-sur-Mer,Mairie - Saint-Aubin-sur-Mer,mairie.staubinsurmer.76@wanadoo.fr,100 rue de la Mairie,76740,Saint-Aubin-sur-Mer,https://lannuaire.service-public.gouv.fr/normandie/seine-maritime/82ac6d85-528b-4ab6-af29-707e24b5405f
Saint-Aubin-sur-Scie,Mairie - Saint-Aubin-sur-Scie,mairie@saint-aubin-sur-scie.fr,55 rue du Val-Gosset,76550,Saint-Aubin-sur-Scie,https://lannuaire.service-public.gouv.fr/normandie/seine-maritime/15e607f6-92ae-4727-92dc-81d11acf0584
Saint-Aubin-Épinay,Mairie - Saint-Aubin-Épinay,mairie.saintaubinepinay@gmail.com,3875 route de Lyons-la-Forêt,76160,Saint-Aubin-Épinay,https://lannuaire.service-public.gouv.fr/normandie/seine-maritime/4ff006db-80e5-4360-bf39-3087abbbe882
Saint-Clair-sur-les-Monts,Mairie - Saint-Clair-sur-les-Monts,mairie-sg.stclairsurlesmonts@wanadoo.fr,133 rue de l'Église,76190,Saint-Clair-sur-les-Monts,https://lannuaire.service-public.gouv.fr/normandie/seine-maritime/c67c5060-480b-47bc-8163-96624f27e509
Saint-Crespin,Mairie - Saint-Crespin,mairie.stcrespin@orange.fr,42 route de la Scie,76590,Saint-Crespin,https://lannuaire.service-public.gouv.fr/normandie/seine-maritime/613f7096-0fdf-49cd-b4f8-34b822fad899
Saint-Denis-d'Aclon,Mairie - Saint-Denis-d'Aclon,mairiestdenisdaclon@orange.fr,13 rue du Saule,76860,Saint-Denis-d'Aclon,https://lannuaire.service-public.gouv.fr/normandie/seine-maritime/93e69640-6988-4570-bdfc-f15fcf6847f4
Saint-Denis-le-Thiboult,Mairie - Saint-Denis-le-Thiboult,mairie@saintdenislethiboult.fr,600 route de la Vallée,76116,Saint-Denis-le-Thiboult,https://lannuaire.service-public.gouv.fr/normandie/seine-maritime/f16fb347-8955-47d2-8c17-dc0654bf7257
Saint-Denis-sur-Scie,Mairie - Saint-Denis-sur-Scie,mairie@stdenissurscie76.fr,66 A impasse de l'Église,76890,Saint-Denis-sur-Scie,https://lannuaire.service-public.gouv.fr/normandie/seine-maritime/16565568-b53d-4998-bbb4-98bd3ab28fbc
Saint-Eustache-la-Forêt,Mairie - Saint-Eustache-la-Forêt,mairie@steustachelaforet.fr,84 Grande rue,76210,Saint-Eustache-la-Forêt,https://lannuaire.service-public.gouv.fr/normandie/seine-maritime/1951814f-abb6-430e-9469-e238ca69e035
Saint-Georges-sur-Fontaine,Mairie - Saint-Georges-sur-Fontaine,secretariat1@saintgeorgessurfontaine.com,168 place du Village,76690,Saint-Georges-sur-Fontaine,https://lannuaire.service-public.gouv.fr/normandie/seine-maritime/c85ba3ca-4c59-40c6-867d-4f373cfd61d5
Saint-Germain-d'Étables,Mairie - Saint-Germain-d'Étables,stgermain4@wanadoo.fr,38 route de Dieppe,76590,Saint-Germain-d'Étables,https://lannuaire.service-public.gouv.fr/normandie/seine-maritime/6c76d746-787f-41fe-be7d-cd57c4d523f4
Saint-Germain-des-Essourts,Mairie - Saint-Germain-des-Essourts,mairie.st.ger.essourts@wanadoo.fr,Route de Boissay,76750,Saint-Germain-des-Essourts,https://lannuaire.service-public.gouv.fr/normandie/seine-maritime/6ac1271c-cccd-468a-bacf-921281c0f35b
Saint-Germain-sous-Cailly,Mairie - Saint-Germain-sous-Cailly,communedesaintgermainsouscailly@wanadoo.fr,67 route de la Mairie,76690,Saint-Germain-sous-Cailly,https://lannuaire.service-public.gouv.fr/normandie/seine-maritime/c0f4f367-f9db-48c8-b349-5b119a310b13
Saint-Germain-sur-Eaulne,Mairie - Saint-Germain-sur-Eaulne,mairie-sg.stgermainsureaulne@wanadoo.fr,31 rue de l'Eaulne,76270,Saint-Germain-sur-Eaulne,https://lannuaire.service-public.gouv.fr/normandie/seine-maritime/1e44ae31-14b0-4c6d-8cfe-2b0ea67a830b
Saint-Gilles-de-Crétot,Mairie - Saint-Gilles-de-Crétot,mairie@stgillesdecretot.fr,1 place Colette-Vagnier,76490,Saint-Gilles-de-Crétot,https://lannuaire.service-public.gouv.fr/normandie/seine-maritime/9cea3a33-94af-4afb-9730-082e27ea08c8
Saint-Gilles-de-la-Neuville,Mairie - Saint-Gilles-de-la-Neuville,mairie@stgillesdelaneuville.net,42 route du Parc-d'Anxtot,76430,Saint-Gilles-de-la-Neuville,https://lannuaire.service-public.gouv.fr/normandie/seine-maritime/a28bbbc6-78ea-4e62-bcf2-7e9917af9b7c
Saint-Hellier,Mairie - Saint-Hellier,mairie.st-hellier76@wanadoo.fr,35 rue des Vallons,76680,Saint-Hellier,https://lannuaire.service-public.gouv.fr/normandie/seine-maritime/39059e5d-e76d-4d78-9965-6c4bf6c537d2
Saint-Honoré,Mairie - Saint-Honoré,mairiesthonore@wanadoo.fr,228 rue Charles Henri d'Andray,76590,Saint-Honoré,https://lannuaire.service-public.gouv.fr/normandie/seine-maritime/7688ad92-9f53-4788-8408-f0560b3d0486
Saint-Jacques-d'Aliermont,Mairie - Saint-Jacques-d'Aliermont,mairie@stjacquesaliermont.fr,325 rue de la Mairie,76510,Saint-Jacques-d'Aliermont,https://lannuaire.service-public.gouv.fr/normandie/seine-maritime/46e558a2-54ce-4ac3-a250-b74b0c6942a0
Saint-Jacques-sur-Darnétal,Mairie - Saint-Jacques-sur-Darnétal,mairie@mairie-st-jacques.fr,20 rue de Verdun,76160,Saint-Jacques-sur-Darnétal,https://lannuaire.service-public.gouv.fr/normandie/seine-maritime/e53dc702-ae63-4c7a-a1cc-df99c2b1ca9f
Saint-Jean-de-Folleville,Mairie - Saint-Jean-de-Folleville,mairie@saintjeandefolleville.fr,8 rue de l'Église,76170,Saint-Jean-de-Folleville,https://lannuaire.service-public.gouv.fr/normandie/seine-maritime/df1ff47b-d56f-4a8c-8ab8-979b9908e1ae
Saint-Jean-de-la-Neuville,Mairie - Saint-Jean-de-la-Neuville,mairie@stjeandelaneuville76.fr,15 rue Principale,76210,Saint-Jean-de-la-Neuville,https://lannuaire.service-public.gouv.fr/normandie/seine-maritime/47faab18-632d-4935-b6bc-2d9509bfe08e
Saint-Jean-du-Cardonnay,Mairie - Saint-Jean-du-Cardonnay,secretariat@stjeanducardonnay.fr,Place de la Mairie,76150,Saint-Jean-du-Cardonnay,https://lannuaire.service-public.gouv.fr/normandie/seine-maritime/2cd6671e-2ecd-4477-90a1-ed04d6d86844
Saint-Jouin-Bruneval,Mairie - Saint-Jouin-Bruneval,mairie@st-jouin-bruneval.fr,2 place Stéphane-Hessel,76280,Saint-Jouin-Bruneval,https://lannuaire.service-public.gouv.fr/normandie/seine-maritime/c01f2908-44ab-4c32-95db-6cccd5eea991
Saint-Laurent-de-Brèvedent,Mairie - Saint-Laurent-de-Brèvedent,mairie@stlaurentdebrevedent.fr,6 place de la Mairie,76700,Saint-Laurent-de-Brèvedent,https://lannuaire.service-public.gouv.fr/normandie/seine-maritime/375ef4d6-d328-4ec9-8306-327507667a55
Saint-Laurent-en-Caux,Mairie - Saint-Laurent-en-Caux,mairiedestlaurentencaux@wanadoo.fr,1 place Jacques-Loutrel,76560,Saint-Laurent-en-Caux,https://lannuaire.service-public.gouv.fr/normandie/seine-maritime/ecfe5daa-4ecd-49f2-a1aa-c00d22ea1053
Saint-Lucien,Mairie - Saint-Lucien,communedesaintlucien999@orange.fr,127 route de Nolleval,76780,Nolleval,https://lannuaire.service-public.gouv.fr/normandie/seine-maritime/6290b156-2e8d-4867-8ce8-64b79c26a95d
Saint-Léger-aux-Bois,Mairie - Saint-Léger-aux-Bois,mairie.stlegerauxbois@gmail.com,8 rue du Bourg,76340,Saint-Léger-aux-Bois,https://lannuaire.service-public.gouv.fr/normandie/seine-maritime/7ba6d348-1111-4507-b195-cc1c09e1d3bd
Saint-Léger-du-Bourg-Denis,Mairie - Saint-Léger-du-Bourg-Denis,mairie@ville-stleger76.fr,829 route de Lyons,76160,Saint-Léger-du-Bourg-Denis,https://lannuaire.service-public.gouv.fr/normandie/seine-maritime/83550f6e-f0ee-4acf-aebe-a82c12942578
Saint-Léonard,Mairie - Saint-Léonard,courrier@saint-leonard.fr,1 rue Victor-Coviaux,76400,Saint-Léonard,https://lannuaire.service-public.gouv.fr/normandie/seine-maritime/36379876-bcce-458d-8f8b-57a1000d589d
Saint-Maclou-de-Folleville,Mairie - Saint-Maclou-de-Folleville,secretariat@smfolleville.fr,591 route de la Gare,76890,Saint-Maclou-de-Folleville,https://lannuaire.service-public.gouv.fr/normandie/seine-maritime/9c97cc62-d0c9-4f1a-af79-16d2eed3665e
Saint-Maclou-la-Brière,Mairie - Saint-Maclou-la-Brière,mairie.saintmacloulabriere@wanadoo.fr,167 route de Bolbec,76110,Saint-Maclou-la-Brière,https://lannuaire.service-public.gouv.fr/normandie/seine-maritime/c7dda69a-f61c-427d-a494-4885a88069b4
Saint-Mards,Mairie - Saint-Mards,mairie-stmards@wanadoo.fr,2 impasse de la Mairie,76730,Saint-Mards,https://lannuaire.service-public.gouv.fr/normandie/seine-maritime/bcc825ad-b69f-4fde-bb66-dc258da899bc
Saint-Martin-Osmonville,Mairie - Saint-Martin-Osmonville,mairie.sg.smo@wanadoo.fr,9 route de la Libération,76680,Saint-Martin-Osmonville,https://lannuaire.service-public.gouv.fr/normandie/seine-maritime/2860d2cc-7177-4a7f-b03f-9cb68a637340
Saint-Martin-au-Bosc,Mairie - Saint-Martin-au-Bosc,mairie.saint.martin.au.bosc@orange.fr,22 route Principale,76340,Saint-Martin-au-Bosc,https://lannuaire.service-public.gouv.fr/normandie/seine-maritime/f8edd1f9-9c7f-48ae-85a0-20a0ee5dc50f
Saint-Martin-aux-Arbres,Mairie - Saint-Martin-aux-Arbres,mairie-saint-martin-aux-arbres@wanadoo.fr,160 rue Abbé-Pierre-Deleau,76760,Saint-Martin-aux-Arbres,https://lannuaire.service-public.gouv.fr/normandie/seine-maritime/261fd002-afd8-4f81-af44-3d617d8d84b3
Saint-Martin-aux-Buneaux,Mairie - Saint-Martin-aux-Buneaux,commune.stmartinauxbuneaux@wanadoo.fr,3 route des Petites-Dalles,76450,Saint-Martin-aux-Buneaux,https://lannuaire.service-public.gouv.fr/normandie/seine-maritime/f251aae3-d342-4498-a318-6fe8c3d70289
Saint-Martin-de-Boscherville,Mairie - Saint-Martin-de-Boscherville,mairie-st-martin@boscherville.fr,17 chaussée Saint-Georges,76840,Saint-Martin-de-Boscherville,https://lannuaire.service-public.gouv.fr/normandie/seine-maritime/99e076ac-4420-4fd9-87eb-1c9acaa7e609
Saint-Martin-de-l'If,Mairie - Saint-Martin-de-l'If,mairie@saintmartindelif.fr,Fréville 47 rue d'Yvetot,76190,Saint-Martin-de-l'If,https://lannuaire.service-public.gouv.fr/normandie/seine-maritime/298c9d9c-7d1c-4993-a800-cb067a2f71b8
Saint-Martin-du-Bec,Mairie - Saint-Martin-du-Bec,mairie@saintmartindubec.com,Place des Pommiers,76133,Saint-Martin-du-Bec,https://lannuaire.service-public.gouv.fr/normandie/seine-maritime/e9845453-4eb8-437d-a335-f96c5b0c0b2f
Saint-Martin-du-Manoir,Mairie - Saint-Martin-du-Manoir,accueil@mairie-saintmartindumanoir.fr,6 rue Jacques-Paillette,76290,Saint-Martin-du-Manoir,https://lannuaire.service-public.gouv.fr/normandie/seine-maritime/2be932f7-9881-4876-b623-f6933def0e22
Saint-Martin-du-Vivier,Mairie - Saint-Martin-du-Vivier,secretariat1@saintmartinduvivier.fr,1345 route de la Vallée,76160,Saint-Martin-du-Vivier,https://lannuaire.service-public.gouv.fr/normandie/seine-maritime/a0b7702f-5a8d-4b0e-a85c-239bf35397a3
Saint-Martin-l'Hortier,Mairie - Saint-Martin-l'Hortier,mairie-sg.saint-martin-lhortier@wanadoo.fr,2 rue de la Béthune,76270,Saint-Martin-l'Hortier,https://lannuaire.service-public.gouv.fr/normandie/seine-maritime/77fe770c-f369-439e-9906-8119fe8fd0cb
Saint-Martin-le-Gaillard,Mairie - Saint-Martin-le-Gaillard,mairie.smg@orange.fr,8 place Jean-Béthencourt,76260,Saint-Martin-le-Gaillard,https://lannuaire.service-public.gouv.fr/normandie/seine-maritime/eb993869-21b4-447e-ad6b-0c4dd8cf8391
Saint-Maurice-d'Ételan,Mairie - Saint-Maurice-d'Ételan,mairiestmauricedetelan@gmail.com,15 rue du Village,76330,Saint-Maurice-d'Ételan,https://lannuaire.service-public.gouv.fr/normandie/seine-maritime/43435fdc-4370-4003-afcc-359879807d25
Saint-Michel-d'Halescourt,Mairie - Saint-Michel-d'Halescourt,mairie-st-michel-halescourt@orange.fr,104 route d'Haussez Le Bourg,76440,Saint-Michel-d'Halescourt,https://lannuaire.service-public.gouv.fr/normandie/seine-maritime/2489ffb5-bc78-4b45-9550-31106ccfebd7
Saint-Nicolas-d'Aliermont,Mairie - Saint-Nicolas-d'Aliermont,accueil@mairie-sna.fr,1 place de la Libération,76510,Saint-Nicolas-d'Aliermont,https://lannuaire.service-public.gouv.fr/normandie/seine-maritime/013d8050-5495-4c69-9e5c-a44d3e7053b0
Saint-Nicolas-de-la-Haie,Mairie - Saint-Nicolas-de-la-Haie,mairiesaintnicolas@orange.fr,365 rue de l'Église,76490,Saint-Nicolas-de-la-Haie,https://lannuaire.service-public.gouv.fr/normandie/seine-maritime/c32fec45-628b-4fe6-b9b8-8b7cc628b94d
Saint-Nicolas-de-la-Taille,Mairie - Saint-Nicolas-de-la-Taille,mairie@saint-nicolas-de-la-taille.fr,2020 Grande-Rue,76170,Saint-Nicolas-de-la-Taille,https://lannuaire.service-public.gouv.fr/normandie/seine-maritime/e145396d-ceed-4f56-85ce-b860cc7770b5
Saint-Ouen-du-Breuil,Mairie - Saint-Ouen-du-Breuil,contact@mairiestouendubreuil.fr,158 rue Gustave-Flaubert,76890,Saint-Ouen-du-Breuil,https://lannuaire.service-public.gouv.fr/normandie/seine-maritime/73a2e548-d704-493b-a9b9-c5216d9c8185
Saint-Ouen-le-Mauger,Mairie - Saint-Ouen-le-Mauger,mairie.stouenlemauger@wanadoo.fr,142 route du Manoir,76730,Saint-Ouen-le-Mauger,https://lannuaire.service-public.gouv.fr/normandie/seine-maritime/99922571-9f58-4bdb-8930-a26e781476a8
Saint-Ouen-sous-Bailly,Mairie - Saint-Ouen-sous-Bailly,commune-st-ouen-sous-bailly@wanadoo.fr,3 rue du Bailly-Bec,76630,Saint-Ouen-sous-Bailly,https://lannuaire.service-public.gouv.fr/normandie/seine-maritime/38f6a7c3-54b6-4c8b-b443-d691d835ae0d
Saint-Paër,Mairie - Saint-Paër,mairie.stpaer@wanadoo.fr,Le Bourg,76480,Saint-Paër,https://lannuaire.service-public.gouv.fr/normandie/seine-maritime/d9e13377-0d37-4bac-a153-25387e0c1d38
Saint-Pierre-Bénouville,Mairie - Saint-Pierre-Bénouville,stpierrebenouville@gmail.com,2 rue de la Vallée,76890,Saint-Pierre-Bénouville,https://lannuaire.service-public.gouv.fr/normandie/seine-maritime/80eb278d-9ac4-4cf8-951b-72ce033a87a3
Saint-Pierre-de-Manneville,Mairie - Saint-Pierre-de-Manneville,mairie-sg.st-pierre-de-manneville@wanadoo.fr,9 route de Sahurs,76113,Saint-Pierre-de-Manneville,https://lannuaire.service-public.gouv.fr/normandie/seine-maritime/002054fa-3fec-4f34-9290-2f3f74d5f9cd
Saint-Pierre-de-Varengeville,Mairie - Saint-Pierre-de-Varengeville,mairie-spv@wanadoo.fr,Place Bernard-Léger,76480,Saint-Pierre-de-Varengeville,https://lannuaire.service-public.gouv.fr/normandie/seine-maritime/732a26a7-0f15-45cc-84ea-b3bdc3a9a14b
Saint-Pierre-des-Jonquières,Mairie - Saint-Pierre-des-Jonquières,commune-st-pierre-des-jonquieres@orange.fr,1 rue de l'Église,76660,Saint-Pierre-des-Jonquières,https://lannuaire.service-public.gouv.fr/normandie/seine-maritime/b3c10b7e-20aa-4bea-8ee1-0c5d75859efb
Saint-Pierre-en-Port,Mairie - Saint-Pierre-en-Port,saint-pierre-en-port-mairie@wanadoo.fr,41 rue de la Mairie,76540,Saint-Pierre-en-Port,https://lannuaire.service-public.gouv.fr/normandie/seine-maritime/4f1eca8b-735c-4e93-82e4-fbccedafb975
Saint-Pierre-en-Val,Mairie - Saint-Pierre-en-Val,mairie-sg.st-pierre-en-val@orange.fr,Rue de l'Égalité,76260,Saint-Pierre-en-Val,https://lannuaire.service-public.gouv.fr/normandie/seine-maritime/aeeb4daa-ab5e-4498-ad4b-3d928732f36b
Saint-Pierre-le-Vieux,Mairie - Saint-Pierre-le-Vieux,76-stpierre-le-vieux@orange.fr,10 route de la Vallée-du-Dun,76740,Saint-Pierre-le-Vieux,https://lannuaire.service-public.gouv.fr/normandie/seine-maritime/84d39249-b6f4-40fe-bbd8-2e485201a8ee
Saint-Pierre-le-Viger,Mairie - Saint-Pierre-le-Viger,mairie-st-pierre-le-viger@wanadoo.fr,191 route de Veules,76740,Saint-Pierre-le-Viger,https://lannuaire.service-public.gouv.fr/normandie/seine-maritime/f552df34-ced5-463c-a860-e13dfb2d9ce6
Saint-Pierre-lès-Elbeuf,Mairie - Saint-Pierre-lès-Elbeuf,mairie@pierrotin.fr,Place François-Mitterrand,76320,Saint-Pierre-lès-Elbeuf,https://lannuaire.service-public.gouv.fr/normandie/seine-maritime/f57c3df3-0970-4fe7-a28c-ed433fdf67e4
Saint-Riquier-en-Rivière,Mairie - Saint-Riquier-en-Rivière,st-riquier-en-riviere@wanadoo.fr,22 route de Criel,76340,Saint-Riquier-en-Rivière,https://lannuaire.service-public.gouv.fr/normandie/seine-maritime/a34eee9b-ee22-45b4-ad7c-523328e5c2eb
Saint-Riquier-ès-Plains,Mairie - Saint-Riquier-ès-Plains,mairie.saint-riquier@cote-albatre.com,185 rue du Four-Banal,76460,Saint-Riquier-ès-Plains,https://lannuaire.service-public.gouv.fr/normandie/seine-maritime/5bbfc1ff-46f2-4886-a2b8-e42f69a807cf
Saint-Romain-de-Colbosc,Mairie - Saint-Romain-de-Colbosc,contact@stromain76.fr,Place Théodule-Benoist,76430,Saint-Romain-de-Colbosc,https://lannuaire.service-public.gouv.fr/normandie/seine-maritime/3f62832a-96b5-45fe-8f24-d86614b20ec3
Saint-Rémy-Boscrocourt,Mairie - Saint-Rémy-Boscrocourt,contact@saint-remy-boscrocourt.fr,4 Place de la Mairie,76260,Saint-Rémy-Boscrocourt,https://lannuaire.service-public.gouv.fr/normandie/seine-maritime/2bc42658-1541-4349-b67d-9f76d4a53007
Saint-Saire,Mairie - Saint-Saire,mairie.saint-saire@orange.fr,151 rue de la Gare,76270,Saint-Saire,https://lannuaire.service-public.gouv.fr/normandie/seine-maritime/66e27203-cad0-4e8e-8495-15882bce8e97
Saint-Sauveur-d'Émalleville,Mairie - Saint-Sauveur-d'Émalleville,mairie-stsauveuremalleville@wanadoo.fr,20 rue du Presbytère,76110,Saint-Sauveur-d'Émalleville,https://lannuaire.service-public.gouv.fr/normandie/seine-maritime/33b32fd6-457e-4695-af6e-e430f3ef0312
Saint-Saëns,Mairie - Saint-Saëns,contact@saintsaens.fr,Place Maintenon,76680,Saint-Saëns,https://lannuaire.service-public.gouv.fr/normandie/seine-maritime/194f11b4-3fb0-48c3-bd1f-3ba23c6e1798
Saint-Sylvain,Mairie - Saint-Sylvain,mairie.st-sylvain@wanadoo.fr,88 rue de la Mairie,76460,Saint-Sylvain,https://lannuaire.service-public.gouv.fr/normandie/seine-maritime/e92973e4-4208-4652-ab3f-4ef2638e1bba
Saint-Vaast-Dieppedalle,Mairie - Saint-Vaast-Dieppedalle,mairie@st-vaast-dieppedalle.fr,57 route des Hameaux,76450,Saint-Vaast-Dieppedalle,https://lannuaire.service-public.gouv.fr/normandie/seine-maritime/522588eb-628f-42b9-9ff4-673e89f4cc2e
Saint-Vaast-d'Équiqueville,Mairie - Saint-Vaast-d'Équiqueville,mairiesvaastequi@wanadoo.fr,80 rue de l'Église,76510,Saint-Vaast-d'Équiqueville,https://lannuaire.service-public.gouv.fr/normandie/seine-maritime/c020e0b3-b328-44b9-a18e-8ad0ccf25338
Saint-Vaast-du-Val,Mairie - Saint-Vaast-du-Val,mairiesvdv@wanadoo.fr,211 rue François-Prevel,76890,Saint-Vaast-du-Val,https://lannuaire.service-public.gouv.fr/normandie/seine-maritime/e108a322-5671-4013-a700-c3c757bc9226
Saint-Valery-en-Caux,Mairie - Saint-Valery-en-Caux,mairie@ville-saint-valery-en-caux.fr,Place de l'Hôtel-de-Ville,76460,Saint-Valery-en-Caux,https://lannuaire.service-public.gouv.fr/normandie/seine-maritime/aa1535a0-be3f-478e-89b8-564bd9b7802d
Saint-Victor-l'Abbaye,Mairie - Saint-Victor-l'Abbaye,mairie.st.victor@orange.fr,3 place Guillaume-le-Conquérant,76890,Saint-Victor-l'Abbaye,https://lannuaire.service-public.gouv.fr/normandie/seine-maritime/34757d0f-8f02-4f2d-bbff-a7c88d023766
Saint-Vigor-d'Ymonville,Mairie - Saint-Vigor-d'Ymonville,mairie-st-vigor@wanadoo.fr,28 route du Village,76430,Saint-Vigor-d'Ymonville,https://lannuaire.service-public.gouv.fr/normandie/seine-maritime/d5e90197-9efb-447f-aff1-babb659e8d69
Saint-Vincent-Cramesnil,Mairie - Saint-Vincent-Cramesnil,mairie-st-vincent-cramesnil@orange.fr,411 Grand'rue,76430,Saint-Vincent-Cramesnil,https://lannuaire.service-public.gouv.fr/normandie/seine-maritime/bc42813b-a8c8-42a9-98ea-176dda067104
Saint-Étienne-du-Rouvray,Mairie - Saint-Étienne-du-Rouvray,accueilmairie@ser76.com,Place de la Libération,76806,Saint-Étienne-du-Rouvray Cedex,https://lannuaire.service-public.gouv.fr/normandie/seine-maritime/ec990164-f8c9-4938-9872-4f94889d1570
Sainte-Adresse,Mairie - Sainte-Adresse,courrier@sainte-adresse.fr,1 rue Albert-Dubosc,76310,Sainte-Adresse,https://lannuaire.service-public.gouv.fr/normandie/seine-maritime/65dc3de9-15cd-4074-86ae-196c85b54660
Sainte-Agathe-d'Aliermont,Mairie - Sainte-Agathe-d'Aliermont,mairie-sg.steagathealiermont@orange.fr,1 Place Jean-Paul-Gauzès,76660,Sainte-Agathe-d'Aliermont,https://lannuaire.service-public.gouv.fr/normandie/seine-maritime/50c14539-e6d2-44c8-9591-ab6ced1853ab
Sainte-Austreberthe,Mairie - Sainte-Austreberthe,mairie-ste-aus@wanadoo.fr,614 rue André-Marie,76570,Sainte-Austreberthe,https://lannuaire.service-public.gouv.fr/normandie/seine-maritime/fe617e55-3466-46f1-ab2c-c36a2deaa77f
Sainte-Beuve-en-Rivière,Mairie - Sainte-Beuve-en-Rivière,mairie.saintebeuveenriviere@orange.fr,1 route de l'Eaulne,76270,Sainte-Beuve-en-Rivière,https://lannuaire.service-public.gouv.fr/normandie/seine-maritime/e1274ee7-0539-48e9-b7e9-25440299d753
Sainte-Colombe,Mairie - Sainte-Colombe,mairie@saintecolombe76.fr,240 rue de l'Église,76460,Sainte-Colombe,https://lannuaire.service-public.gouv.fr/normandie/seine-maritime/fc55e03b-0f08-482e-a3ad-670882607a0f
Sainte-Croix-sur-Buchy,Mairie - Sainte-Croix-sur-Buchy,mairie-sg.sainte.croix.sur.buchy@wanadoo.fr,1 route de Buchy,76750,Sainte-Croix-sur-Buchy,https://lannuaire.service-public.gouv.fr/normandie/seine-maritime/42d7e885-0b56-42fc-9704-52c9fcc0dd68
Sainte-Foy,Mairie - Sainte-Foy,mairie.saintefoy@orange.fr,59 rue du Centre,76590,Sainte-Foy,https://lannuaire.service-public.gouv.fr/normandie/seine-maritime/870d7560-761f-4e2b-b726-335775bfde3f
Sainte-Geneviève,Mairie - Sainte-Geneviève,ste-genevieve.commune@orange.fr,314 rue de l'Église,76440,Sainte-Geneviève,https://lannuaire.service-public.gouv.fr/normandie/seine-maritime/818efb7b-83dd-43e4-91f8-b483a946872a
Sainte-Hélène-Bondeville,Mairie - Sainte-Hélène-Bondeville,mairie.saintehelenebondeville@wanadoo.fr,Rue Michel-Rousselet,76400,Sainte-Hélène-Bondeville,https://lannuaire.service-public.gouv.fr/normandie/seine-maritime/ddd6cb22-dd36-453a-a4ee-72fccaf2cd3c
Sainte-Marguerite-sur-Duclair,Mairie - Sainte-Marguerite-sur-Duclair,mairie@saintemargueritesurduclair.fr,1 place de l'Église,76480,Sainte-Marguerite-sur-Duclair,https://lannuaire.service-public.gouv.fr/normandie/seine-maritime/e5bdf766-6a20-4ee1-b5de-aaf9ce5b3c19
Sainte-Marguerite-sur-Mer,Mairie - Sainte-Marguerite-sur-Mer,secretariat@ste-marguerite-sur-mer.fr,2220 route de la Mer,76119,Sainte-Marguerite-sur-Mer,https://lannuaire.service-public.gouv.fr/normandie/seine-maritime/4d6b81a3-1b29-4a41-96bd-5acb14d39e59
Sainte-Marie-au-Bosc,Mairie - Sainte-Marie-au-Bosc,mairie.ste.marieaubosc@wanadoo.fr,Place du Professeur-Gosset,76280,Sainte-Marie-au-Bosc,https://lannuaire.service-public.gouv.fr/normandie/seine-maritime/3b83ec99-77c5-4a47-aefd-da11e7978730
Sainte-Marie-des-Champs,Mairie - Sainte-Marie-des-Champs,mairie-sg.saintemariedeschamps@orange.fr,41 avenue René-Coty,76190,Sainte-Marie-des-Champs,https://lannuaire.service-public.gouv.fr/normandie/seine-maritime/2f5f188d-9262-46f4-b4f9-65463af3210e
Sandouville,Mairie - Sandouville,mairie.sandouville@orange.fr,143 rue de l'Église,76430,Sandouville,https://lannuaire.service-public.gouv.fr/normandie/seine-maritime/9d32500e-0977-42e9-bbd7-d9f297ef3305
Sassetot-le-Malgardé,Mairie - Sassetot-le-Malgardé,mairie.sassetotlemalgarde@hotmail.fr,5 rue de la Mairie,76730,Sassetot-le-Malgardé,https://lannuaire.service-public.gouv.fr/normandie/seine-maritime/13090713-708c-4cca-8c05-aadb12f4b788
Sassetot-le-Mauconduit,Mairie - Sassetot-le-Mauconduit,secretariat@sassetot-le-mauconduit.com,2 rue de la Mairie,76540,Sassetot-le-Mauconduit,https://lannuaire.service-public.gouv.fr/normandie/seine-maritime/1ebf303e-ec56-4650-904a-2de80f33ecbc
Sasseville,Mairie - Sasseville,commune-de-sasseville@orange.fr,7 rue Cauchoise,76450,Sasseville,https://lannuaire.service-public.gouv.fr/normandie/seine-maritime/dc8cc9a8-390b-4192-a64b-e53a1866828b
Sauchay,Mairie - Sauchay,mairiesauchay@wanadoo.fr,17 chemin du Prieuré,76630,Sauchay,https://lannuaire.service-public.gouv.fr/normandie/seine-maritime/28587192-c972-4f5b-a121-9166795cc68e
Saumont-la-Poterie,Mairie - Saumont-la-Poterie,mairie.saumont.la.poterie@orange.fr,17 rue de l'Église,76440,Saumont-la-Poterie,https://lannuaire.service-public.gouv.fr/normandie/seine-maritime/eede4920-bbab-4ffa-992a-b29c7ccd5e60
Sauqueville,Mairie - Sauqueville,mairie.sauqueville@wanadoo.fr,267 rue de la Mairie,76550,Sauqueville,https://lannuaire.service-public.gouv.fr/normandie/seine-maritime/634ce62e-3f0b-4c2c-a197-19ce666ae8d9
Saussay,Mairie - Saussay,mairie@saussay76.fr,21 sente du Vert-Bocage,76760,Saussay,https://lannuaire.service-public.gouv.fr/normandie/seine-maritime/2353d189-cfc7-4c5d-a195-71b43c234393
Sausseuzemare-en-Caux,Mairie - Sausseuzemare-en-Caux,secretariat-mairie@sausseuzemare76.fr,1 rue de l'École,76110,Sausseuzemare-en-Caux,https://lannuaire.service-public.gouv.fr/normandie/seine-maritime/b8226577-7b0b-4227-bb21-badce9a9cba4
Saâne-Saint-Just,Mairie - Saâne-Saint-Just,mairie-sg.saane-st-just@wanadoo.fr,2 route de l'Ancienne-Forge,76730,Saâne-Saint-Just,https://lannuaire.service-public.gouv.fr/normandie/seine-maritime/3cff75cc-d2df-4bb8-ba8b-1db35458dab5
Senneville-sur-Fécamp,Mairie - Senneville-sur-Fécamp,mairie@sennevillefecamp76.fr,30 rue Sainte-Anne,76400,Senneville-sur-Fécamp,https://lannuaire.service-public.gouv.fr/normandie/seine-maritime/695bce67-a2c7-4f55-8fb9-43ef0c2c1b96
Sept-Meules,Mairie - Sept-Meules,mairie-sg.septmeules@wanadoo.fr,11 rue de l'Yères,76260,Sept-Meules,https://lannuaire.service-public.gouv.fr/normandie/seine-maritime/05be044f-68ac-40eb-ae19-88012b238679
Serqueux,Mairie - Serqueux,mairie.serqueux@outlook.fr,1100 route de Neufchâtel,76440,Serqueux,https://lannuaire.service-public.gouv.fr/normandie/seine-maritime/defc09d9-1c3d-47c1-a660-9180f8ceedc4
Servaville-Salmonville,Mairie - Servaville-Salmonville,mairie@servaville-salmonville.fr,70 rue des Rougemonts,76116,Servaville-Salmonville,https://lannuaire.service-public.gouv.fr/normandie/seine-maritime/d5012218-b47c-479c-bf86-f0296321abfb
Sierville,Mairie - Sierville,mairie@sierville.fr,23 rue de la Mairie,76690,Sierville,https://lannuaire.service-public.gouv.fr/normandie/seine-maritime/222b075c-8957-4a86-875c-d2b29ed35038
Sigy-en-Bray,Mairie - Sigy-en-Bray,mairie-sigy-en-bray@wanadoo.fr,59 rue Saint-Martin,76780,Sigy-en-Bray,https://lannuaire.service-public.gouv.fr/normandie/seine-maritime/a0e73a03-5ebf-4ac3-818d-1f791dd46b04
Smermesnil,Mairie - Smermesnil,mairie.smermesnil@orange.fr,30 rue de l'Église,76660,Smermesnil,https://lannuaire.service-public.gouv.fr/normandie/seine-maritime/fc0dae28-662a-4e1d-8efd-c9b42375b912
Sommery,Mairie - Sommery,mairie@sommery.fr,1 place de la Mairie,76440,Sommery,https://lannuaire.service-public.gouv.fr/normandie/seine-maritime/7c071071-30ac-4e7d-a019-8dce7d355bda
Sommesnil,Mairie - Sommesnil,mairiesommesnil@orange.fr,1 place Jules-et-Henriette-Delaune,76560,Sommesnil,https://lannuaire.service-public.gouv.fr/normandie/seine-maritime/c40e9b85-81ea-45fb-bad4-de22479371b3
Sorquainville,Mairie - Sorquainville,mairiedesorquainville@orange.fr,1 place de la Mairie,76540,Sorquainville,https://lannuaire.service-public.gouv.fr/normandie/seine-maritime/115b0776-a977-4872-9693-8ec3a413d806
Sotteville-lès-Rouen,Mairie - Sotteville-lès-Rouen,mairie@mairie-sotteville-les-rouen.fr,Place de l'Hôtel-de-Ville,76300,Sotteville-lès-Rouen,https://lannuaire.service-public.gouv.fr/normandie/seine-maritime/908a655e-04b6-44c8-a020-6829aa0dea69
Sotteville-sous-le-Val,Mairie - Sotteville-sous-le-Val,mairie-de-sotteville-sous-le-val@wanadoo.fr,117 rue du Village,76410,Sotteville-sous-le-Val,https://lannuaire.service-public.gouv.fr/normandie/seine-maritime/8729705d-bb8f-40ac-9631-02bbe296d043
Sotteville-sur-Mer,Mairie - Sotteville-sur-Mer,mairie.sottevillesurmer@wanadoo.fr,37 rue de Beaumont,76740,Sotteville-sur-Mer,https://lannuaire.service-public.gouv.fr/normandie/seine-maritime/35c11abd-8d29-414e-9ffd-760e4472327d
Tancarville,Mairie - Tancarville,mairie@tancarville.fr,6 route de Saint-Romain,76430,Tancarville,https://lannuaire.service-public.gouv.fr/normandie/seine-maritime/330519fa-f79d-4375-98c1-10f5a0d1ffee
Terres-de-Caux,Mairie - Terres-de-Caux,terresdecaux@terres-de-caux.fr,Hôtel de ville Fauville-en-Caux Place Gaston-Sanson,76640,Terres-de-Caux,https://lannuaire.service-public.gouv.fr/normandie/seine-maritime/2e72c333-356a-470c-93c3-743391d26c8a
Theuville-aux-Maillots,Mairie - Theuville-aux-Maillots,mairie.theuville.mts@wanadoo.fr,1 place de la Mairie,76540,Theuville-aux-Maillots,https://lannuaire.service-public.gouv.fr/normandie/seine-maritime/bf24bb88-32e2-4f41-b560-b3cc5c1f624f
Thiergeville,Mairie - Thiergeville,mairie-sg.thiergeville@wanadoo.fr,9 rue Auguste-Mallet,76540,Thiergeville,https://lannuaire.service-public.gouv.fr/normandie/seine-maritime/44808f3a-4732-4b5b-8263-43633a5073ab
Thil-Manneville,Mairie - Thil-Manneville,commune.thil-manneville@wanadoo.fr,11 rue des Canadiens,76730,Thil-Manneville,https://lannuaire.service-public.gouv.fr/normandie/seine-maritime/aa2f1c74-06ac-4289-a67f-ac645ddf9de6
Thiouville,Mairie - Thiouville,mairie.thiouville@wanadoo.fr,136 rue de l'École,76450,Thiouville,https://lannuaire.service-public.gouv.fr/normandie/seine-maritime/fa6ed9e6-3bf8-405f-abf8-a45e8b84ec27
Thiétreville,Mairie - Thiétreville,mairiethietreville@wanadoo.fr,7 rue de la Mairie,76540,Thiétreville,https://lannuaire.service-public.gouv.fr/normandie/seine-maritime/2d9a6ce9-0e67-4e0f-8511-f02ac2ebc66d
Thérouldeville,Mairie - Thérouldeville,mairie@therouldeville.net,1 place du Sergent-Ritchie,76540,Thérouldeville,https://lannuaire.service-public.gouv.fr/normandie/seine-maritime/db07aad4-869d-45e1-8ed1-06980a6798b1
Tocqueville-en-Caux,Mairie - Tocqueville-en-Caux,mairie-tocqueville-en-caux@wanadoo.fr,18 rue Saint-Pierre,76730,Tocqueville-en-Caux,https://lannuaire.service-public.gouv.fr/normandie/seine-maritime/280a4588-5abb-488b-95c4-8b13e825b22c
Tocqueville-les-Murs,Mairie - Tocqueville-les-Murs,mairie.tocquevillelm@wanadoo.fr,2 rue de l'Église,76110,Tocqueville-les-Murs,https://lannuaire.service-public.gouv.fr/normandie/seine-maritime/d2818a8c-a212-41e8-bf74-bc3a3d734d0b
Torcy-le-Grand,Mairie - Torcy-le-Grand,mairie.torcy.legrand@wanadoo.fr,78 route de la Vallée,76590,Torcy-le-Grand,https://lannuaire.service-public.gouv.fr/normandie/seine-maritime/10d78cd4-99b4-404e-bdc2-696be3cfb256
Torcy-le-Petit,Mairie - Torcy-le-Petit,mairie-torcylepetit@orange.fr,54 route de Dieppe,76590,Torcy-le-Petit,https://lannuaire.service-public.gouv.fr/normandie/seine-maritime/f246374e-a189-4a99-a2b3-0a774d212091
Touffreville-la-Corbeline,Mairie - Touffreville-la-Corbeline,mairietouffreville@orange.fr,301 rue des Écoles,76190,Touffreville-la-Corbeline,https://lannuaire.service-public.gouv.fr/normandie/seine-maritime/7444055f-db7f-4cbf-a24a-1329cee32088
Touffreville-sur-Eu,Mairie - Touffreville-sur-Eu,mairie.touffrevillesureu@wanadoo.fr,6 rue de l'Église,76910,Touffreville-sur-Eu,https://lannuaire.service-public.gouv.fr/normandie/seine-maritime/424475cb-eeb1-4f69-80d4-80704b7089e7
Tourville-la-Rivière,Mairie - Tourville-la-Rivière,mairie@tourville-la-riviere.fr,Place de la Commune-de-Paris,76410,Tourville-la-Rivière,https://lannuaire.service-public.gouv.fr/normandie/seine-maritime/9091cee8-bf23-40c7-834d-098103c3f51c
Tourville-les-Ifs,Mairie - Tourville-les-Ifs,contact@tourville-les-ifs.org,61 rue Saint-Pierre,76400,Tourville-les-Ifs,https://lannuaire.service-public.gouv.fr/normandie/seine-maritime/332bc4bb-6bb1-46ff-8006-ff13ed3689e8
Tourville-sur-Arques,Mairie - Tourville-sur-Arques,accueil@tourville-sur-arques.fr,2 rue de Miromesnil,76550,Tourville-sur-Arques,https://lannuaire.service-public.gouv.fr/normandie/seine-maritime/1f71c1c3-28db-4436-b5e4-5117cb7631e4
Toussaint,Mairie - Toussaint,mairie.toussaint@wanadoo.fr,Rue de Rouen,76400,Toussaint,https://lannuaire.service-public.gouv.fr/normandie/seine-maritime/76041fb9-a7f8-4f60-aa48-66638ef051c1
Trouville‑Alliquerville,Mairie - Trouville‑Alliquerville,mairie.trouville-alliquerville@wanadoo.fr,334 route de l'Église,76210,Trouville‑Alliquerville,https://lannuaire.service-public.gouv.fr/normandie/seine-maritime/743f79d8-46a1-47b0-b540-534c97adf819
Trémauville,Mairie - Trémauville,mairie.tremauville@wanadoo.fr,Rue de la Mairie,76640,Trémauville,https://lannuaire.service-public.gouv.fr/normandie/seine-maritime/4e10a70c-b92e-4ad9-95ac-6a345e4e18ce
Turretot,Mairie - Turretot,secretaire.generale@mairie-turretot.fr,13 place de Caux,76280,Turretot,https://lannuaire.service-public.gouv.fr/normandie/seine-maritime/783a3fe4-aae6-4cef-841e-a269eef43f8a
Tôtes,Mairie - Tôtes,mairie@totes.fr,Place du Général-de-Gaulle,76890,Tôtes,https://lannuaire.service-public.gouv.fr/normandie/seine-maritime/33262d60-1757-4638-9381-1ff4359f7634
Val-de-Saâne,Mairie - Val-de-Saâne,mairie@valdesaane.com,9 passage Saint-Wandrille,76890,Val-de-Saâne,https://lannuaire.service-public.gouv.fr/normandie/seine-maritime/2e644540-1772-4460-880d-41ec4e1130e2
Val-de-Scie,Mairie - Val-de-Scie,mairie@val-de-scie.fr,1 rue Roger-Fossé,76720,Val-de-Scie,https://lannuaire.service-public.gouv.fr/normandie/seine-maritime/444a14bd-1782-4b8b-8463-525649594277
Val-de-la-Haye,Mairie - Val-de-la-Haye,mairie.vdlh@wanadoo.fr,Place Jean-Moulin,76380,Val-de-la-Haye,https://lannuaire.service-public.gouv.fr/normandie/seine-maritime/e5ac72d2-4ded-4373-8359-25b0cfc811c1
Valliquerville,Mairie - Valliquerville,mairie@valliquerville.fr,33 rue de la Mairie,76190,Valliquerville,https://lannuaire.service-public.gouv.fr/normandie/seine-maritime/b54fc373-58d2-4e1d-bdb0-64ecf83f66f9
Valmont,Mairie - Valmont,mairie@valmont76.com,Place Robert-Grèverie,76540,Valmont,https://lannuaire.service-public.gouv.fr/normandie/seine-maritime/bb689d4f-1b3a-4832-867f-d38b3aa50d42
Varengeville-sur-Mer,Mairie - Varengeville-sur-Mer,contact@varengeville-sur-mer.fr,47 route de Dieppe,76119,Varengeville-sur-Mer,https://lannuaire.service-public.gouv.fr/normandie/seine-maritime/80695b71-4385-4649-b8ab-a6d4107f28a8
Varneville-Bretteville,Mairie - Varneville-Bretteville,mairie.varnevillebretteville@wanadoo.fr,125 rue des Grès,76890,Varneville-Bretteville,https://lannuaire.service-public.gouv.fr/normandie/seine-maritime/e4edf5b7-cc5a-44ff-af69-8d4beb6daab9
Vassonville,Mairie - Vassonville,communedevassonville@orange.fr,59 impasse Bellevue,76890,Vassonville,https://lannuaire.service-public.gouv.fr/normandie/seine-maritime/87e62e42-ef57-494e-b65b-be49f7e86071
Vatierville,Mairie - Vatierville,mairievatierville@wanadoo.fr,52 rue Principale,76270,Vatierville,https://lannuaire.service-public.gouv.fr/normandie/seine-maritime/2d9cbeef-53da-4d58-8a61-f3569ac6fcb6
Vattetot-sous-Beaumont,Mairie - Vattetot-sous-Beaumont,mairie.vattetotsousbeaumont@wanadoo.fr,2 place Bernard-Alexandre,76110,Vattetot-sous-Beaumont,https://lannuaire.service-public.gouv.fr/normandie/seine-maritime/3aa24376-ed2c-4a3c-87f1-ff6bd57d2d4f
Vattetot-sur-Mer,Mairie - Vattetot-sur-Mer,secretariat@vattetotsurmer.com,415 route d'Yport,76111,Vattetot-sur-Mer,https://lannuaire.service-public.gouv.fr/normandie/seine-maritime/a1ef04d7-f3d4-4f58-b158-c1860ebb441e
Vatteville-la-Rue,Mairie - Vatteville-la-Rue,mairie.vattevillelarue@wanadoo.fr,2 la Rue,76940,Vatteville-la-Rue,https://lannuaire.service-public.gouv.fr/normandie/seine-maritime/c1d9b9c9-7d09-46db-b47a-444911896997
Veauville-lès-Quelles,Mairie - Veauville-lès-Quelles,mairie.veauville-les-quelles@wanadoo.fr,180 route de la Mairie,76560,Veauville-lès-Quelles,https://lannuaire.service-public.gouv.fr/normandie/seine-maritime/324c8105-0464-4702-aff6-3edb37b5cd76
Ventes-Saint-Rémy,Mairie - Ventes-Saint-Rémy,mairie.vsr76@orange.fr,1 rue de l'École,76680,Ventes-Saint-Rémy,https://lannuaire.service-public.gouv.fr/normandie/seine-maritime/396a9b10-08ba-489e-8ebe-eda7cad5e585
Vergetot,Mairie - Vergetot,contact@vergetot.fr,1 place Saint-Pierre-l'Église,76280,Vergetot,https://lannuaire.service-public.gouv.fr/normandie/seine-maritime/2d86781f-d44a-4cff-97e9-6169a5d18a48
Veules-les-Roses,Mairie - Veules-les-Roses,mairie@veules-les-roses.fr,7 avenue du Docteur-Michel,76980,Veules-les-Roses,https://lannuaire.service-public.gouv.fr/normandie/seine-maritime/45d034be-6b52-4926-90f5-e59a66f7c437
Veulettes-sur-Mer,Mairie - Veulettes-sur-Mer,info@ville-veulettes-sur-mer.fr,14 rue de Greenock,76450,Veulettes-sur-Mer,https://lannuaire.service-public.gouv.fr/normandie/seine-maritime/0eee81a9-b8eb-4a0b-b2f1-458070069ba4
Vibeuf,Mairie - Vibeuf,mairie@vibeuf.fr,Rue de la Mare-des-Champs,76760,Vibeuf,https://lannuaire.service-public.gouv.fr/normandie/seine-maritime/23c8f56e-f78b-4f1c-a9e9-4a1d98a7a55c
Vieux-Manoir,Mairie - Vieux-Manoir,mairie@vieux-manoir.fr,67 route de Buchy,76750,Vieux-Manoir,https://lannuaire.service-public.gouv.fr/normandie/seine-maritime/520140ae-674a-4dbf-831b-80bed1927404
Vieux-Rouen-sur-Bresle,Mairie - Vieux-Rouen-sur-Bresle,mairie-de-vieux-rouen-sur-bresle@wanadoo.fr,3 place de la Mairie,76390,Vieux-Rouen-sur-Bresle,https://lannuaire.service-public.gouv.fr/normandie/seine-maritime/a4f0d46b-0c04-43fc-8830-caf7d4b9ee00
Villainville,Mairie - Villainville,mairie.villainville@wanadoo.fr,704 route d'Étretat,76280,Villainville,https://lannuaire.service-public.gouv.fr/normandie/seine-maritime/1d8aadd8-4d38-44fd-8e5f-e949be186b9c
Villers-sous-Foucarmont,Mairie - Villers-sous-Foucarmont,mairie.villers-sous-foucarmont@wanadoo.fr,2 rue des Tilleuls,76340,Villers-sous-Foucarmont,https://lannuaire.service-public.gouv.fr/normandie/seine-maritime/a4696ab1-d5cd-441e-914f-8690af1a531e
Villers-Écalles,Mairie - Villers-Écalles,courrier@villers-ecalles.fr,815 rue Pasteur,76360,Villers-Écalles,https://lannuaire.service-public.gouv.fr/normandie/seine-maritime/f0a0a9d0-1618-4ebf-bdee-62d541286b59
Villy-sur-Yères,Mairie - Villy-sur-Yères,mairie.villysuryeres@wanadoo.fr,14 rue de la Vallée,76260,Villy-sur-Yères,https://lannuaire.service-public.gouv.fr/normandie/seine-maritime/64b6654d-1802-4ca3-b8a7-b200a8460319
Vinnemerville,Mairie - Vinnemerville,mairie.vinnemerville@wanadoo.fr,3 la Grande rue,76540,Vinnemerville,https://lannuaire.service-public.gouv.fr/normandie/seine-maritime/b14ee3e8-1ba8-443f-9cf1-51936bfd274b
Virville,Mairie - Virville,mairie.virville@wanadoo.fr,1 rue de l'Église,76110,Virville,https://lannuaire.service-public.gouv.fr/normandie/seine-maritime/60cfd16e-d603-4b7d-8289-619e1bee0703
Vittefleur,Mairie - Vittefleur,mairie-de-vittefleur@orange.fr,7 place de la Mairie,76450,Vittefleur,https://lannuaire.service-public.gouv.fr/normandie/seine-maritime/5d349d10-4676-4279-93d4-0a004b171b66
Vénestanville,Mairie - Vénestanville,mairie-sg.venestanville@wanadoo.fr,1 rue du Dun,76730,Vénestanville,https://lannuaire.service-public.gouv.fr/normandie/seine-maritime/6ec016e9-a4ea-4633-aebf-80ee0f9db00f
Wanchy-Capval,Mairie - Wanchy-Capval,mairie-sg.wanchy-capval@wanadoo.fr,38 Grande-Rue,76660,Wanchy-Capval,https://lannuaire.service-public.gouv.fr/normandie/seine-maritime/f7b6a3c8-ba0c-4af3-b6f4-ae797cc945be
Yainville,Mairie - Yainville,mairie.de.yainville@orange.fr,Rue du Général-Leclerc,76480,Yainville,https://lannuaire.service-public.gouv.fr/normandie/seine-maritime/67d4c26b-f532-4474-928c-f593009a972d
Yerville,Mairie - Yerville,secretariat@yerville.fr,1 place Jacques-Chirac,76760,Yerville,https://lannuaire.service-public.gouv.fr/normandie/seine-maritime/42347fcf-7b99-4c3c-9fcf-3006ece50fcd
Ymare,Mairie - Ymare,contact@mairie-ymare.fr,474 Grand'rue,76520,Ymare,https://lannuaire.service-public.gouv.fr/normandie/seine-maritime/1c77157c-bece-46dd-ac16-87457907e9e2
Yport,Mairie - Yport,mairie.yport@gmail.com,Rue Ernest-Lethuillier,76111,Yport,https://lannuaire.service-public.gouv.fr/normandie/seine-maritime/4064be78-b27f-4043-a2ae-adf793104add
Ypreville-Biville,Mairie - Ypreville-Biville,mairie-ypreville-biville@orange.fr,Route départementale 75,76540,Ypreville-Biville,https://lannuaire.service-public.gouv.fr/normandie/seine-maritime/769d5330-6086-455b-aef4-84a1ef1a5611
Yquebeuf,Mairie - Yquebeuf,commune.yquebeuf@orange.fr,43 route de Colmare,76690,Yquebeuf,https://lannuaire.service-public.gouv.fr/normandie/seine-maritime/f43af8a0-ee97-4536-a1bf-05438a36d4bd
Yvecrique,Mairie - Yvecrique,mairie.yvecrique@wanadoo.fr,66 rue des Écoles,76560,Yvecrique,https://lannuaire.service-public.gouv.fr/normandie/seine-maritime/505e533e-8086-4827-a4e9-5065cbc5fd2d
Yvetot,Mairie - Yvetot,mairie@yvetot.fr,Place de l'Hôtel-de-Ville,76196,Yvetot Cedex,https://lannuaire.service-public.gouv.fr/normandie/seine-maritime/12666128-6df1-4cc4-a02f-0869b9264182
Yville-sur-Seine,Mairie - Yville-sur-Seine,mairie-yville@orange.fr,391 rue du Village,76530,Yville-sur-Seine,https://lannuaire.service-public.gouv.fr/normandie/seine-maritime/52d89ad0-c9a6-4b13-9a11-eef9dc5da820
Yébleron,Mairie - Yébleron,mairie@yebleron.fr,1 place Fernand-Auger,76640,Yébleron,https://lannuaire.service-public.gouv.fr/normandie/seine-maritime/5b357e62-299a-4f69-aaa3-7eb217a19f51
Écalles-Alix,Mairie - Écalles-Alix,mairie.ecalles-alix@wanadoo.fr,203 rue du Bourg,76190,Écalles-Alix,https://lannuaire.service-public.gouv.fr/normandie/seine-maritime/579eaa63-567e-4218-816e-6dd27c8a707f
Écrainville,Mairie - Écrainville,mairie-sg.ecrainville@wanadoo.fr,68 route de Criquetot,76110,Écrainville,https://lannuaire.service-public.gouv.fr/normandie/seine-maritime/5b0bad65-ce4f-4004-bc1f-301725d81c86
Écretteville-lès-Baons,Mairie - Écretteville-lès-Baons,mairie@ecretteville-les-baons.fr,1 rue des Troubadours,76190,Écretteville-les-baons,https://lannuaire.service-public.gouv.fr/normandie/seine-maritime/5fac9e6f-6aa9-4faa-b419-33328a00921d
Écretteville-sur-Mer,Mairie - Écretteville-sur-Mer,ecretteville-sur-mer-mairie@wanadoo.fr,2 rue de la Mer,76540,Écretteville-sur-Mer,https://lannuaire.service-public.gouv.fr/normandie/seine-maritime/9b79cad9-876b-4480-b302-050649ed2baf
Életot,Mairie - Életot,mairie-eletot@mcom.fr,Rue de l'Église,76540,Életot,https://lannuaire.service-public.gouv.fr/normandie/seine-maritime/403b4b91-8d33-4079-acdf-825f1c6b8580
Émanville,Mairie - Émanville,mairie@emanville-76.fr,169 route de Sainte-Austreberthe,76570,Émanville,https://lannuaire.service-public.gouv.fr/normandie/seine-maritime/94dc08fc-60ca-4eaa-b5e1-718f82c19980
Épinay-sur-Duclair,Mairie - Épinay-sur-Duclair,mairie.epinay@wanadoo.fr,230 rue de la Mairie,76480,Épinay-sur-Duclair,https://lannuaire.service-public.gouv.fr/normandie/seine-maritime/96a688ba-f035-492e-8f38-33f49b1d2f21
Épouville,Mairie - Épouville,mairie@epouville.com,1 côte du Cap,76133,Épouville,https://lannuaire.service-public.gouv.fr/normandie/seine-maritime/db018693-4c32-4b45-a45e-07fca01c3048
Épretot,Mairie - Épretot,secretariat@mairieepretot.fr,44 route du Village,76430,Épretot,https://lannuaire.service-public.gouv.fr/normandie/seine-maritime/6385de50-ced5-4354-b349-781b6535ef75
Épreville,Mairie - Épreville,mairie@epreville.fr,Espace Maurice-Durand,76400,Épreville,https://lannuaire.service-public.gouv.fr/normandie/seine-maritime/94900586-42de-4c6a-b080-ba5798f9eee0
Étaimpuis,Mairie - Étaimpuis,mairie-sg.etaimpuis@wanadoo.fr,3 rue des Mésanges,76850,Étaimpuis,https://lannuaire.service-public.gouv.fr/normandie/seine-maritime/6a98e6cc-58ae-4fd9-8742-ad8beb3da404
Étainhus,Mairie - Étainhus,mairie.etainhus@gmail.com,105 rue des Anciens-Combattants,76430,Étainhus,https://lannuaire.service-public.gouv.fr/normandie/seine-maritime/d61a2f07-3ec1-4240-a1a2-3579c7ae168b
Étalleville,Mairie - Étalleville,mairie-sg.etalleville@wanadoo.fr,3 rue des Tilleuls,76560,Étalleville,https://lannuaire.service-public.gouv.fr/normandie/seine-maritime/35c80f08-7a3d-467d-80ee-c6072999810d
Étalondes,Mairie - Étalondes,mairie@etalondes.fr,1 place de l'Eglise,76260,Étalondes,https://lannuaire.service-public.gouv.fr/normandie/seine-maritime/31952bde-1fc1-4774-a158-43d8df4ba6d8
Étoutteville,Mairie - Étoutteville,mairie.etoutteville@wanadoo.fr,70 rue de la Mairie,76190,Étoutteville,https://lannuaire.service-public.gouv.fr/normandie/seine-maritime/c6293cf4-d328-4f6b-9601-68f16c0186e3
Étretat,Mairie - Étretat,mairie@ville-etretat.fr,1 place Maurice-Guillard,76790,Étretat,https://lannuaire.service-public.gouv.fr/normandie/seine-maritime/a6d9a3e0-71e4-4900-a69c-cf140f40c154
