commune,organisme_mairie,email_mairie,adresse_mairie,code_postal_mairie,ville_mairie,site_mairie,nb_dae,nb_dae_en_service,nb_dae_hors_service,nb_dae_24_7,nb_dae_accessibles_public,nb_dae_exterieur,nb_dae_interieur,types_dae,horaires_declares,notes_accessibilite,adresses_exemples,score_besoin,priorite_besoin,points_attention
Aigleville,Mairie - Aigleville,,1 rue André-Rouillé,27120,Aigleville,https://lannuaire.service-public.gouv.fr/normandie/eure/8228c9c2-adf0-4cf6-9cfa-f1c50153aa27,0,0,0,0,0,0,0,,,,,100,très élevée,aucun DAE déclaré
Amfreville-Saint-Amand,Mairie - Amfreville-Saint-Amand,mairie.amfreville.st.amand@gmail.com,2 rue de Blosseville,27370,Amfreville-Saint-Amand,https://lannuaire.service-public.gouv.fr/normandie/eure/0f4ecb35-ef94-4be0-ba08-0bd7dd0f4b65,0,0,0,0,0,0,0,,,,,100,très élevée,aucun DAE déclaré
Amécourt,Mairie - Amécourt,mairie.amecourt27@pole-secretariat.fr,1 chemin de l'Epine,27140,Amécourt,https://lannuaire.service-public.gouv.fr/normandie/eure/6dc9a61b-b61e-442c-ad14-de0adff6c5a7,0,0,0,0,0,0,0,,,,,100,très élevée,aucun DAE déclaré
Arnières-sur-Iton,Mairie - Arnières-sur-Iton,secretariat@arnieres-sur-iton.fr,10 rue Aristide-Briand,27180,Arnières-sur-Iton,https://lannuaire.service-public.gouv.fr/normandie/eure/7c4c3a06-cf17-4721-910b-d925b3876302,0,0,0,0,0,0,0,,,,,100,très élevée,aucun DAE déclaré
Bacquepuis,Mairie - Bacquepuis,mairie.bacquepuis@orange.fr,20 rue du Bout-de-la-Ferme,27930,Bacquepuis,https://lannuaire.service-public.gouv.fr/normandie/eure/bb64dac6-c60e-4189-b755-bd4bb7d18c96,0,0,0,0,0,0,0,,,,,100,très élevée,aucun DAE déclaré
Barc,Mairie - Barc,mairie@mairie-barc.fr,Place de la Mairie,27170,Barc,https://lannuaire.service-public.gouv.fr/normandie/eure/0608777b-f78d-4a42-9987-7086da4942a8,0,0,0,0,0,0,0,,,,,100,très élevée,aucun DAE déclaré
Barneville-sur-Seine,Mairie - Barneville-sur-Seine,mairie.barnevillesurseine@wanadoo.fr,660 rue du Village,27310,Barneville-sur-Seine,https://lannuaire.service-public.gouv.fr/normandie/eure/c624672c-1e7a-44d1-9de4-e4d7cd73f292,0,0,0,0,0,0,0,,,,,100,très élevée,aucun DAE déclaré
Barquet,Mairie - Barquet,mairiedebarquet@wanadoo.fr,17 rue de la Mairie,27170,Barquet,https://lannuaire.service-public.gouv.fr/normandie/eure/917e87af-b421-4923-8cf1-3fdd10d2afce,0,0,0,0,0,0,0,,,,,100,très élevée,aucun DAE déclaré
Barville,Mairie - Barville,barville.mairie@orange.fr,180 allée des Sapins,27230,Barville,https://lannuaire.service-public.gouv.fr/normandie/eure/d1a45ed3-b3fb-4ef9-a7e7-16b66ff83a49,0,0,0,0,0,0,0,,,,,100,très élevée,aucun DAE déclaré
Bazoques,Mairie - Bazoques,mairiebazoques@orange.fr,Le Bourg,27230,Bazoques,https://lannuaire.service-public.gouv.fr/normandie/eure/97683c88-5cb3-4bc6-9006-e66d30ead721,0,0,0,0,0,0,0,,,,,100,très élevée,aucun DAE déclaré
Beauficel-en-Lyons,Mairie - Beauficel-en-Lyons,commune.beauficelenlyons@orange.fr,6 place de l'Église,27480,Beauficel-en-Lyons,https://lannuaire.service-public.gouv.fr/normandie/eure/13263caa-f911-4d04-9447-25f1be2ced62,0,0,0,0,0,0,0,,,,,100,très élevée,aucun DAE déclaré
Bernienville,Mairie - Bernienville,mairie.bernienville@gmail.com,Rue de la Mairie,27180,Bernienville,https://lannuaire.service-public.gouv.fr/normandie/eure/3c6c7c55-23a0-4558-ac7f-54d610fcf45c,0,0,0,0,0,0,0,,,,,100,très élevée,aucun DAE déclaré
Bois-Normand-près-Lyre,Mairie - Bois-Normand-près-Lyre,mairie.bois-normand@wanadoo.fr,2 route de Glos,27330,Bois-Normand-près-Lyre,https://lannuaire.service-public.gouv.fr/normandie/eure/479859b5-c6eb-483f-b02b-355bb6fb1c55,0,0,0,0,0,0,0,,,,,100,très élevée,aucun DAE déclaré
Boisney,Mairie - Boisney,mairie.boisney@wanadoo.fr,Rue de la Mairie,27800,Boisney,https://lannuaire.service-public.gouv.fr/normandie/eure/1eb3bd9c-62bb-41e5-ba2f-4ad321bb59b4,0,0,0,0,0,0,0,,,,,100,très élevée,aucun DAE déclaré
Boncourt,Mairie - Boncourt,mairiedeboncourt@wanadoo.fr,10 rue des Vergers,27120,Boncourt,https://lannuaire.service-public.gouv.fr/normandie/eure/9d27a1e3-5051-494d-a247-2393e20c198f,0,0,0,0,0,0,0,,,,,100,très élevée,aucun DAE déclaré
Bonneville-Aptot,Mairie - Bonneville-Aptot,mairie.bonneville-aptot@orange.fr,111 le Village,27290,Bonneville-Aptot,https://lannuaire.service-public.gouv.fr/normandie/eure/908e178b-6732-4fc5-9a3a-f071bb366116,0,0,0,0,0,0,0,,,,,100,très élevée,aucun DAE déclaré
Bosrobert,Mairie - Bosrobert,mairiedebosrobert@orange.fr,11 route de la Mairie,27800,Bosrobert,https://lannuaire.service-public.gouv.fr/normandie/eure/2cb14303-8fe0-4cce-81f1-de21bcc16b5d,0,0,0,0,0,0,0,,,,,100,très élevée,aucun DAE déclaré
Bouafles,Mairie - Bouafles,mairie-bouafles27@orange.fr,28 Haute-rue,27700,Bouafles,https://lannuaire.service-public.gouv.fr/normandie/eure/112b0016-24d4-427c-bc4c-4a930a56e009,0,0,0,0,0,0,0,,,,,100,très élevée,aucun DAE déclaré
Bouquelon,Mairie - Bouquelon,bouquelon.mairie@wanadoo.fr,1 place de l'Église,27500,Bouquelon,https://lannuaire.service-public.gouv.fr/normandie/eure/711c76a4-4b5a-437a-91b0-2717f9be90a7,0,0,0,0,0,0,0,,,,,100,très élevée,aucun DAE déclaré
Bouquetot,Mairie - Bouquetot,mairie.bouquetot@wanadoo.fr,91 rue de l'Église,27310,Bouquetot,https://lannuaire.service-public.gouv.fr/normandie/eure/905bdbf0-3a39-4bc2-b46c-fe0897de0c17,0,0,0,0,0,0,0,,,,,100,très élevée,aucun DAE déclaré
Bournainville-Faverolles,Mairie - Bournainville-Faverolles,mairiebournainvillefaverolles@orange.fr,17 rue du Chanoine-Porée,27230,Bournainville-Faverolles,https://lannuaire.service-public.gouv.fr/normandie/eure/20eecf01-e0e9-497d-bf6a-01cdccdf71f4,0,0,0,0,0,0,0,,,,,100,très élevée,aucun DAE déclaré
Bray,Mairie - Bray,bray.mairie@orange.fr,2 rue des Écoles,27170,Bray,https://lannuaire.service-public.gouv.fr/normandie/eure/bc4c5ce6-9d99-4968-b7e9-cf348d31f9a2,0,0,0,0,0,0,0,,,,,100,très élevée,aucun DAE déclaré
Bretagnolles,Mairie - Bretagnolles,mairie.bretagnolles@orange.fr,10 rue de l'Église,27220,Bretagnolles,https://lannuaire.service-public.gouv.fr/normandie/eure/3285f5f8-4a59-48ec-80a4-a8d17ad479d6,0,0,0,0,0,0,0,,,,,100,très élevée,aucun DAE déclaré
Breux-sur-Avre,Mairie - Breux-sur-Avre,mairie@breux-sur-avre.fr,10 ancienne route du Mans Le Bourg,27570,Breux-sur-Avre,https://lannuaire.service-public.gouv.fr/normandie/eure/0b19da66-336b-4a4d-a56a-1bbf731ec306,0,0,0,0,0,0,0,,,,,100,très élevée,aucun DAE déclaré
Brétigny,Mairie - Brétigny,mairie.bretigny27@orange.fr,4 rue du Bourg,27800,Brétigny,https://lannuaire.service-public.gouv.fr/normandie/eure/619edaea-212a-4052-b8e7-d0b969d167b3,0,0,0,0,0,0,0,,,,,100,très élevée,aucun DAE déclaré
Calleville,Mairie - Calleville,calleville.mairie@wanadoo.fr,29 rue Jules-Quatrenoix,27800,Calleville,https://lannuaire.service-public.gouv.fr/normandie/eure/fc38809b-edb0-4a40-9a6c-f179d0662de6,0,0,0,0,0,0,0,,,,,100,très élevée,aucun DAE déclaré
Caorches-Saint-Nicolas,Mairie - Caorches-Saint-Nicolas,mairie.caorches.st.nicolas@wanadoo.fr,11 route d'Orbec,27300,Caorches-Saint-Nicolas,https://lannuaire.service-public.gouv.fr/normandie/eure/f12caf77-63b0-4171-b578-8d01731d506c,0,0,0,0,0,0,0,,,,,100,très élevée,aucun DAE déclaré
Cauverville-en-Roumois,Mairie - Cauverville-en-Roumois,mairiecauvervillenroumois@gmail.com,4 chemin de Rondemare,27350,Cauverville-en-Roumois,https://lannuaire.service-public.gouv.fr/normandie/eure/46be969a-fc9c-4b81-9b7d-c6893bca7739,0,0,0,0,0,0,0,,,,,100,très élevée,aucun DAE déclaré
Cesseville,Mairie - Cesseville,mairie.cesseville@orange.fr,1 route Hectomare,27110,Cesseville,https://lannuaire.service-public.gouv.fr/normandie/eure/61ccd6dd-3d8a-4858-a9c5-48bbb812fa21,0,0,0,0,0,0,0,,,,,100,très élevée,aucun DAE déclaré
Chamblac,Mairie - Chamblac,mairie-chamblac@wanadoo.fr,Le Bourg,27270,Chamblac,https://lannuaire.service-public.gouv.fr/normandie/eure/b6b7e053-e30e-4df7-a4d8-e6ab7dad3850,0,0,0,0,0,0,0,,,,,100,très élevée,aucun DAE déclaré
Chambord,Mairie - Chambord,mairie.chambord@wanadoo.fr,5 rue de la Mairie,27250,Chambord,https://lannuaire.service-public.gouv.fr/normandie/eure/2d47f87e-9a4a-456e-affb-ce0841345976,0,0,0,0,0,0,0,,,,,100,très élevée,aucun DAE déclaré
Chambray,Mairie - Chambray,mairiedechambray27120@orange.fr,1 rue de la Mairie,27120,Chambray,https://lannuaire.service-public.gouv.fr/normandie/eure/a84a01a8-afc0-4ed8-bcb4-5e722e1acfb2,0,0,0,0,0,0,0,,,,,100,très élevée,aucun DAE déclaré
Champ-Dolent,Mairie - Champ-Dolent,mairie.champ.dolent@wanadoo.fr,Place de la Mairie,27190,Champ-Dolent,https://lannuaire.service-public.gouv.fr/normandie/eure/ccef3432-3c61-4839-91c3-cbc6990b011f,0,0,0,0,0,0,0,,,,,100,très élevée,aucun DAE déclaré
Champenard,Mairie - Champenard,mairie-champenard@orange.fr,Place de la Mairie,27600,Champenard,https://lannuaire.service-public.gouv.fr/normandie/eure/7a1165be-104d-4c31-aa13-c01bd5805993,0,0,0,0,0,0,0,,,,,100,très élevée,aucun DAE déclaré
Claville,Mairie - Claville,mairie.claville@wanadoo.fr,10 place Bance,27180,Claville,https://lannuaire.service-public.gouv.fr/normandie/eure/0d03aa15-88ca-4582-9f90-084b55b49cb5,0,0,0,0,0,0,0,,,,,100,très élevée,aucun DAE déclaré
Collandres-Quincarnon,Mairie - Collandres-Quincarnon,collandres.quincarnon@orange.fr,2 rue du Beau-Marcée,27190,Collandres-Quincarnon,https://lannuaire.service-public.gouv.fr/normandie/eure/5e255404-77e5-4b7a-a1c5-908758419afb,0,0,0,0,0,0,0,,,,,100,très élevée,aucun DAE déclaré
Condé-sur-Risle,Mairie - Condé-sur-Risle,contact@mairieconde.fr,5 rue du Village,27290,Condé-sur-Risle,https://lannuaire.service-public.gouv.fr/normandie/eure/c7ba1cb1-a545-4f7b-aec0-377b7ad51ac9,0,0,0,0,0,0,0,,,,,100,très élevée,aucun DAE déclaré
Connelles,Mairie - Connelles,communeconnelles@orange.fr,19 route d'Amfreville-sous-les-Monts,27430,Connelles,https://lannuaire.service-public.gouv.fr/normandie/eure/50678921-d7f1-4a20-a6fd-3979fda3b76c,0,0,0,0,0,0,0,,,,,100,très élevée,aucun DAE déclaré
Corneville-la-Fouquetière,Mairie - Corneville-la-Fouquetière,mairiecornevillefouquetiere@wanadoo.fr,Place de la Mairie,27300,Corneville-la-Fouquetière,https://lannuaire.service-public.gouv.fr/normandie/eure/58bb8c9e-4c52-409e-86bb-da65bc0b3451,0,0,0,0,0,0,0,,,,,100,très élevée,aucun DAE déclaré
Coudres,Mairie - Coudres,mairie.coudres@wanadoo.fr,36 ter rue Grande,27220,Coudres,https://lannuaire.service-public.gouv.fr/normandie/eure/b8465952-0856-4b58-860b-d2488942ff76,0,0,0,0,0,0,0,,,,,100,très élevée,aucun DAE déclaré
Courteilles,Mairie - Courteilles,mairie-de-courteilles@wanadoo.fr,1 rue du Capitaine-Jacques-Mallet,27130,Courteilles,https://lannuaire.service-public.gouv.fr/normandie/eure/1944e914-b0ef-41ef-8f40-d256ab07afb4,0,0,0,0,0,0,0,,,,,100,très élevée,aucun DAE déclaré
Crestot,Mairie - Crestot,mairie.crestot@orange.fr,12 rue des Écoles,27110,Crestot,https://lannuaire.service-public.gouv.fr/normandie/eure/21816d8a-503f-480b-98f1-88210865c0a0,0,0,0,0,0,0,0,,,,,100,très élevée,aucun DAE déclaré
Croisy-sur-Eure,Mairie - Croisy-sur-Eure,mairiecroisy@wanadoo.fr,17 route de Ménilles,27120,Croisy-sur-Eure,https://lannuaire.service-public.gouv.fr/normandie/eure/e40c4fea-8e10-417f-b294-81ea9ec1328b,0,0,0,0,0,0,0,,,,,100,très élevée,aucun DAE déclaré
Cuverville,Mairie - Cuverville,mairie.cuverville@wanadoo.fr,12 Grande rue,27700,Cuverville,https://lannuaire.service-public.gouv.fr/normandie/eure/0e0b233c-edd4-4d28-99a7-0a4525c5f255,0,0,0,0,0,0,0,,,,,100,très élevée,aucun DAE déclaré
Dangu,Mairie - Dangu,mairie.dangu@wanadoo.fr,22 rue de la Porte-des-Champs,27720,Dangu,https://lannuaire.service-public.gouv.fr/normandie/eure/b862d595-e818-4fab-b733-ab74aaae1192,0,0,0,0,0,0,0,,,,,100,très élevée,aucun DAE déclaré
Dardez,Mairie - Dardez,mairiedardez@wanadoo.fr,Place Saint-Martin,27930,Dardez,https://lannuaire.service-public.gouv.fr/normandie/eure/cc334fb6-e579-4589-a57e-a44ca6a8d1ea,0,0,0,0,0,0,0,,,,,100,très élevée,aucun DAE déclaré
Daubeuf-Près-Vatteville,Mairie - Daubeuf-Près-Vatteville,commune.daubeuf@orange.fr,21 rue des Acacias,27430,Daubeuf-près-Vatteville,https://lannuaire.service-public.gouv.fr/normandie/eure/bfb41c5f-591d-4b27-acc9-48d837c57498,0,0,0,0,0,0,0,,,,,100,très élevée,aucun DAE déclaré
Daubeuf-la-Campagne,Mairie - Daubeuf-la-Campagne,mairie.daubeuf.la.campagne@wanadoo.fr,28 rue Grande,27110,Daubeuf-la-Campagne,https://lannuaire.service-public.gouv.fr/normandie/eure/2fc87e43-d2a7-498a-9386-e95817ef9364,0,0,0,0,0,0,0,,,,,100,très élevée,aucun DAE déclaré
Doudeauville-en-Vexin,Mairie - Doudeauville-en-Vexin,mairie-doudeauvillevexin@orange.fr,10 rue Saint-Aubin,27150,Doudeauville-en-Vexin,https://lannuaire.service-public.gouv.fr/normandie/eure/0ca36c4c-58e0-4405-8717-bfe2028f5757,0,0,0,0,0,0,0,,,,,100,très élevée,aucun DAE déclaré
Duranville,Mairie - Duranville,mairie.duranville@orange.fr,10 route de Paris,27230,Duranville,https://lannuaire.service-public.gouv.fr/normandie/eure/1064fb30-0c4d-4db8-891a-ee308b9b4e0d,0,0,0,0,0,0,0,,,,,100,très élevée,aucun DAE déclaré
Ecauville,Mairie - Ecauville,mairie.ecauville27@orange.fr,26 rue Principale,27110,Écauville,https://lannuaire.service-public.gouv.fr/normandie/eure/208c237d-024d-4004-b87e-5d70ef912a8d,0,0,0,0,0,0,0,,,,,100,très élevée,aucun DAE déclaré
Ecquetot,Mairie - Ecquetot,ecquetot.mairie@gmail.com,2 rue des Canadiens,27110,Ecquetot,https://lannuaire.service-public.gouv.fr/normandie/eure/fd637d78-1073-4ce0-85db-6bdc05581a1f,0,0,0,0,0,0,0,,,,,100,très élevée,aucun DAE déclaré
Epieds,Mairie - Epieds,commune-epieds@orange.fr,Place Henri-IV,27730,Epieds,https://lannuaire.service-public.gouv.fr/normandie/eure/e1ac6853-9649-4179-bc15-91f52a12d846,0,0,0,0,0,0,0,,,,,100,très élevée,aucun DAE déclaré
Fains,Mairie - Fains,communefains@orange.fr,6 rue de Garennes,27120,Fains,https://lannuaire.service-public.gouv.fr/normandie/eure/aaa9b125-69b2-4764-99a2-bd375dacd932,0,0,0,0,0,0,0,,,,,100,très élevée,aucun DAE déclaré
Faverolles-la-Campagne,Mairie - Faverolles-la-Campagne,mairie.faverolles-la-campagne@orange.fr,1 rue de la Mairie,27190,Faverolles-la-Campagne,https://lannuaire.service-public.gouv.fr/normandie/eure/5f48d116-a279-4367-9b8a-301af6c2f9ee,0,0,0,0,0,0,0,,,,,100,très élevée,aucun DAE déclaré
Ferrières-Saint-Hilaire,Mairie - Ferrières-Saint-Hilaire,mairie.ferrieres.st.hilaire@wanadoo.fr,3 rue Jeanne-de-Tilly,27270,Ferrières-Saint-Hilaire,https://lannuaire.service-public.gouv.fr/normandie/eure/6d9247c4-9ea9-4142-87e6-d2bd07e3a897,0,0,0,0,0,0,0,,,,,100,très élevée,aucun DAE déclaré
Feuguerolles,Mairie - Feuguerolles,mairie.feuguerolles@orange.fr,Rue Saint-Amant,27110,Feuguerolles,https://lannuaire.service-public.gouv.fr/normandie/eure/2d37fc9f-3adb-4c28-9b68-1c96c3dba7d1,0,0,0,0,0,0,0,,,,,100,très élevée,aucun DAE déclaré
Fiquefleur-Équainville,Mairie - Fiquefleur-Équainville,fiquefleur.mairie@wanadoo.fr,1773 route de la Morelle,27210,Fiquefleur-Équainville,https://lannuaire.service-public.gouv.fr/normandie/eure/d8e0a81f-1012-4788-b7d1-264a3a8abfa0,0,0,0,0,0,0,0,,,,,100,très élevée,aucun DAE déclaré
Folleville,Mairie - Folleville,mairie-folleville@orange.fr,L'Église,27230,Folleville,https://lannuaire.service-public.gouv.fr/normandie/eure/0ed2d4a8-f75e-4fa1-a442-ae776cc9af24,0,0,0,0,0,0,0,,,,,100,très élevée,aucun DAE déclaré
Fontaine-Bellenger,Mairie - Fontaine-Bellenger,secretariat@fontainebellenger27.com,2 place Étienne-Lemeilleur,27600,Fontaine-Bellenger,https://lannuaire.service-public.gouv.fr/normandie/eure/e6f2c703-ec54-4632-acd9-2b9324db7c4e,0,0,0,0,0,0,0,,,,,100,très élevée,aucun DAE déclaré
Fontaine-l'Abbé,Mairie - Fontaine-l'Abbé,mairie.fontainelabbe@wanadoo.fr,107 rue de la Fausse-Acre,27470,Fontaine-l'Abbé,https://lannuaire.service-public.gouv.fr/normandie/eure/499bb1ed-f6e3-4a48-82a8-41cf77abb556,0,0,0,0,0,0,0,,,,,100,très élevée,aucun DAE déclaré
Fort-Moville,Mairie - Fort-Moville,mairie.fort.moville@orange.fr,Le Bourg,27210,Fort-Moville,https://lannuaire.service-public.gouv.fr/normandie/eure/505d9ce0-19b5-49b0-9b04-ae8dc7e966ef,0,0,0,0,0,0,0,,,,,100,très élevée,aucun DAE déclaré
Foucrainville,Mairie - Foucrainville,commune.foucrainville@orange.fr,7 bis rue du Milbert,27220,Foucrainville,https://lannuaire.service-public.gouv.fr/normandie/eure/fecd27f7-43ea-4d07-a706-5a7438e48c69,0,0,0,0,0,0,0,,,,,100,très élevée,aucun DAE déclaré
Foulbec,Mairie - Foulbec,contact@mairiefoulbec.fr,33 rue de la Forge,27210,Foulbec,https://lannuaire.service-public.gouv.fr/normandie/eure/7bf2b32c-58e3-463f-9062-086680aa948a,0,0,0,0,0,0,0,,,,,100,très élevée,aucun DAE déclaré
Fouqueville,Mairie - Fouqueville,mairie.fouqueville@wanadoo.fr,20 rue Léon-Loubet,27370,Fouqueville,https://lannuaire.service-public.gouv.fr/normandie/eure/589bf354-b557-4fb7-b359-04328cf0ccc3,0,0,0,0,0,0,0,,,,,100,très élevée,aucun DAE déclaré
Freneuse-sur-Risle,Mairie - Freneuse-sur-Risle,freneuse.sur.risle@orange.fr,6 place de la Mairie,27290,Freneuse-sur-Risle,https://lannuaire.service-public.gouv.fr/normandie/eure/dbdc95df-efbe-49cd-a07e-85502dc7f329,0,0,0,0,0,0,0,,,,,100,très élevée,aucun DAE déclaré
Fresney,Mairie - Fresney,mairie.fresney@wanadoo.fr,2 place de la Mairie,27220,Fresney,https://lannuaire.service-public.gouv.fr/normandie/eure/17f269d7-e00b-4f6b-a7b3-816db0a60a64,0,0,0,0,0,0,0,,,,,100,très élevée,aucun DAE déclaré
Gamaches-en-Vexin,Mairie - Gamaches-en-Vexin,communegamachesenvexin@orange.fr,8 rue Oulgate,27150,Gamaches-en-Vexin,https://lannuaire.service-public.gouv.fr/normandie/eure/d4fcb4b7-84d3-4602-a24e-537291b4a725,0,0,0,0,0,0,0,,,,,100,très élevée,aucun DAE déclaré
Gauciel,Mairie - Gauciel,commune.gauciel@wanadoo.fr,9 rue de la Mairie,27930,Gauciel,https://lannuaire.service-public.gouv.fr/normandie/eure/2b056e1a-ee05-4314-ba9f-ee6ccdc3c32a,0,0,0,0,0,0,0,,,,,100,très élevée,aucun DAE déclaré
Gauville-la-Campagne,Mairie - Gauville-la-Campagne,mairie.gauvillecgne@orange.fr,2 rue d'Aviron,27930,Gauville-la-Campagne,https://lannuaire.service-public.gouv.fr/normandie/eure/53e8fb3c-d118-4646-a584-c5e8f9332809,0,0,0,0,0,0,0,,,,,100,très élevée,aucun DAE déclaré
Giverville,Mairie - Giverville,mairie.giverville@orange.fr,2 place du Major-Quance,27560,Giverville,https://lannuaire.service-public.gouv.fr/normandie/eure/c3193246-249b-4e7b-9372-eee09a8165dd,0,0,0,0,0,0,0,,,,,100,très élevée,aucun DAE déclaré
Gournay-le-Guérin,Mairie - Gournay-le-Guérin,mairie.gournayleguerin@orange.fr,3 rue de la Mairie,27580,Gournay-le-Guérin,https://lannuaire.service-public.gouv.fr/normandie/eure/6e598878-a679-4f44-84e4-1fab20cfda95,0,0,0,0,0,0,0,,,,,100,très élevée,aucun DAE déclaré
Grand-Camp,Mairie - Grand-Camp,mairie.grandcamp27@wanadoo.fr,Le Bourg,27270,Grand-Camp,https://lannuaire.service-public.gouv.fr/normandie/eure/dcd75868-ef57-40d4-8b2c-06a91bcef1b0,0,0,0,0,0,0,0,,,,,100,très élevée,aucun DAE déclaré
Harcourt,Mairie - Harcourt,mairie@communeharcourt.com,2 place du Général-Chrétien,27800,Harcourt,https://lannuaire.service-public.gouv.fr/normandie/eure/ab8709ec-a5f7-45c7-af66-45a72eafac73,0,0,0,0,0,0,0,,,,,100,très élevée,aucun DAE déclaré
Hardencourt-Cocherel,Mairie - Hardencourt-Cocherel,secretere.hardencourt@orange.fr,24 rue Du-Guesclin,27120,Hardencourt-Cocherel,https://lannuaire.service-public.gouv.fr/normandie/eure/30999b2f-f316-44a9-b87a-397de439a1a2,0,0,0,0,0,0,0,,,,,100,très élevée,aucun DAE déclaré
Hecmanville,Mairie - Hecmanville,commune.hecmanville@orange.fr,Rue de l'Église,27800,Hecmanville,https://lannuaire.service-public.gouv.fr/normandie/eure/3784a9ac-4ac8-4bc4-adf4-7088e2cd6299,0,0,0,0,0,0,0,,,,,100,très élevée,aucun DAE déclaré
Hectomare,Mairie - Hectomare,mairiehectomare@wanadoo.fr,4 rue de la Mairie,27110,Hectomare,https://lannuaire.service-public.gouv.fr/normandie/eure/eaf5ee84-1654-4275-9dd1-1f73421ad307,0,0,0,0,0,0,0,,,,,100,très élevée,aucun DAE déclaré
Hennezis,Mairie - Hennezis,mairie.hennezis@wanadoo.fr,43 rue de Boursonne,27700,Hennezis,https://lannuaire.service-public.gouv.fr/normandie/eure/d8c86122-c92f-47d0-a704-888011d155ef,0,0,0,0,0,0,0,,,,,100,très élevée,aucun DAE déclaré
Heudicourt,Mairie - Heudicourt,mairie-heudicourt@orange.fr,2 Grand'rue,27860,Heudicourt,https://lannuaire.service-public.gouv.fr/normandie/eure/abc25df6-01e2-4c47-9e7a-1d337fdac7ac,0,0,0,0,0,0,0,,,,,100,très élevée,aucun DAE déclaré
Houetteville,Mairie - Houetteville,mairiehouetteville@orange.fr,Route d'Évreux,27400,Houetteville,https://lannuaire.service-public.gouv.fr/normandie/eure/c7283a54-f573-4604-82ed-88d49fee02db,0,0,0,0,0,0,0,,,,,100,très élevée,aucun DAE déclaré
Hécourt,Mairie - Hécourt,commune.hecourt@orange.fr,1 rue Saint-Taurin,27120,Hécourt,https://lannuaire.service-public.gouv.fr/normandie/eure/70825503-22d8-4fe7-abe2-8aad85475534,0,0,0,0,0,0,0,,,,,100,très élevée,aucun DAE déclaré
Irreville,Mairie - Irreville,mairie.irreville@wanadoo.fr,Place de la Mairie,27930,Irreville,https://lannuaire.service-public.gouv.fr/normandie/eure/2725916b-2334-48d2-9d46-cf7cf29834e5,0,0,0,0,0,0,0,,,,,100,très élevée,aucun DAE déclaré
La Baronnie,Mairie - La Baronnie,mairie.labaronnie@orange.fr,Garencières Place du 19-Mars-1962,27220,La Baronnie,https://lannuaire.service-public.gouv.fr/normandie/eure/c1567b61-6f27-4f28-bfc0-37e1f3c9f8d5,0,0,0,0,0,0,0,,,,,100,très élevée,aucun DAE déclaré
La Croisille,Mairie - La Croisille,commune.lacroisille@gmail.com,8 rue Jean-Louis-Godard,27190,La Croisille,https://lannuaire.service-public.gouv.fr/normandie/eure/3d97739e-043a-4340-a926-3d71cb4e6777,0,0,0,0,0,0,0,,,,,100,très élevée,aucun DAE déclaré
La Goulafrière,Mairie - La Goulafrière,mairie.lagoulafriere@orange.fr,Place de la Mairie,27390,La Goulafrière,https://lannuaire.service-public.gouv.fr/normandie/eure/6e353912-3a51-48f2-ae4b-fe90e27f6376,0,0,0,0,0,0,0,,,,,100,très élevée,aucun DAE déclaré
La Harengère,Mairie - La Harengère,mairie-la-harengere@wanadoo.fr,8 rue de la Mairie,27370,La Harengère,https://lannuaire.service-public.gouv.fr/normandie/eure/ae18cf51-740d-44b8-bd69-2f04ab218c31,0,0,0,0,0,0,0,,,,,100,très élevée,aucun DAE déclaré
La Haye-Aubrée,Mairie - La Haye-Aubrée,lahayeaubree@wanadoo.fr,27 route de la Croix-Saint-Paul,27350,La Haye-Aubrée,https://lannuaire.service-public.gouv.fr/normandie/eure/2b9feef3-d7f2-40d4-95ee-24aacedd6914,0,0,0,0,0,0,0,,,,,100,très élevée,aucun DAE déclaré
La Haye-Saint-Sylvestre,Mairie - La Haye-Saint-Sylvestre,mairiela.haye.saint.sylvestre@wanadoo.fr,43 place de la Mairie,27330,La Haye-Saint-Sylvestre,https://lannuaire.service-public.gouv.fr/normandie/eure/34a8086c-44be-451e-869d-2a59803c889f,0,0,0,0,0,0,0,,,,,100,très élevée,aucun DAE déclaré
La Haye-de-Calleville,Mairie - La Haye-de-Calleville,mairie.hayedecalleville@orange.fr,16 rue des Canadiens,27800,La Haye-de-Calleville,https://lannuaire.service-public.gouv.fr/normandie/eure/8495d53e-7d8a-4a7a-afb7-44c50e519027,0,0,0,0,0,0,0,,,,,100,très élevée,aucun DAE déclaré
La Haye-de-Routot,Mairie - La Haye-de-Routot,mairiehayeroutot@gmail.com,81 rue des Broches,27350,La Haye-de-Routot,https://lannuaire.service-public.gouv.fr/normandie/eure/b9adfb26-71ce-4dca-92af-a0912af63095,0,0,0,0,0,0,0,,,,,100,très élevée,aucun DAE déclaré
La Haye-du-Theil,Mairie - La Haye-du-Theil,mairiedelahayedutheil@wanadoo.fr,18 route de Brionne,27370,La-Haye-du-Theil,https://lannuaire.service-public.gouv.fr/normandie/eure/de37395d-266d-4186-82af-b51cae50eb11,0,0,0,0,0,0,0,,,,,100,très élevée,aucun DAE déclaré
La Haye-le-Comte,Mairie - La Haye-le-Comte,mairie-hayelecomte@wanadoo.fr,"5, allée François-Langlois",27400,La Haye-le-Comte,https://lannuaire.service-public.gouv.fr/normandie/eure/8e9011d6-a564-4b3a-9d89-93060f185b9c,0,0,0,0,0,0,0,,,,,100,très élevée,aucun DAE déclaré
La Heunière,Mairie - La Heunière,mairie-la-heuniere@orange.fr,Rue du Vieux-Puits,27950,La Heunière,https://lannuaire.service-public.gouv.fr/normandie/eure/a697717e-51f9-4b22-b4a9-8d522dec738e,0,0,0,0,0,0,0,,,,,100,très élevée,aucun DAE déclaré
La Houssaye,Mairie - La Houssaye,mairie.lahoussaye@orange.fr,Route de Romilly,27410,La Houssaye,https://lannuaire.service-public.gouv.fr/normandie/eure/ffc1b6cf-7319-4f9f-88b7-77cfa39657f0,0,0,0,0,0,0,0,,,,,100,très élevée,aucun DAE déclaré
La Neuve-Lyre,Mairie - La Neuve-Lyre,mairie.la-neuve-lyre@wanadoo.fr,6 rue Loiziel,27330,La Neuve-Lyre,https://lannuaire.service-public.gouv.fr/normandie/eure/bddde6c4-b6b5-4606-a7e9-6bd9a1465477,0,0,0,0,0,0,0,,,,,100,très élevée,aucun DAE déclaré
La Pyle,Mairie - La Pyle,commune-la-pyle@orange.fr,Route d'Anfreville,27370,La Pyle,https://lannuaire.service-public.gouv.fr/normandie/eure/ee2083de-638f-4631-b3d7-148e21f20d78,0,0,0,0,0,0,0,,,,,100,très élevée,aucun DAE déclaré
La Roquette,Mairie - La Roquette,mairielaroquette27@wanadoo.fr,Place Marie-Madeleine-Duval,27700,La Roquette,https://lannuaire.service-public.gouv.fr/normandie/eure/481b3ad7-4c65-4584-8261-660b5b2d80e2,0,0,0,0,0,0,0,,,,,100,très élevée,aucun DAE déclaré
La Trinité,Mairie - La Trinité,mairie-de-la.trinite@akeonet.com,6 rue Philomène-Leveau,27930,La Trinité,https://lannuaire.service-public.gouv.fr/normandie/eure/1a64d923-234b-49ad-98e8-871abd345dc1,0,0,0,0,0,0,0,,,,,100,très élevée,aucun DAE déclaré
La Trinité-de-Réville,Mairie - La Trinité-de-Réville,mairie.latrinitedereville.27@wanadoo.fr,Place de la Mairie,27270,La Trinité-de-Réville,https://lannuaire.service-public.gouv.fr/normandie/eure/ffda2b21-66b9-45f5-a0ec-096a3e3b1cb1,0,0,0,0,0,0,0,,,,,100,très élevée,aucun DAE déclaré
La Vacherie,Mairie - La Vacherie,mairie.vacherie@gmail.com,3 bis rue de la Mairie Hameau de Verdun,27400,La Vacherie,https://lannuaire.service-public.gouv.fr/normandie/eure/9a51f808-d698-4bce-8595-d054b5623e6e,0,0,0,0,0,0,0,,,,,100,très élevée,aucun DAE déclaré
Launay,Mairie - Launay,mairie.launay@orange.fr,18 rue de l'Église,27470,Launay,https://lannuaire.service-public.gouv.fr/normandie/eure/1870f37a-cca6-48b7-a62a-9ad30b0ad6b3,0,0,0,0,0,0,0,,,,,100,très élevée,aucun DAE déclaré
Le Bec-Thomas,Mairie - Le Bec-Thomas,mairie.lebec-thomas@orange.fr,12 rue de la Mairie,27370,Le Bec-Thomas,https://lannuaire.service-public.gouv.fr/normandie/eure/b915ef1a-2ee3-45cb-b654-4ad09606129e,0,0,0,0,0,0,0,,,,,100,très élevée,aucun DAE déclaré
Le Boulay-Morin,Mairie - Le Boulay-Morin,mairie@leboulaymorin.fr,24 route de Louviers,27930,Le Boulay-Morin,https://lannuaire.service-public.gouv.fr/normandie/eure/b0ad6f27-68fd-42a2-912d-e9eaa3b2df8e,0,0,0,0,0,0,0,,,,,100,très élevée,aucun DAE déclaré
Le Cormier,Mairie - Le Cormier,mairie-le-cormier@wanadoo.fr,2 place de la Mairie,27120,Le Cormier,https://lannuaire.service-public.gouv.fr/normandie/eure/7d50d906-784a-491f-84e1-9d5a5f9c1e73,0,0,0,0,0,0,0,,,,,100,très élevée,aucun DAE déclaré
Le Favril,Mairie - Le Favril,mairiefavril@wanadoo.fr,Rue de la Mairie,27230,Le Favril,https://lannuaire.service-public.gouv.fr/normandie/eure/211ecca0-42ce-4bd1-8687-2072b3ecae2c,0,0,0,0,0,0,0,,,,,100,très élevée,aucun DAE déclaré
Le Landin,Mairie - Le Landin,mairie-le-landin@wanadoo.fr,9 route départementale 313,27350,Le Landin,https://lannuaire.service-public.gouv.fr/normandie/eure/018d4f0d-d7a9-4c41-8572-bbe45bb810c5,0,0,0,0,0,0,0,,,,,100,très élevée,aucun DAE déclaré
Le Mesnil-Fuguet,Mairie - Le Mesnil-Fuguet,mairielemesnilfuguet@wanadoo.fr,12 rue de la Mairie,27930,Le Mesnil-Fuguet,https://lannuaire.service-public.gouv.fr/normandie/eure/1e9c1c33-04aa-4a28-a9b0-97fe8ffa395c,0,0,0,0,0,0,0,,,,,100,très élevée,aucun DAE déclaré
Le Mesnil-Jourdain,Mairie - Le Mesnil-Jourdain,mairie-mesniljourdain@wanadoo.fr,14 rue de Cavoville,27400,Le Mesnil-Jourdain,https://lannuaire.service-public.gouv.fr/normandie/eure/947138b8-b631-4f83-bfb2-9a9a90c51474,0,0,0,0,0,0,0,,,,,100,très élevée,aucun DAE déclaré
Le Plessis-Sainte-Opportune,Mairie - Le Plessis-Sainte-Opportune,mairieleplessisstopportune@wanadoo.fr,1 rue de la Mairie,27170,Le Plessis-Sainte-Opportune,https://lannuaire.service-public.gouv.fr/normandie/eure/38d2cc25-f0fb-488c-9ee9-6ee13676eb92,0,0,0,0,0,0,0,,,,,100,très élevée,aucun DAE déclaré
Le Thil,Mairie - Le Thil,mairie.lethil@wanadoo.fr,23 Grande rue,27150,Le Thil,https://lannuaire.service-public.gouv.fr/normandie/eure/f20640ff-3747-462f-93b4-fc23a3a1e2e9,0,0,0,0,0,0,0,,,,,100,très élevée,aucun DAE déclaré
Le Thuit,Mairie - Le Thuit,mairieduthuit@orange.fr,Rue Guynemer,27700,Le Thuit,https://lannuaire.service-public.gouv.fr/normandie/eure/171f79f6-b905-465f-8d04-1642ad31ce85,0,0,0,0,0,0,0,,,,,100,très élevée,aucun DAE déclaré
Le Thuit-de-l'Oison,Mairie - Le Thuit-de-l'Oison,mairie@thuitdeloison.fr,Rue Henry-de-Campion,27370,Le Thuit-de-l'Oison,https://lannuaire.service-public.gouv.fr/normandie/eure/6dd52fa5-a030-4b89-9afd-bdfd7be26df7,0,0,0,0,0,0,0,,,,,100,très élevée,aucun DAE déclaré
Le Troncq,Mairie - Le Troncq,mairieletroncq@orange.fr,2 rue des Écoles,27110,Le Troncq,https://lannuaire.service-public.gouv.fr/normandie/eure/3dcb6fe8-a01d-40cf-8a78-9f83991f5ae0,0,0,0,0,0,0,0,,,,,100,très élevée,aucun DAE déclaré
Le Val-David,Mairie - Le Val-David,mairielevaldavid27@gmail.com,3 rue de la Mairie,27120,Le Val-David,https://lannuaire.service-public.gouv.fr/normandie/eure/d38fc2c0-894f-47b2-a1e2-d5929803c217,0,0,0,0,0,0,0,,,,,100,très élevée,aucun DAE déclaré
Les Barils,Mairie - Les Barils,mairielesbarils@orange.fr,3 rue de Verneuil,27130,Les Barils,https://lannuaire.service-public.gouv.fr/normandie/eure/16329e6c-950c-4d1c-9ae6-d54c07a71037,0,0,0,0,0,0,0,,,,,100,très élevée,aucun DAE déclaré
Les Bottereaux,Mairie - Les Bottereaux,mairie.les.bottereaux@wanadoo.fr,2 rue Charlotte-Corday,27250,Les Bottereaux,https://lannuaire.service-public.gouv.fr/normandie/eure/1dd4e551-493c-4809-aff5-0f456d391ab8,0,0,0,0,0,0,0,,,,,100,très élevée,aucun DAE déclaré
Les Monts-du-Roumois,Mairie - Les Monts-du-Roumois,lesmontsduroumois@orange.fr,Berville-en-Roumois 36 place de la Mairie,27520,Les Monts-du-Roumois,https://lannuaire.service-public.gouv.fr/normandie/eure/72c8c410-287c-4632-b765-90a38528a837,0,0,0,0,0,0,0,,,,,100,très élevée,aucun DAE déclaré
Les Places,Mairie - Les Places,mairielesplaces@orange.fr,52 le Village,27230,Les Places,https://lannuaire.service-public.gouv.fr/normandie/eure/9de96fd0-4332-4ce9-8672-b883bfc3d44b,0,0,0,0,0,0,0,,,,,100,très élevée,aucun DAE déclaré
Les Ventes,Mairie - Les Ventes,mairielesventes27@orange.fr,1 place Billie-D.-Harris,27180,Les Ventes,https://lannuaire.service-public.gouv.fr/normandie/eure/1aaa4531-cd62-44ca-a6d4-c0ee492728fa,0,0,0,0,0,0,0,,,,,100,très élevée,aucun DAE déclaré
Lignerolles,Mairie - Lignerolles,mairie-lignerolles27@orange.fr,2 rue de Faverolles,27220,Lignerolles,https://lannuaire.service-public.gouv.fr/normandie/eure/ec384a9f-bcc2-44fc-9d62-978922186d9f,0,0,0,0,0,0,0,,,,,100,très élevée,aucun DAE déclaré
Longchamps,Mairie - Longchamps,mairie.longchamps27@gmail.com,93 rue de la Mairie,27150,Longchamps,https://lannuaire.service-public.gouv.fr/normandie/eure/e6d7ac30-8e6c-449d-a790-e6724f874bac,0,0,0,0,0,0,0,,,,,100,très élevée,aucun DAE déclaré
Mainneville,Mairie - Mainneville,mairie.mainneville@orange.fr,9 place du Marché,27150,Mainneville,https://lannuaire.service-public.gouv.fr/normandie/eure/f5aca0d2-f190-4525-9cd4-9f378e970881,0,0,0,0,0,0,0,,,,,100,très élevée,aucun DAE déclaré
Mairie déléguée - Carsix,Mairie déléguée - Carsix,accueil@nassandres-sur-risle.fr,Carsix Rue Gustave-Héon,27300,Nassandres-sur-Risle,https://lannuaire.service-public.gouv.fr/normandie/eure/0d481dd7-6347-4c81-baf4-5c438750415f,0,0,0,0,0,0,0,,,,,100,très élevée,aucun DAE déclaré
Mairie déléguée - Champignolles,Mairie déléguée - Champignolles,mairie.vieillelyre@orange.fr,Champignolles 4 rue de l'Église-Saint-Gilles,27330,La Vieille-Lyre,https://lannuaire.service-public.gouv.fr/normandie/eure/9ae89280-414c-407d-a217-78703188946b,0,0,0,0,0,0,0,,,,,100,très élevée,aucun DAE déclaré
Mairie déléguée - Fontaine-la-Soret,Mairie déléguée - Fontaine-la-Soret,accueil@nassandres-sur-risle.fr,Fontaine-la-Soret Rue des Écoles,27550,Nassandres sur Risle,https://lannuaire.service-public.gouv.fr/normandie/eure/558f7b6c-452d-4c3e-8629-53b2f9c5d56e,0,0,0,0,0,0,0,,,,,100,très élevée,aucun DAE déclaré
Mairie déléguée - Francheville,Mairie déléguée - Francheville,mairiefrancheville@wanadoo.fr,Francheville 3 place Modeste-Leroy,27160,Verneuil d'Avre et d'Iton,https://lannuaire.service-public.gouv.fr/normandie/eure/df98ce70-f04c-4799-9db7-833d62f8176b,0,0,0,0,0,0,0,,,,,100,très élevée,aucun DAE déclaré
Mairie déléguée - Fresne,Mairie déléguée - Fresne,urba.levaldore@gmail.com,Le Fresne 2 rue de l'Église,27190,Le Val-Doré,https://lannuaire.service-public.gouv.fr/normandie/eure/680f8d6a-57ba-4a9c-809d-debe61e4a8c1,0,0,0,0,0,0,0,,,,,100,très élevée,aucun DAE déclaré
Mairie déléguée - Gaillardbois-Cressenville,Mairie déléguée - Gaillardbois-Cressenville,mairie.gaillardbois@wanadoo.fr,Gaillardbois-Cressenville Place de l'Église,27440,Val d'Orger,https://lannuaire.service-public.gouv.fr/normandie/eure/2955e738-cba2-4016-8825-aad5f552be1f,0,0,0,0,0,0,0,,,,,100,très élevée,aucun DAE déclaré
Mairie déléguée - Houlbec-près-le-Gros-Theil,Mairie déléguée - Houlbec-près-le-Gros-Theil,lesmontsduroumois@orange.fr,Houlbec-près-le-Gros-Theil Place Yves-Desnos,27370,Les Monts du Roumois,https://lannuaire.service-public.gouv.fr/normandie/eure/b1894d95-bfeb-4701-9209-3809b797bfc5,0,0,0,0,0,0,0,,,,,100,très élevée,aucun DAE déclaré
Mairie déléguée - Perriers-la-Campagne,Mairie déléguée - Perriers-la-Campagne,accueil@nassandres-sur-risle.fr,Perriers-la-Campagne 50 route de la Mairie,27425,Nassandres-sur-Risle,https://lannuaire.service-public.gouv.fr/normandie/eure/54f2d727-2fd8-4daa-b684-8d0c2c6a2a49,0,0,0,0,0,0,0,,,,,100,très élevée,aucun DAE déclaré
Mairie déléguée - Saint-Clair-d'Arcey,Mairie déléguée - Saint-Clair-d'Arcey,mairie.stclairdarcey@orange.fr,Saint-Clair-d'Arcey 90 rue de la Mairie,27300,Treis-Sants-en-Ouche,https://lannuaire.service-public.gouv.fr/normandie/eure/cd4d701f-a486-48bc-8118-d8c88d1265f0,0,0,0,0,0,0,0,,,,,100,très élevée,aucun DAE déclaré
Mairie déléguée - Saint-Germain-Village,Mairie déléguée - Saint-Germain-Village,info@ville-pont-audemer.fr,Saint-Germain-Village 30 route de Cormeilles,27500,Pont-Audemer,https://lannuaire.service-public.gouv.fr/normandie/eure/1bf9049b-9ae0-487f-aa05-bc81559c761d,0,0,0,0,0,0,0,,,,,100,très élevée,aucun DAE déclaré
Mairie déléguée - Saint-Just,Mairie déléguée - Saint-Just,contact@lachapellelongueville.fr,Saint-Just 2 place de l'Église,27950,La Chapelle-Longueville,https://lannuaire.service-public.gouv.fr/normandie/eure/c07f87b8-a94e-43ab-a76d-77aa41ee2082,0,0,0,0,0,0,0,,,,,100,très élevée,aucun DAE déclaré
Mairie déléguée - Saint-Pierre d'Autils,Mairie déléguée - Saint-Pierre d'Autils,contact@lachapellelongueville.fr,Saint-Pierre-d'Autils 59 rue du Puits,27950,La Chapelle-Longueville,https://lannuaire.service-public.gouv.fr/normandie/eure/0da9a0fd-5697-4c30-9cf2-b859f49ad846,0,0,0,0,0,0,0,,,,,100,très élevée,aucun DAE déclaré
Mairie déléguée - Tournedos-sur-Seine,Mairie déléguée - Tournedos-sur-Seine,mairie.portedeseine@orange.fr,Tournedos-sur-Seine Rue Michel-Godret,27100,Porte-de-Seine,https://lannuaire.service-public.gouv.fr/normandie/eure/8b1c8460-99c4-44d4-86bc-51a3a5988848,0,0,0,0,0,0,0,,,,,100,très élevée,aucun DAE déclaré
Mairie déléguéée - Condé-sur-Iton,Mairie déléguéée - Condé-sur-Iton,mairie.condesuriton@mesnils-sur-iton.fr,Condé-sur-Iton 4 rue de la Poste,27160,Mesnils-sur-Iton,https://lannuaire.service-public.gouv.fr/normandie/eure/9796333b-8120-4bf3-b98b-ba8b57f55aac,0,0,0,0,0,0,0,,,,,100,très élevée,aucun DAE déclaré
Malleville-sur-le-Bec,Mairie - Malleville-sur-le-Bec,mairie.mallevillesurlebec@orange.fr,107 route du Bec,27800,Malleville-sur-le-Bec,https://lannuaire.service-public.gouv.fr/normandie/eure/18cb710b-67da-47a2-87bd-8a502750911e,0,0,0,0,0,0,0,,,,,100,très élevée,aucun DAE déclaré
Manneville-la-Raoult,Mairie - Manneville-la-Raoult,mairiemannevillelaraoult@hotmail.com,2 place de la Mairie Le Bourg,27210,Manneville-la-Raoult,https://lannuaire.service-public.gouv.fr/normandie/eure/acaa988b-3d9a-4e5d-88e9-c2c4e03143b2,0,0,0,0,0,0,0,,,,,100,très élevée,aucun DAE déclaré
Martagny,Mairie - Martagny,mairie.martagny27@pole-secretariat.fr,Le Moulin,27150,Martagny,https://lannuaire.service-public.gouv.fr/normandie/eure/46c116ff-27a2-4284-b13e-4ce8e36ba1b1,0,0,0,0,0,0,0,,,,,100,très élevée,aucun DAE déclaré
Martainville,Mairie - Martainville,mairie_martainville27@orange.fr,24 route de l'École,27210,Martainville,https://lannuaire.service-public.gouv.fr/normandie/eure/6a29e7b8-1dc2-4e61-9a71-98d6aedf188c,0,0,0,0,0,0,0,,,,,100,très élevée,aucun DAE déclaré
Mercey,Mairie - Mercey,,Mairie,27950,Mercey,https://lannuaire.service-public.gouv.fr/normandie/eure/0773881f-fe7f-4033-9279-2b4373af53c6,0,0,0,0,0,0,0,,,,,100,très élevée,aucun DAE déclaré
Mesnil-Saint-Jean,Mairie - Mesnil-Saint-Jean,m.lemesnilstjean@laposte.net,30 route de la Mairie,27560,Le Mesnil-Saint-Jean,https://lannuaire.service-public.gouv.fr/normandie/eure/76d49c57-db49-4dfc-b60d-d0fc1fa25ce8,0,0,0,0,0,0,0,,,,,100,très élevée,aucun DAE déclaré
Moisville,Mairie - Moisville,mairie.moisville@wanadoo.fr,Rue de la Mairie,27320,Moisville,https://lannuaire.service-public.gouv.fr/normandie/eure/b3c87f9a-c931-4d1b-a1de-6075d4b92076,0,0,0,0,0,0,0,,,,,100,très élevée,aucun DAE déclaré
Morsan,Mairie - Morsan,mairiemorsan@orange.fr,Rue de la Mairie,27800,Morsan,https://lannuaire.service-public.gouv.fr/normandie/eure/adc1b4fe-c221-4565-b6aa-6d31621d8798,0,0,0,0,0,0,0,,,,,100,très élevée,aucun DAE déclaré
Mouettes,Mairie - Mouettes,mairie@mouettes27.fr,4 route d'Ezy,27220,Mouettes,https://lannuaire.service-public.gouv.fr/normandie/eure/97dcb7c8-6726-422f-b0dd-200f2bd33d11,0,0,0,0,0,0,0,,,,,100,très élevée,aucun DAE déclaré
Muzy,Mairie - Muzy,commune.muzy@orange.fr,2 rue Bernard-Pelluard,27650,Muzy,https://lannuaire.service-public.gouv.fr/normandie/eure/ca9d264f-2b21-4180-b412-37c3da0d0f08,0,0,0,0,0,0,0,,,,,100,très élevée,aucun DAE déclaré
Mélicourt,Mairie - Mélicourt,mairie.melicourt@orange.fr,2 place de Montullé,27390,Mélicourt,https://lannuaire.service-public.gouv.fr/normandie/eure/19b0adb3-96fe-49a9-8cab-e705da8a7e1b,0,0,0,0,0,0,0,,,,,100,très élevée,aucun DAE déclaré
Ménesqueville,Mairie - Ménesqueville,mairie.menesqueville@wanadoo.fr,6 B rue du Général-de-Gaulle,27850,Ménesqueville,https://lannuaire.service-public.gouv.fr/normandie/eure/327be744-10e8-4ba5-8eb0-e98c2ad4b624,0,0,0,0,0,0,0,,,,,100,très élevée,aucun DAE déclaré
Mézières-en-Vexin,Mairie - Mézières-en-Vexin,mmezieres@orange.fr,1 rue des Huit-Acres,27510,Mézières-en-Vexin,https://lannuaire.service-public.gouv.fr/normandie/eure/268d5f55-c4b9-4918-85b4-054c4e53b6dc,0,0,0,0,0,0,0,,,,,100,très élevée,aucun DAE déclaré
Neaufles-Saint-Martin,Mairie - Neaufles-Saint-Martin,mairie.neaufles@yahoo.fr,19 rue Saint-Martin,27830,Neaufles-Saint-Martin,https://lannuaire.service-public.gouv.fr/normandie/eure/787766f4-f444-4eff-9c6f-70bb050935c1,0,0,0,0,0,0,0,,,,,100,très élevée,aucun DAE déclaré
Neuilly,Mairie - Neuilly,mairie.neuilly27730@wanadoo.fr,11 rue Denis-Tardif,27730,Neuilly,https://lannuaire.service-public.gouv.fr/normandie/eure/803263b4-2b26-4d66-8210-66b6f3d03f89,0,0,0,0,0,0,0,,,,,100,très élevée,aucun DAE déclaré
Neuville sur Authou,Mairie - Neuville sur Authou,mairie-neuville-sur-authou@orange.fr,Rue de la mairie,27800,Neuville-sur-Authou,https://lannuaire.service-public.gouv.fr/normandie/eure/883990ad-ae47-4638-85da-5047e66592d1,0,0,0,0,0,0,0,,,,,100,très élevée,aucun DAE déclaré
Noards,Mairie - Noards,mairie.noards27@sfr.fr,Route de l'Église,27560,Noards,https://lannuaire.service-public.gouv.fr/normandie/eure/fb439e91-5054-4f93-b395-5579c39cb5f1,0,0,0,0,0,0,0,,,,,100,très élevée,aucun DAE déclaré
Nojeon-en-Vexin,Mairie - Nojeon-en-Vexin,mairie.nojeon@wanadoo.fr,1 route de Frileuse,27150,Nojeon-en-Vexin,https://lannuaire.service-public.gouv.fr/normandie/eure/d74081e6-3b32-4aa6-b04b-a844c73b8324,0,0,0,0,0,0,0,,,,,100,très élevée,aucun DAE déclaré
Notre-Dame-d'Épine,Mairie - Notre-Dame-d'Épine,mairie.notredamedepine@orange.fr,Route de la Mairie,27800,Notre-Dame-d'Épine,https://lannuaire.service-public.gouv.fr/normandie/eure/ecd28285-3e00-423f-bcdf-dce25cbcf9cf,0,0,0,0,0,0,0,,,,,100,très élevée,aucun DAE déclaré
Notre-Dame-de-l'Isle,Mairie - Notre-Dame-de-l'Isle,mairie@notre-dame-de-lisle.fr,35 rue de l'Église,27940,Notre-Dame-de-l'Isle,https://lannuaire.service-public.gouv.fr/normandie/eure/4203db9c-d655-4444-865c-d6114c5e8f7e,0,0,0,0,0,0,0,,,,,100,très élevée,aucun DAE déclaré
Notre-Dame-du-Hamel,Mairie - Notre-Dame-du-Hamel,commune-de-notre-dame-du-hamel@orange.fr,78 route d'Échanfray,27390,Notre-Dame-du-Hamel,https://lannuaire.service-public.gouv.fr/normandie/eure/e4702bac-1586-46cd-8506-e166992d9cd0,0,0,0,0,0,0,0,,,,,100,très élevée,aucun DAE déclaré
Ormes,Mairie - Ormes,mairie.ormes27@gmail.com,14 route de Ferrières,27190,Ormes,https://lannuaire.service-public.gouv.fr/normandie/eure/b73006c3-614f-4096-93f9-a91057ea9c60,0,0,0,0,0,0,0,,,,,100,très élevée,aucun DAE déclaré
Parville,Mairie - Parville,mairie.parville@gmail.com,12 route de Beaumont,27180,Parville,https://lannuaire.service-public.gouv.fr/normandie/eure/f692c34f-54bb-4907-8a00-217eb75bec15,0,0,0,0,0,0,0,,,,,100,très élevée,aucun DAE déclaré
Piencourt,Mairie - Piencourt,mairie.piencourt@orange.fr,1 route de l'Hôtellerie,27230,Piencourt,https://lannuaire.service-public.gouv.fr/normandie/eure/fa60c0c9-0db1-4e6a-b040-b3bcdd952c0f,0,0,0,0,0,0,0,,,,,100,très élevée,aucun DAE déclaré
Plainville,Mairie - Plainville,communedeplainville@wanadoo.fr,"60, rue de la Mairie",27300,Plainville,https://lannuaire.service-public.gouv.fr/normandie/eure/57936189-33a4-49bd-a7f7-1e45c9c7dbca,0,0,0,0,0,0,0,,,,,100,très élevée,aucun DAE déclaré
Plasnes,Mairie - Plasnes,mairie.plasnes@wanadoo.fr,6 rue de la Mairie,27300,Plasnes,https://lannuaire.service-public.gouv.fr/normandie/eure/c70f1211-fc01-49ef-8924-dd0f583a5056,0,0,0,0,0,0,0,,,,,100,très élevée,aucun DAE déclaré
Port-Mort,Mairie - Port-Mort,mairie@port-mort.com,87 Grande rue,27940,Port-Mort,https://lannuaire.service-public.gouv.fr/normandie/eure/8f8cb038-d442-4976-96c9-3d9fd0b43f62,0,0,0,0,0,0,0,,,,,100,très élevée,aucun DAE déclaré
Porte-de-Seine,Mairie - Porte-de-Seine,mairie.portedeseine@orange.fr,Rue des Magnans,27430,Porte-de-Seine,https://lannuaire.service-public.gouv.fr/normandie/eure/6f59499c-f738-4d45-bde0-14314240bbd8,0,0,0,0,0,0,0,,,,,100,très élevée,aucun DAE déclaré
Portes,Mairie - Portes,mairie.portes472@orange.fr,Rue de la Garenne,27190,Portes,https://lannuaire.service-public.gouv.fr/normandie/eure/09043709-592e-4404-a780-e44f5abf7ad8,0,0,0,0,0,0,0,,,,,100,très élevée,aucun DAE déclaré
Poses,Mairie - Poses,mairie.poses@wanadoo.fr,88 rue des Masures,27740,Poses,https://lannuaire.service-public.gouv.fr/normandie/eure/bc71ba45-4011-41f5-a4b5-aea21e5ffd7e,0,0,0,0,0,0,0,,,,,100,très élevée,aucun DAE déclaré
Pressagny-l'Orgueilleux,Mairie - Pressagny-l'Orgueilleux,mairie.pressagny.lorgueilleux@wanadoo.fr,9 rue aux Huards,27510,Pressagny-l'Orgueilleux,https://lannuaire.service-public.gouv.fr/normandie/eure/c349094c-d805-4a9c-8415-a7629d394ab9,0,0,0,0,0,0,0,,,,,100,très élevée,aucun DAE déclaré
Quatremare,Mairie - Quatremare,mairie.quatremare27@wanadoo.fr,2 route d'Évreux,27400,Quatremare,https://lannuaire.service-public.gouv.fr/normandie/eure/a0352d61-02b7-4a7b-b30e-f60941510ca7,0,0,0,0,0,0,0,,,,,100,très élevée,aucun DAE déclaré
Reuilly,Mairie - Reuilly,reuilly.mairie@wanadoo.fr,1 place de la Mairie,27930,Reuilly,https://lannuaire.service-public.gouv.fr/normandie/eure/64cf2374-9902-422f-8d2a-474443498677,0,0,0,0,0,0,0,,,,,100,très élevée,aucun DAE déclaré
Romilly-la-Puthenaye,Mairie - Romilly-la-Puthenaye,mairieromillylaputhenaye@orange.fr,2 rue de la Mairie,27170,Romilly-la-Puthenaye,https://lannuaire.service-public.gouv.fr/normandie/eure/bb84f6ca-bf78-40c1-8a48-31e5beb9c72b,0,0,0,0,0,0,0,,,,,100,très élevée,aucun DAE déclaré
Rouvray,Mairie - Rouvray,mairiederouvray27@orange.fr,2 place de la Mairie,27120,Rouvray,https://lannuaire.service-public.gouv.fr/normandie/eure/4a587a60-3931-4a1a-b6e8-e5900f7e0c89,0,0,0,0,0,0,0,,,,,100,très élevée,aucun DAE déclaré
Saint-Agnan-de-Cernières,Mairie - Saint-Agnan-de-Cernières,mairiestagnan27@orange.fr,98 route de la Bellangère,27390,Saint-Agnan-de-Cernières,https://lannuaire.service-public.gouv.fr/normandie/eure/4c28512c-35bb-460a-8641-ca858d5957be,0,0,0,0,0,0,0,,,,,100,très élevée,aucun DAE déclaré
Saint-Aubin-de-Scellon,Mairie - Saint-Aubin-de-Scellon,mairie.staubindescellon@orange.fr,2 rue de la Mairie,27230,Saint-Aubin-de-Scellon,https://lannuaire.service-public.gouv.fr/normandie/eure/423c07b5-c5e1-49e1-8136-2923b3b2ae97,0,0,0,0,0,0,0,,,,,100,très élevée,aucun DAE déclaré
Saint-Benoît-des-Ombres,Mairie - Saint-Benoît-des-Ombres,cne.st.benoit.des.ombres@wanadoo.fr,Place Jules-Duclos,27450,Saint-Benoît-des-Ombres,https://lannuaire.service-public.gouv.fr/normandie/eure/ee6a5b21-a3fa-4f90-946e-7ccc4b52df6c,0,0,0,0,0,0,0,,,,,100,très élevée,aucun DAE déclaré
Saint-Cyr-la-Campagne,Mairie - Saint-Cyr-la-Campagne,mairie.stcyrlacampagne@wanadoo.fr,126 rue Saint-Martin-la-Corneille,27370,Saint-Cyr-la-Campagne,https://lannuaire.service-public.gouv.fr/normandie/eure/1d528982-0dff-4ad3-b55b-96758f55c443,0,0,0,0,0,0,0,,,,,100,très élevée,aucun DAE déclaré
Saint-Denis-d'Augerons,Mairie - Saint-Denis-d'Augerons,mairie.stdenisdaugerons@orange.fr,1 route de Montreuil,27390,Saint-Denis-d'Augerons,https://lannuaire.service-public.gouv.fr/normandie/eure/a89d2c09-dc4f-4bf7-aabf-667f74af63f4,0,0,0,0,0,0,0,,,,,100,très élevée,aucun DAE déclaré
Saint-Denis-des-Monts,Mairie - Saint-Denis-des-Monts,mairiestdenisdesmonts@wanadoo.fr,1 place de la Liberté-et-des-Droits-de-l'Homme,27520,Saint-Denis-des-Monts,https://lannuaire.service-public.gouv.fr/normandie/eure/17737ee8-0dff-4cf2-ad8d-29b1a86e4746,0,0,0,0,0,0,0,,,,,100,très élevée,aucun DAE déclaré
Saint-Didier-des-Bois,Mairie - Saint-Didier-des-Bois,st-didier-des-bois@wanadoo.fr,1 rue d'Elbeuf,27370,Saint-Didier-des-Bois,https://lannuaire.service-public.gouv.fr/normandie/eure/06028179-39ca-4e71-ba24-5b9c2c21928b,0,0,0,0,0,0,0,,,,,100,très élevée,aucun DAE déclaré
Saint-Germain-de-Fresney,Mairie - Saint-Germain-de-Fresney,commune.stgermain@orange.fr,7 rue de la Liberté,27220,Saint-Germain-de-Fresney,https://lannuaire.service-public.gouv.fr/normandie/eure/e0f795b9-8210-422b-ae2b-d13ac2239ace,0,0,0,0,0,0,0,,,,,100,très élevée,aucun DAE déclaré
Saint-Germain-de-Pasquier,Mairie - Saint-Germain-de-Pasquier,mairiestgermaindepasquier@wanadoo.fr,1620 Route de la Vallée de L'Oison,27370,Saint-Germain-de-Pasquier,https://lannuaire.service-public.gouv.fr/normandie/eure/75b6da7b-4b15-40da-898f-56b3ddcdb500,0,0,0,0,0,0,0,,,,,100,très élevée,aucun DAE déclaré
Saint-Germain-la-Campagne,Mairie - Saint-Germain-la-Campagne,mairie.st.germain.la.campagne@wanadoo.fr,1 square François-Gaud-Couraye-du-Parc,27230,Saint-Germain-la-Campagne,https://lannuaire.service-public.gouv.fr/normandie/eure/48797c4f-4055-43bd-b6dc-b1b6581bf7d2,0,0,0,0,0,0,0,,,,,100,très élevée,aucun DAE déclaré
Saint-Julien-de-la-Liègue,Mairie - Saint-Julien-de-la-Liègue,mairiesaintjuliendelaliegue@wanadoo.fr,23 rue Saint-Laurent,27600,Saint-Julien-de-la-Liègue,https://lannuaire.service-public.gouv.fr/normandie/eure/0ff48631-c0d3-4c38-9b50-9ea0c2d7358c,0,0,0,0,0,0,0,,,,,100,très élevée,aucun DAE déclaré
Saint-Laurent-des-Bois,Mairie - Saint-Laurent-des-Bois,mairie-saintlaurentdesbois27@orange.fr,1 place de la Mairie,27220,Saint-Laurent-des-Bois,https://lannuaire.service-public.gouv.fr/normandie/eure/0b25293f-f275-4759-8c63-1e23c0d2a58f,0,0,0,0,0,0,0,,,,,100,très élevée,aucun DAE déclaré
Saint-Laurent-du-Tencement,Mairie - Saint-Laurent-du-Tencement,commune-st-laurent-du-tencement@orange.fr,64 route des Canadiens,27390,Saint-Laurent-du-Tencement,https://lannuaire.service-public.gouv.fr/normandie/eure/a39c1020-93e6-4bbe-a1de-fd1832f777a4,0,0,0,0,0,0,0,,,,,100,très élevée,aucun DAE déclaré
Saint-Léger-du-Gennetey,Mairie - Saint-Léger-du-Gennetey,mairie.stlegerdugennetey@orange.fr,30 rue de l'Église,27520,Saint-Léger-du-Gennetey,https://lannuaire.service-public.gouv.fr/normandie/eure/8f6365af-47ee-4c59-a0e5-0dc39648b429,0,0,0,0,0,0,0,,,,,100,très élevée,aucun DAE déclaré
Saint-Martin-du-Tilleul,Mairie - Saint-Martin-du-Tilleul,mairie.stmartindutilleul@wanadoo.fr,595 rue des Trois-Tilleuls,27300,Saint-Martin-du-Tilleul,https://lannuaire.service-public.gouv.fr/normandie/eure/76a65130-a3db-4b9b-bbff-5d4434f5fa41,0,0,0,0,0,0,0,,,,,100,très élevée,aucun DAE déclaré
Saint-Martin-la-Campagne,Mairie - Saint-Martin-la-Campagne,communestmartinlacampagne@orange.fr,Rue de la Mairie,27930,Saint-Martin-la-Campagne,https://lannuaire.service-public.gouv.fr/normandie/eure/d934b9df-01f9-45b3-9654-d6674ef0d9b1,0,0,0,0,0,0,0,,,,,100,très élevée,aucun DAE déclaré
Saint-Meslin-du-Bosc,Mairie - Saint-Meslin-du-Bosc,mairie.saintmeslindubosc@wanadoo.fr,Rue de l'Église,27370,Saint-Meslin-du-Bosc,https://lannuaire.service-public.gouv.fr/normandie/eure/74e933e1-3abf-49a7-bbc1-dcfecdc2c263,0,0,0,0,0,0,0,,,,,100,très élevée,aucun DAE déclaré
Saint-Ouen-du-Tilleul,Mairie - Saint-Ouen-du-Tilleul,secretariat-general@mairie-saintouendutilleul.fr,Rue de la Mairie,27670,Saint-Ouen-du-Tilleul,https://lannuaire.service-public.gouv.fr/normandie/eure/9a921777-62d4-4a9f-811d-1b1180626c36,0,0,0,0,0,0,0,,,,,100,très élevée,aucun DAE déclaré
Saint-Paul-de-Fourques,Mairie - Saint-Paul-de-Fourques,mairie.saintpauldefourques@orange.fr,245 rue de la Mairie,27800,Saint-Paul-de-Fourques,https://lannuaire.service-public.gouv.fr/normandie/eure/24006794-d7bb-4861-aa24-09b8fafad967,0,0,0,0,0,0,0,,,,,100,très élevée,aucun DAE déclaré
Saint-Philbert-sur-Boissey,Mairie - Saint-Philbert-sur-Boissey,mairiesaintphilbertsurboissey@orange.fr,Place de la Mairie,27520,Saint-Philbert-sur-Boissey,https://lannuaire.service-public.gouv.fr/normandie/eure/002d8700-6b9c-42d0-8c0b-b17af0334f70,0,0,0,0,0,0,0,,,,,100,très élevée,aucun DAE déclaré
Saint-Pierre-de-Cernières,Mairie - Saint-Pierre-de-Cernières,mairie.saintpierredecernieres@orange.fr,1 rue de l'Église,27390,Saint-Pierre-de-Cernières,https://lannuaire.service-public.gouv.fr/normandie/eure/d681618e-a9ff-458d-b1cc-62e0e285c5c1,0,0,0,0,0,0,0,,,,,100,très élevée,aucun DAE déclaré
Saint-Pierre-de-Cormeilles,Mairie - Saint-Pierre-de-Cormeilles,mairiestpierredecormeilles@orange.fr,93 route de Thiberville,27260,Saint-Pierre-de-Cormeilles,https://lannuaire.service-public.gouv.fr/normandie/eure/c724df3b-2a21-4a33-894b-6b50dabfda91,0,0,0,0,0,0,0,,,,,100,très élevée,aucun DAE déclaré
Saint-Pierre-de-Salerne,Mairie - Saint-Pierre-de-Salerne,mairie.salerne@wanadoo.fr,1 hameau de l'Église,27800,Saint-Pierre-de-Salerne,https://lannuaire.service-public.gouv.fr/normandie/eure/913135c5-c417-4f05-9cce-ba10840bf6e5,0,0,0,0,0,0,0,,,,,100,très élevée,aucun DAE déclaré
Saint-Pierre-des-Fleurs,Mairie - Saint-Pierre-des-Fleurs,mairie.stpierredesfleurs@wanadoo.fr,Rue de Thuit-Anger,27370,Saint-Pierre-des-Fleurs,https://lannuaire.service-public.gouv.fr/normandie/eure/2b3e875f-fce0-4969-b8ce-9e9c5de8fd0b,0,0,0,0,0,0,0,,,,,100,très élevée,aucun DAE déclaré
Saint-Pierre-des-Ifs,Mairie - Saint-Pierre-des-Ifs,st-pierre-des-ifs-27@orange.fr,1099 Grande rue,27450,Saint-Pierre-des-Ifs,https://lannuaire.service-public.gouv.fr/normandie/eure/b963b418-9489-445a-880d-8d27645babbd,0,0,0,0,0,0,0,,,,,100,très élevée,aucun DAE déclaré
Saint-Samson-de-la-Roque,Mairie - Saint-Samson-de-la-Roque,mairie.st.samsondelaroque@wanadoo.fr,6 route du Village,27680,Saint-Samson-de-la-Roque,https://lannuaire.service-public.gouv.fr/normandie/eure/28c2a183-1191-4b1e-a1b6-aa7510c8a0bf,0,0,0,0,0,0,0,,,,,100,très élevée,aucun DAE déclaré
Saint-Siméon,Mairie - Saint-Siméon,mairiesaintsimeon@orange.fr,10 chemin de la Mairie,27560,Saint-Siméon,https://lannuaire.service-public.gouv.fr/normandie/eure/1a47a161-9613-4349-8c0f-631ea2f7f7f4,0,0,0,0,0,0,0,,,,,100,très élevée,aucun DAE déclaré
Saint-Sulpice-de-Grimbouville,Mairie - Saint-Sulpice-de-Grimbouville,mairie-stsulpicedegrimbouville@orange.fr,404 route de l'Estuaire,27210,Saint-Sulpice-de-Grimbouville,https://lannuaire.service-public.gouv.fr/normandie/eure/7264ddf1-bbb3-4797-b0eb-a64dbf0a78cd,0,0,0,0,0,0,0,,,,,100,très élevée,aucun DAE déclaré
Saint-Victor-d'Épine,Mairie - Saint-Victor-d'Épine,mairie.st.victor.epine@wanadoo.fr,30 rue du Mont-Criquet,27800,Saint-Victor-d'Épine,https://lannuaire.service-public.gouv.fr/normandie/eure/87a47210-daea-415a-831a-45a025526b0a,0,0,0,0,0,0,0,,,,,100,très élevée,aucun DAE déclaré
Saint-Victor-de-Chrétienville,Mairie - Saint-Victor-de-Chrétienville,st.victor.chretienville@wanadoo.fr,30 route de Thiberville,27300,Saint-Victor-de-Chrétienville,https://lannuaire.service-public.gouv.fr/normandie/eure/3acc4157-003a-4953-a971-65575afb7467,0,0,0,0,0,0,0,,,,,100,très élevée,aucun DAE déclaré
Saint-Victor-sur-Avre,Mairie - Saint-Victor-sur-Avre,mairie.stvictoravre@gmail.com,2 rue de la Chapelle Le Village,27130,Saint-Victor-sur-Avre,https://lannuaire.service-public.gouv.fr/normandie/eure/51d8884d-f931-4b56-b733-358308109737,0,0,0,0,0,0,0,,,,,100,très élevée,aucun DAE déclaré
Saint-Vigor,Mairie - Saint-Vigor,contact@saintvigor.fr,3 route de la Ronce,27930,Saint-Vigor,https://lannuaire.service-public.gouv.fr/normandie/eure/b9f8d34b-31e9-4d34-a5eb-113093631b17,0,0,0,0,0,0,0,,,,,100,très élevée,aucun DAE déclaré
Saint-Vincent-des-Bois,Mairie - Saint-Vincent-des-Bois,mairie.stvincentdesbois@wanadoo.fr,3 rue du Champ-Dupui,27950,Saint-Vincent-des-Bois,https://lannuaire.service-public.gouv.fr/normandie/eure/adf43eec-9b8a-434e-b946-13dc2c2e2f6b,0,0,0,0,0,0,0,,,,,100,très élevée,aucun DAE déclaré
Saint-Vincent-du-Boulay,Mairie - Saint-Vincent-du-Boulay,mairie.stvincentduboulay@orange.fr,5 rue de l'Église,27230,Saint-Vincent-du-Boulay,https://lannuaire.service-public.gouv.fr/normandie/eure/43dae4a1-0c2a-48f5-bd17-7a0bce8f3b4e,0,0,0,0,0,0,0,,,,,100,très élevée,aucun DAE déclaré
Saint-Étienne-l'Allier,Mairie - Saint-Étienne-l'Allier,mairie.stetiennelallier@orange.fr,5 rue de la Chevalerie,27450,Saint-Étienne-l'Allier,https://lannuaire.service-public.gouv.fr/normandie/eure/3dd50a74-8c4b-4ea6-a57b-15067fe83853,0,0,0,0,0,0,0,,,,,100,très élevée,aucun DAE déclaré
Sainte-Colombe-près-Vernon,Mairie - Sainte-Colombe-près-Vernon,mairie-saintecolombe@wanadoo.fr,14 rue de Chambray,27950,Sainte-Colombe-près-Vernon,https://lannuaire.service-public.gouv.fr/normandie/eure/4595fafe-53df-485e-b5b7-2b14f847bdd4,0,0,0,0,0,0,0,,,,,100,très élevée,aucun DAE déclaré
Sainte-Geneviève-lès-Gasny,Mairie - Sainte-Geneviève-lès-Gasny,mairie.stegenevievelesgasny@wanadoo.fr,8 route de Vernon,27620,Sainte-Geneviève-lès-Gasny,https://lannuaire.service-public.gouv.fr/normandie/eure/16602cd6-665b-455e-93ae-bfa93e333039,0,0,0,0,0,0,0,,,,,100,très élevée,aucun DAE déclaré
Sainte-Marie-de-Vatimesnil,Mairie - Sainte-Marie-de-Vatimesnil,mariesaintemarie@wanadoo.fr,26 rue du Château,27150,Sainte-Marie-de-Vatimesnil,https://lannuaire.service-public.gouv.fr/normandie/eure/9504c016-53ca-4d60-930c-b9e3b241894f,0,0,0,0,0,0,0,,,,,100,très élevée,aucun DAE déclaré
Sassey,Mairie - Sassey,mairie.sassey@outlook.com,Route de la Licorne,27930,Sassey,https://lannuaire.service-public.gouv.fr/normandie/eure/df0ffa52-85c2-42d1-9071-bc7d2c46b925,0,0,0,0,0,0,0,,,,,100,très élevée,aucun DAE déclaré
Serez,Mairie - Serez,serez@orange.fr,2 rue des Demis-Acres Le Bourg,27220,Serez,https://lannuaire.service-public.gouv.fr/normandie/eure/eba5d57b-be98-4ac8-87ba-a18ad5101911,0,0,0,0,0,0,0,,,,,100,très élevée,aucun DAE déclaré
Thibouville,Mairie - Thibouville,mairie.thibouville@wanadoo.fr,1 rue Saint-Vincent,27800,Thibouville,https://lannuaire.service-public.gouv.fr/normandie/eure/1cebe720-db89-4aff-a2fd-ea114b67c412,0,0,0,0,0,0,0,,,,,100,très élevée,aucun DAE déclaré
Thierville,Mairie - Thierville,mairie.thierville@wanadoo.fr,1 route de l'Église,27290,Thierville,https://lannuaire.service-public.gouv.fr/normandie/eure/ce48c2cf-224a-4d5f-bbc3-29457fd484df,0,0,0,0,0,0,0,,,,,100,très élevée,aucun DAE déclaré
Tilly,Mairie - Tilly,tilly.mairie@wanadoo.fr,15 rue Grande,27510,Tilly,https://lannuaire.service-public.gouv.fr/normandie/eure/94765041-3578-47a3-837f-23f1a6fdb721,0,0,0,0,0,0,0,,,,,100,très élevée,aucun DAE déclaré
Tocqueville,Mairie - Tocqueville,mairie.tocqueville@wanadoo.fr,15 rue Saint-Gorgon,27500,Tocqueville,https://lannuaire.service-public.gouv.fr/normandie/eure/874f4efe-1c8b-4706-8a14-c4cf181e2a13,0,0,0,0,0,0,0,,,,,100,très élevée,aucun DAE déclaré
Tourville-sur-Pont-Audemer,Mairie - Tourville-sur-Pont-Audemer,tourvillesurpontaudemer@wanadoo.fr,366 route de Selles,27500,Tourville-sur-Pont-Audemer,https://lannuaire.service-public.gouv.fr/normandie/eure/ed26a381-19e1-4216-86f3-c2b6de81c54e,0,0,0,0,0,0,0,,,,,100,très élevée,aucun DAE déclaré
Valailles,Mairie - Valailles,mairie.valailles@wanadoo.fr,Rue de la Mairie,27300,Valailles,https://lannuaire.service-public.gouv.fr/normandie/eure/64eb7bd6-0330-4227-8264-56924eadf6f2,0,0,0,0,0,0,0,,,,,100,très élevée,aucun DAE déclaré
Valletot,Mairie - Valletot,mairie.valletot@wanadoo.fr,12 rue de l'Église,27350,Valletot,https://lannuaire.service-public.gouv.fr/normandie/eure/b8e3ca59-2cb3-4fda-9036-55f8e87ff07d,0,0,0,0,0,0,0,,,,,100,très élevée,aucun DAE déclaré
Vascoeuil,Mairie - Vascoeuil,mairie@vascoeuil.fr,1 rue de l'Église,27910,Vascoeuil,https://lannuaire.service-public.gouv.fr/normandie/eure/e9d1cf1a-6d37-40d8-a7c8-325b57625934,0,0,0,0,0,0,0,,,,,100,très élevée,aucun DAE déclaré
Vatteville,Mairie - Vatteville,mairie.vatteville@wanadoo.fr,5 rue de l'Église,27430,Vatteville,https://lannuaire.service-public.gouv.fr/normandie/eure/01725ecb-4cae-432d-9451-92fef49b39f2,0,0,0,0,0,0,0,,,,,100,très élevée,aucun DAE déclaré
Verneusses,Mairie - Verneusses,verneusses@orange.fr,1 rue de l'Église,27390,Verneusses,https://lannuaire.service-public.gouv.fr/normandie/eure/cfe9e876-7854-472d-ae98-08bdcb7d51d9,0,0,0,0,0,0,0,,,,,100,très élevée,aucun DAE déclaré
Vesly,Mairie - Vesly,mairie.vesly.27@orange.fr,1 place du Carrouge,27870,Vesly,https://lannuaire.service-public.gouv.fr/normandie/eure/c5e31077-7022-4bc9-9f93-7cdcedb3bb94,0,0,0,0,0,0,0,,,,,100,très élevée,aucun DAE déclaré
Vieux-Port,Mairie - Vieux-Port,mairiedevieuxport@hotmail.fr,4 rue du Professeur-Lemariey,27680,Vieux-Port,https://lannuaire.service-public.gouv.fr/normandie/eure/53fcd2a3-ad3d-4f71-9093-04931f79d03c,0,0,0,0,0,0,0,,,,,100,très élevée,aucun DAE déclaré
Villegats,Mairie - Villegats,villegats@gmail.com,37 rue Saint-Léger,27120,Villegats,https://lannuaire.service-public.gouv.fr/normandie/eure/0c949d27-22f0-4e06-ae0d-8737f58c9a9f,0,0,0,0,0,0,0,,,,,100,très élevée,aucun DAE déclaré
Villez-sous-Bailleul,Mairie - Villez-sous-Bailleul,mairie.villez-bailleul27@orange.fr,23 rue du Val-Saint-Ouen,27950,Villez-sous-Bailleul,https://lannuaire.service-public.gouv.fr/normandie/eure/06e824b1-dd1c-4464-8433-6357350067a9,0,0,0,0,0,0,0,,,,,100,très élevée,aucun DAE déclaré
Vézillon,Mairie - Vézillon,mairie.de.vezillon@wanadoo.fr,23 a rue Jean-Bequet,27700,Vézillon,https://lannuaire.service-public.gouv.fr/normandie/eure/cb8821f0-297f-44a1-929a-b207f9ebcbf2,0,0,0,0,0,0,0,,,,,100,très élevée,aucun DAE déclaré
Écaquelon,Mairie - Écaquelon,ecaquelon@wanadoo.fr,1 place de la Mairie,27290,Écaquelon,https://lannuaire.service-public.gouv.fr/normandie/eure/62a8e70f-8ef0-47d2-8a56-eff8fc014cc8,0,0,0,0,0,0,0,,,,,100,très élevée,aucun DAE déclaré
Émalleville,Mairie - Émalleville,mairie@emalleville.fr,9 rue de la Mare,27930,Émalleville,https://lannuaire.service-public.gouv.fr/normandie/eure/484c3635-f53f-44e8-a361-d0dc86fa9b06,0,0,0,0,0,0,0,,,,,100,très élevée,aucun DAE déclaré
Épreville-en-Lieuvin,Mairie - Épreville-en-Lieuvin,ma.eprevilleenlieuvin@orange.fr,1125 route de l'Église,27560,Épreville-en-Lieuvin,https://lannuaire.service-public.gouv.fr/normandie/eure/96d607af-a4f3-4843-a45b-1db22206c25e,0,0,0,0,0,0,0,,,,,100,très élevée,aucun DAE déclaré
Éturqueraye,Mairie - Éturqueraye,mairie.eturqueraye@wanadoo.fr,57 rue de l'Église,27350,Éturqueraye,https://lannuaire.service-public.gouv.fr/normandie/eure/43d82e8c-898c-4526-b80b-96a3e2d0af02,0,0,0,0,0,0,0,,,,,100,très élevée,aucun DAE déclaré
Amfreville-sous-les-Monts,Mairie - Amfreville-sous-les-Monts,mairie.amfrevillesouslesmonts@wanadoo.fr,1 place René-Raban,27380,Amfreville-sous-les-Monts,https://lannuaire.service-public.gouv.fr/normandie/eure/1795a360-14c9-4273-b77f-c3db497eb3cf,1,1,0,0,0,0,1,inconnu:1,"vendredi, samedi, dimanche, événements / heures ouvrables:1",A l'entrée de la salle des fêtes - V au D selon évènements:1,Mairie d'Amfreville Sous Les Monts - 2 impasse de la Motelle - Salle des Fêtes - 2 impasse de la Motelle,85,très élevée,un seul DAE déclaré | aucun DAE accessible 24h/24 | accessibilité publique non visible
Appeville-Annebault,Mairie - Appeville-Annebault,administration.mairie@appeville-annebault.fr,17 route de Bourneville,27290,Appeville-Annebault,https://lannuaire.service-public.gouv.fr/normandie/eure/4967c743-24ed-4250-9339-96fc0e99fc5e,1,1,0,0,0,0,1,inconnu:1,événements / heures ouvrables:1,Couloir Salle des Fêtes Laure Langlois - Selon évènements:1,Mairie d'Appeville Annebault - 1 le Bourg - Couloir Salle des Fêtes Laure Langlois - 1 le Bourg,85,très élevée,un seul DAE déclaré | aucun DAE accessible 24h/24 | accessibilité publique non visible
Autheuil-Authouillet,Mairie - Autheuil-Authouillet,mairie-autheuil-authouillet@wanadoo.fr,44 rue Yves-Montand,27490,Autheuil-Authouillet,https://lannuaire.service-public.gouv.fr/normandie/eure/a14d9dd1-8ff6-405b-b58c-77cc7ff27537,1,1,0,0,0,0,1,inconnu:1,événements / heures ouvrables:1,A gauche en entrant - Selon évènements heures ouvrables:1,CA Seine Eure Agglomeration -  Rue Yves Montand - Salle Multisports - 43bis Rue Yves Montand,85,très élevée,un seul DAE déclaré | aucun DAE accessible 24h/24 | accessibilité publique non visible
Beaubray,Mairie - Beaubray,mairie.beaubray@wibox.fr,9 rue du Moulin-à-Vent,27190,Beaubray,https://lannuaire.service-public.gouv.fr/normandie/eure/cb8edec3-1a72-42b7-9273-077220230564,1,1,0,0,0,0,1,inconnu:1,non renseigné / non renseigné:1,,DAE salle des fêtes de Beaubray - 6 Rue du Moulin à Vent,85,très élevée,un seul DAE déclaré | aucun DAE accessible 24h/24 | accessibilité publique non visible
Beaumontel,Mairie - Beaumontel,mairie.beaumontel@wanadoo.fr,2 les Rus,27170,Beaumontel,https://lannuaire.service-public.gouv.fr/normandie/eure/5a43aa30-9bc0-41f3-b3fb-073e664901fa,1,1,0,0,0,0,1,inconnu:1,"lundi, mardi, mercredi, jeudi, vendredi / heures ouvrables:1",,DAE SALLE DES FETES DE BEAUMONTEL - 57 ESPACE ANDRE PLOT 2 LES RUES,85,très élevée,un seul DAE déclaré | aucun DAE accessible 24h/24 | accessibilité publique non visible
Berville-la-Campagne,Mairie - Berville-la-Campagne,mairie.berville.l.c@wanadoo.fr,3 rue de l'Église,27170,Berville-la-Campagne,https://lannuaire.service-public.gouv.fr/normandie/eure/4dbba50c-a09f-4721-85a4-f3b4d9ffdf0b,1,1,0,0,0,0,1,inconnu:1,non renseigné / heures ouvrables:1,,M GERARD LELOUP - 8 RUE DE L EGLISE,85,très élevée,un seul DAE déclaré | aucun DAE accessible 24h/24 | accessibilité publique non visible
Bois-Arnault,Mairie - Bois-Arnault,mairie.boisarnault@wanadoo.fr,2 rue de la Mairie,27250,Bois-Arnault,https://lannuaire.service-public.gouv.fr/normandie/eure/d19932d5-95de-4c1f-8a1a-9b0fd7de5c11,1,1,0,0,0,0,1,inconnu:1,"lundi, mardi, mercredi, jeudi, vendredi / heures ouvrables:1",,DAE SALLE MULTISPORTS - ROUTE DE CHÉRONVILLIERS,85,très élevée,un seul DAE déclaré | aucun DAE accessible 24h/24 | accessibilité publique non visible
Boissy-Lamberville,Mairie - Boissy-Lamberville,mairie.boissy@wanadoo.fr,29 route du Lieuvin,27300,Boissy-Lamberville,https://lannuaire.service-public.gouv.fr/normandie/eure/e1d2e1ae-e62d-45c6-8c3a-326af478ed8f,1,1,0,0,0,0,1,inconnu:1,non renseigné / heures ouvrables:1,,MAIRIE BOISSY LAMBERVILLE - 29 ROUTE DE LIEUVIN,85,très élevée,un seul DAE déclaré | aucun DAE accessible 24h/24 | accessibilité publique non visible
Burey,Mairie - Burey,mairie.burey@wanadoo.fr,1 rue des Tilleuls,27190,Burey,https://lannuaire.service-public.gouv.fr/normandie/eure/099a30c0-a7d8-4642-91e8-f35b02fec892,1,1,0,0,0,0,1,inconnu:1,non renseigné / heures ouvrables:1,,SOCIETE DE POSE NORMANDE - 1F RUE DES LILAS,85,très élevée,un seul DAE déclaré | aucun DAE accessible 24h/24 | accessibilité publique non visible
Canappeville,Mairie - Canappeville,mairie.canappeville27@orange.fr,220 rue de l'École,27400,Canappeville,https://lannuaire.service-public.gouv.fr/normandie/eure/f7c918dd-4d76-41c7-8b55-fa329893e9ae,1,1,0,0,0,0,1,inconnu:1,non renseigné / heures ouvrables:1,,asso amis campagne - 3 LIEU-DIT DES LANDES,85,très élevée,un seul DAE déclaré | aucun DAE accessible 24h/24 | accessibilité publique non visible
Chaignes,Mairie - Chaignes,mairie.chaignes@wanadoo.fr,17 chemin du Val-du-Puits,27120,Chaignes,https://lannuaire.service-public.gouv.fr/normandie/eure/163e5b2b-39e7-413b-af75-77d38c5d748c,1,1,0,0,0,0,1,inconnu:1,non renseigné / heures ouvrables:1,,M. GRIMM - 8 chemin des graviers,85,très élevée,un seul DAE déclaré | aucun DAE accessible 24h/24 | accessibilité publique non visible
Chaise-Dieu-du-Theil,Mairie - Chaise-Dieu-du-Theil,chaisedieu@wanadoo.fr,Place Albert-de-Selle-de-Beauchamp,27580,Chaise-Dieu-du-Theil,https://lannuaire.service-public.gouv.fr/normandie/eure/eb99fad5-9649-4a45-a4ee-effddd56c062,1,1,0,0,0,0,1,inconnu:1,non renseigné / non renseigné:1,,DAE de la salle des Fêtes - 1 Place de la Mairie,85,très élevée,un seul DAE déclaré | aucun DAE accessible 24h/24 | accessibilité publique non visible
Chavigny-Bailleul,Mairie - Chavigny-Bailleul,mairie.chavignybailleul@orange.fr,Rue de la Mairie,27220,Chavigny-Bailleul,https://lannuaire.service-public.gouv.fr/normandie/eure/5ec80154-5faa-4cb5-9c5f-b8750f4f6579,1,1,0,0,0,0,1,inconnu:1,non renseigné / heures ouvrables:1,,COMMUNE DE CHAVIGNY BAILLEUL - RUE DE LA MAIRIE,85,très élevée,un seul DAE déclaré | aucun DAE accessible 24h/24 | accessibilité publique non visible
Cierrey,Mairie - Cierrey,mairie.cierrey@wanadoo.fr,4 rue René-Lefebvre,27930,Cierrey,https://lannuaire.service-public.gouv.fr/normandie/eure/89ccfa1e-bdde-44ea-be4d-922f07f24802,1,1,0,0,0,0,1,inconnu:1,"événements, 7j/7 / heures ouvrables:1","DAE disponible dans l'entrée de la salle des fêtes. Disponible pour les locataires de la salle des fêtes. En dehors de ces locations, le DAE est disponible si les agents communaux sont présents sur place (horaires variables).:1",SALLE DES FETES - 1 Rue de la Mare des Chênes,85,très élevée,un seul DAE déclaré | aucun DAE accessible 24h/24 | accessibilité publique non visible
Conteville,Mairie - Conteville,mairie.conteville@wanadoo.fr,Cidex 28 Clos Rever,27210,Conteville,https://lannuaire.service-public.gouv.fr/normandie/eure/ede26dc3-e7c7-440b-8b37-cebca96b34f9,1,1,0,0,0,1,0,inconnu:1,non renseigné / non renseigné:1,,DAE de la Mairie - 1 rue de la Forge,85,très élevée,un seul DAE déclaré | aucun DAE accessible 24h/24 | accessibilité publique non visible
Courbépine,Mairie - Courbépine,mairie.courbepine@wanadoo.fr,1 place Ernest-Anquetil,27300,Courbépine,https://lannuaire.service-public.gouv.fr/normandie/eure/48395070-4337-4047-9d90-1b8fcb22dc6b,1,1,0,0,0,0,1,inconnu:1,non renseigné / heures ouvrables:1,,EMILIE PERRIER - 2 RTE DE LA BUTTE DU MESNIL,85,très élevée,un seul DAE déclaré | aucun DAE accessible 24h/24 | accessibilité publique non visible
Crasville,Mairie - Crasville,mairiedecrasville@wanadoo.fr,29 route de Louviers,27400,Crasville,https://lannuaire.service-public.gouv.fr/normandie/eure/a865e33b-899e-4938-8301-779942411d94,1,1,0,0,0,0,1,inconnu:1,non renseigné / heures ouvrables:1,,MAIRIE DE CRASVILLE - 29 route de Louviers,85,très élevée,un seul DAE déclaré | aucun DAE accessible 24h/24 | accessibilité publique non visible
Criquebeuf-la-Campagne,Mairie - Criquebeuf-la-Campagne,mairie.criquebeuf.la.campagne@wanadoo.fr,"17, rue de la Mairie",27110,Criquebeuf-la-Campagne,https://lannuaire.service-public.gouv.fr/normandie/eure/d2d5c9ed-f01d-4381-b915-37dfa3b6e24e,1,1,0,0,0,0,1,inconnu:1,"lundi, mardi, mercredi, jeudi, vendredi / heures ouvrables:1",Malette - L au V 8h-18h selon déplacement du véhicule:1,David Lefrancois Dressing Placards - 5 rue de La Mairie - Malette - 5 rue de La Mairie,85,très élevée,un seul DAE déclaré | aucun DAE accessible 24h/24 | accessibilité publique non visible
Croth,Mairie - Croth,mairie-croth@orange.fr,1 place de la Mairie,27530,Croth,https://lannuaire.service-public.gouv.fr/normandie/eure/217464ba-e2e3-4b6f-851e-80cbab775f68,1,1,0,0,0,0,1,inconnu:1,non renseigné / heures ouvrables:1,,TRISTANT DAMIEN - 28 RTE D EZY,85,très élevée,un seul DAE déclaré | aucun DAE accessible 24h/24 | accessibilité publique non visible
Droisy,Mairie - Droisy,commune.droisy@orange.fr,1 rue de la Mariette,27320,Droisy,https://lannuaire.service-public.gouv.fr/normandie/eure/3342ee84-ba72-40f4-a6a0-f14eca08854d,1,1,0,0,0,1,0,inconnu:1,7j/7 / heures ouvrables:1,ACCEUIL:1,FRED PA-1 ENTIEREMENT AUTOMATIQUE - 11a 11 rue des 4 marres,85,très élevée,un seul DAE déclaré | aucun DAE accessible 24h/24 | accessibilité publique non visible
Fatouville-Grestain,Mairie - Fatouville-Grestain,mairiefatouville-grestain@wanadoo.fr,49 route du Marais,27210,Fatouville-Grestain,https://lannuaire.service-public.gouv.fr/normandie/eure/dc42a842-ceda-4193-8465-25f4cecd4e94,1,1,0,0,0,1,0,inconnu:1,non renseigné / non renseigné:1,,DAE de la Mairie (place de l'église) - 391 place de l'église,85,très élevée,un seul DAE déclaré | aucun DAE accessible 24h/24 | accessibilité publique non visible
Flipou,Mairie - Flipou,mairie.flipou@orange.fr,1 route d'Orgeville,27380,Flipou,https://lannuaire.service-public.gouv.fr/normandie/eure/27f5e134-9278-4994-b252-4fa031368512,1,1,0,0,0,0,1,inconnu:1,événements / heures ouvrables:1,Salle des fêtes Flipou - Selon évènements:1,CC Lyons Andelle - 1 Route d'Orgeville - Salle des fêtes Flipou - 1 Route d'Orgeville,85,très élevée,un seul DAE déclaré | aucun DAE accessible 24h/24 | accessibilité publique non visible
Franqueville,Mairie - Franqueville,mairie.franqueville@wanadoo.fr,28 rue de la Petite-Notre-Dame,27800,Franqueville,https://lannuaire.service-public.gouv.fr/normandie/eure/42c6768a-7351-4ac4-b5ea-19a838d16b68,1,1,0,0,0,0,1,inconnu:1,"lundi, mardi, mercredi, jeudi, vendredi / heures ouvrables:1",Bureau:1,CLA254926151 - 12 Route du Vieux Manoir,85,très élevée,un seul DAE déclaré | aucun DAE accessible 24h/24 | accessibilité publique non visible
Frenelles-en-Vexin,Mairie - Frenelles-en-Vexin,secretariat@frenellesenvexin.fr,Boisemont 9 rue de l'Église Saint-Martin,27150,Frenelles-en-Vexin,https://lannuaire.service-public.gouv.fr/normandie/eure/9e0ece3e-d33a-4263-901d-36a8aaa1b7ff,1,1,0,0,0,0,1,inconnu:1,"lundi, mardi, mercredi, jeudi, vendredi / heures ouvrables:1",Devant la mairie:1,FRED PA-1 ENTIEREMENT AUTOMATIQUE - 8 9 rue de l'église,85,très élevée,un seul DAE déclaré | aucun DAE accessible 24h/24 | accessibilité publique non visible
Grosley-sur-Risle,Mairie - Grosley-sur-Risle,grosleysurrisle.mairie@sfr.fr,19 rue de la Mairie,27170,Grosley-sur-Risle,https://lannuaire.service-public.gouv.fr/normandie/eure/ae87055e-cb37-41de-a0f4-6769d88b6d61,1,1,0,0,0,0,1,inconnu:1,non renseigné / heures ouvrables:1,,MAIRIE DE GROSLEY SUR RISLE - 19 RUE DE LA MAIRIE,85,très élevée,un seul DAE déclaré | aucun DAE accessible 24h/24 | accessibilité publique non visible
Grossœuvre,Mairie - Grossœuvre,mairie@mairie-grossoeuvre.fr,36 rue Saint-Pierre,27220,Grossœuvre,https://lannuaire.service-public.gouv.fr/normandie/eure/78be2263-3926-4c60-b8e2-4c59896e088f,1,1,0,0,0,0,1,inconnu:1,non renseigné / non renseigné:1,,DAE de la Salle communale - 27 rue Saint Pierre,85,très élevée,un seul DAE déclaré | aucun DAE accessible 24h/24 | accessibilité publique non visible
Hacqueville,Mairie - Hacqueville,mairie.hacqueville@orange.fr,1 ruelle du Pressoir,27150,Hacqueville,https://lannuaire.service-public.gouv.fr/normandie/eure/25859e2b-6665-4d9f-bea7-535e040841cc,1,1,0,0,0,1,0,inconnu:1,lundi / heures ouvrables:1,A gauche de l'entrée de la mairie:1,DAE DE LA MAIRIE DE HACQUEVILLE - 5 ruelle du pressoir,85,très élevée,un seul DAE déclaré | aucun DAE accessible 24h/24 | accessibilité publique non visible
Heudreville-en-Lieuvin,Mairie - Heudreville-en-Lieuvin,mairie-heudrevilleenlieuvin@wanadoo.fr,1 Grande rue,27230,Heudreville-en-Lieuvin,https://lannuaire.service-public.gouv.fr/normandie/eure/b6561413-0dda-4fbf-a9e3-3ee81d6b8b9f,1,1,0,0,0,0,1,inconnu:1,non renseigné / heures ouvrables:1,,COMMUNE DE HEUDREVILLE EN LIEUVIN - 1 GRANDE RUE-LE VILLAGE,85,très élevée,un seul DAE déclaré | aucun DAE accessible 24h/24 | accessibilité publique non visible
Heuqueville,Mairie - Heuqueville,mheuqueville@wanadoo.fr,5 rue Saint-Germain,27700,Heuqueville,https://lannuaire.service-public.gouv.fr/normandie/eure/6e6b4928-cdf0-40b6-ae61-72a0d278958a,1,1,0,0,0,0,1,inconnu:1,non renseigné / heures ouvrables:1,,MAIRIE D'HEUQUEVILLE - 5 RUE SAINT-GERMAIN,85,très élevée,un seul DAE déclaré | aucun DAE accessible 24h/24 | accessibilité publique non visible
Hondouville,Mairie - Hondouville,contact@hondouville.com,6 rue Jean-Moulin,27400,Hondouville,https://lannuaire.service-public.gouv.fr/normandie/eure/29eb3fbd-f224-425e-8f0e-693b965bae8a,1,1,0,0,0,0,1,inconnu:1,non renseigné / heures ouvrables:1,,PHARMACIE ISABELLE LABICHE - 27 RUE DU GENERAL DE GAULLE,85,très élevée,un seul DAE déclaré | aucun DAE accessible 24h/24 | accessibilité publique non visible
Huest,Mairie - Huest,mairie.huest@orange.fr,9 rue de Vernon,27930,Huest,https://lannuaire.service-public.gouv.fr/normandie/eure/e0669ebe-d0c4-463c-b218-13ed326c1c63,1,1,0,0,0,1,0,inconnu:1,non renseigné / non renseigné:1,,DAE MAIRIE DE HUEST - 22 RUE VERNON,85,très élevée,un seul DAE déclaré | aucun DAE accessible 24h/24 | accessibilité publique non visible
Illiers-l'Évêque,Mairie - Illiers-l'Évêque,mairiedilliersleveque@wanadoo.fr,Place de la Mairie,27770,Illiers-l'Évêque,https://lannuaire.service-public.gouv.fr/normandie/eure/bb519cba-d5bb-45f1-ac12-f4b0772756d6,1,1,0,0,0,0,1,inconnu:1,"lundi, mardi, mercredi, jeudi, vendredi / heures ouvrables:1",,DAE GRILL BAR TIHAMO - 3 PLACE DE LA MAIRIE,85,très élevée,un seul DAE déclaré | aucun DAE accessible 24h/24 | accessibilité publique non visible
Jouy-sur-Eure,Mairie - Jouy-sur-Eure,mairie@jouysureure.fr,1 rue de la Croix-Blanche,27120,Jouy-sur-Eure,https://lannuaire.service-public.gouv.fr/normandie/eure/4d828572-9936-4c34-8288-0bc0ebf2b5e9,1,1,0,0,0,1,0,inconnu:1,non renseigné / non renseigné:1,Entrée cuisine et atelier communal:1,DAE Salle polyvalente de Nogent sur Eure - 18 place de l'Eglise,85,très élevée,un seul DAE déclaré | aucun DAE accessible 24h/24 | accessibilité publique non visible
L'Hosmes,Mairie - L'Hosmes,mairie.lhosmes@orange.fr,1 place de la Mairie,27570,L'Hosmes,https://lannuaire.service-public.gouv.fr/normandie/eure/ff19183d-206d-4c7c-b03b-3a38eef5e911,1,1,0,0,0,0,1,inconnu:1,"lundi, mardi, mercredi, jeudi, vendredi / heures ouvrables:1",,DAE COMMUNE DE L'HOSMES - 1 PLACE DE LA MAIRIE,85,très élevée,un seul DAE déclaré | aucun DAE accessible 24h/24 | accessibilité publique non visible
La Boissière,Mairie - La Boissière,mairie-laboissiere@wanadoo.fr,1 route de l'Hermitage,27220,La Boissière,https://lannuaire.service-public.gouv.fr/normandie/eure/4ac97094-3469-4f95-8a83-ec4125a2b477,1,1,0,0,0,0,1,inconnu:1,"lundi, mardi, mercredi, jeudi, vendredi / heures ouvrables:1",Dans la cours de la mairie:1,DEFIBRILLATEUR AUTOMATIQUE - 1 1 route de l'Hermitage,85,très élevée,un seul DAE déclaré | aucun DAE accessible 24h/24 | accessibilité publique non visible
La Chapelle-Gauthier,Mairie - La Chapelle-Gauthier,mairiechapellegauthier@orange.fr,1 place des Gauthiers Le Bourg,27270,La Chapelle-Gauthier,https://lannuaire.service-public.gouv.fr/normandie/eure/ae1f3198-558c-49aa-b325-658691a9d543,1,1,0,0,0,0,1,inconnu:1,"lundi, mardi, mercredi, jeudi / heures ouvrables:1",Entrée - L au J 8h-17h:1,Etna France - 131 rue du Val - Le Bourg - Usine - 131 rue du Val - Le Bourg,85,très élevée,un seul DAE déclaré | aucun DAE accessible 24h/24 | accessibilité publique non visible
La Chapelle-du-Bois-des-Faulx,Mairie - La Chapelle-du-Bois-des-Faulx,lachapelleduboisdesfaulx@orange.fr,7 rue de la Mairie,27930,La Chapelle-du-Bois-des-Faulx,https://lannuaire.service-public.gouv.fr/normandie/eure/4f447581-40f8-49ca-ae6c-b6f07b936312,1,1,0,0,0,0,1,inconnu:1,non renseigné / heures ouvrables:1,,MAIRIE  CHAPELLE BOIS DES FAULX - 7 RUE DE LA MAIRIE,85,très élevée,un seul DAE déclaré | aucun DAE accessible 24h/24 | accessibilité publique non visible
La Forêt-du-Parc,Mairie - La Forêt-du-Parc,mairie.laforetduparc@wanadoo.fr,4 route de Saint-André,27220,La Forêt-du-Parc,https://lannuaire.service-public.gouv.fr/normandie/eure/31471f52-095f-4892-b64d-5f78d5c28a9b,1,1,0,0,0,0,1,inconnu:1,non renseigné / heures ouvrables:1,,COMMUNE DE LA FORET DU PARC - 4 RTE ST ANDRE,85,très élevée,un seul DAE déclaré | aucun DAE accessible 24h/24 | accessibilité publique non visible
La Saussaye,Mairie - La Saussaye,contact@lasaussaye.fr,4 place du Cloître,27370,La Saussaye,https://lannuaire.service-public.gouv.fr/normandie/eure/6d90f3c2-ef21-45c4-aa9e-749bd0d598b4,1,1,0,0,0,1,0,inconnu:1,non renseigné / non renseigné:1,,DAE de la Pharmacie BAUSIERE - 29 rue Lesage Maille,85,très élevée,un seul DAE déclaré | aucun DAE accessible 24h/24 | accessibilité publique non visible
Le Manoir-sur-Seine,Mairie - Le Manoir-sur-Seine,mairie@mairielemanoir.fr,Place Georges-Levy,27460,Le Manoir-sur-Seine,https://lannuaire.service-public.gouv.fr/normandie/eure/25415e18-6ff2-4d95-9c13-5e0f35d11816,1,1,0,0,0,1,0,inconnu:1,non renseigné / non renseigné:1,,DAE de la Mairie de Le Manoir sur Seine - 5 a place Georges Levy,85,très élevée,un seul DAE déclaré | aucun DAE accessible 24h/24 | accessibilité publique non visible
Le Plessis-Grohan,Mairie - Le Plessis-Grohan,mairie@leplessisgrohan.fr,Route de Damville Hameau de Garel Route de Damville,27180,Le Plessis-Grohan,https://lannuaire.service-public.gouv.fr/normandie/eure/79a3dc1a-8459-4e00-83ae-0711916c3b0a,1,1,0,0,0,0,1,inconnu:1,lundi / heures ouvrables:1,fixé sur le mur d'enceinte de la salle des fêtes (en extérieur) côté parking:1,DAE DE LA SALLE DES FÊTES - 126 Chemin de la Liberté,85,très élevée,un seul DAE déclaré | aucun DAE accessible 24h/24 | accessibilité publique non visible
Les Authieux,Mairie - Les Authieux,mairie.authieux@orange.fr,6 rue de Jumelles,27220,Les Authieux,https://lannuaire.service-public.gouv.fr/normandie/eure/904f2225-58e7-410e-bade-f8590edf8f53,1,1,0,0,0,0,1,inconnu:1,"lundi, mardi, mercredi, jeudi, vendredi / heures ouvrables:1",facade:1,FRED PA-1 ENTIEREMENT AUTOMATIQUE - 3 6 rue de jumelles,85,très élevée,un seul DAE déclaré | aucun DAE accessible 24h/24 | accessibilité publique non visible
Les Baux-Sainte-Croix,Mairie - Les Baux-Sainte-Croix,mairie@bauxsaintecroix.fr,Rue de la Libération,27180,Les Baux-Sainte-Croix,https://lannuaire.service-public.gouv.fr/normandie/eure/255fb099-4f3d-452d-9a04-e54f0a83ca74,1,1,0,0,0,0,1,inconnu:1,lundi / heures ouvrables:1,,DAE MAIRIE BAUX SAINTE CROIX - rue de la Libération,85,très élevée,un seul DAE déclaré | aucun DAE accessible 24h/24 | accessibilité publique non visible
Les Thilliers-en-Vexin,Mairie - Les Thilliers-en-Vexin,thilliers27mairie@orange.fr,22 rue des Tilleuls,27420,Les Thilliers-en-Vexin,https://lannuaire.service-public.gouv.fr/normandie/eure/3f097067-94b6-4560-9bb4-33f438df5bf7,1,1,0,0,0,0,1,inconnu:1,"lundi, mardi, mercredi, jeudi, vendredi / heures ouvrables:1",,DAE SALLE DES FETES - 4 RUE DU MOULIN,85,très élevée,un seul DAE déclaré | aucun DAE accessible 24h/24 | accessibilité publique non visible
Livet-sur-Authou,Mairie - Livet-sur-Authou,mairie.livetsurauthou@wanadoo.fr,11 rue du Village,27800,Livet-sur-Authou,https://lannuaire.service-public.gouv.fr/normandie/eure/f81667e9-96ae-440e-bfeb-5300156e38f3,1,1,0,0,0,0,1,inconnu:1,"lundi, mardi, mercredi, jeudi, vendredi / heures ouvrables:1",Lun-Jeu: 8h-17h30 / Ven: 8h-16h30:1,DAE-Berg Manutention - 21 Les Houlettes,85,très élevée,un seul DAE déclaré | aucun DAE accessible 24h/24 | accessibilité publique non visible
Mairie déléguée - Saint-Quentin-des-Isles,Mairie déléguée - Saint-Quentin-des-Isles,mairie.stquentin.des.isles@wanadoo.fr,Saint-Quentin-des-Isles 20 place Jacqueline-Masson,27270,Treis-Sants-en-Ouche,https://lannuaire.service-public.gouv.fr/normandie/eure/0e051b0a-9c42-4478-9509-d066f01fe96d,1,1,0,0,0,0,1,inconnu:1,non renseigné / heures ouvrables:1,,PREVOST LAURENT - ZA LES FOSSES AMIOT,85,très élevée,un seul DAE déclaré | aucun DAE accessible 24h/24 | accessibilité publique non visible
Marcilly-la-Campagne,Mairie - Marcilly-la-Campagne,mairie.marcillylacampagne@orange.fr,4 rue du Verger,27320,Marcilly-la-Campagne,https://lannuaire.service-public.gouv.fr/normandie/eure/b4ea6e4f-c442-414d-a1b3-ba867a0e4deb,1,1,0,0,0,1,0,inconnu:1,non renseigné / non renseigné:1,,DAE de la mairie de Marcilly la Campagne - 4 rue du Verger,85,très élevée,un seul DAE déclaré | aucun DAE accessible 24h/24 | accessibilité publique non visible
Merey,Mairie - Merey,commune.merey@orange.fr,9 rue de Pacy,27640,Merey,https://lannuaire.service-public.gouv.fr/normandie/eure/f2699505-0faa-4851-8482-bacd8797bb30,1,1,0,0,0,0,1,inconnu:1,événements / heures ouvrables:1,Accueil:1,Centre equestre - 4 Lieu Dit les Vaux,85,très élevée,un seul DAE déclaré | aucun DAE accessible 24h/24 | accessibilité publique non visible
Mesnil-Verclives,Mairie - Mesnil-Verclives,mairie-mesnil-verclives@wanadoo.fr,Place de l'Église,27440,Mesnil-Verclives,https://lannuaire.service-public.gouv.fr/normandie/eure/b119e5fc-9a2d-40ec-8a5c-3cc4b40c4e86,1,1,0,0,0,0,1,inconnu:1,non renseigné / heures ouvrables:1,,Michel LAGRANGE - 5 rue du Mesnil,85,très élevée,un seul DAE déclaré | aucun DAE accessible 24h/24 | accessibilité publique non visible
Mousseaux-Neuville,Mairie - Mousseaux-Neuville,mairie@mousseaux-neuville.fr,Rue des Écoles,27220,Mousseaux-Neuville,https://lannuaire.service-public.gouv.fr/normandie/eure/b0b8c80e-5b96-4388-9478-edd65d7cf069,1,1,0,0,0,0,1,inconnu:1,non renseigné / heures ouvrables:1,,MAIRIE DE MOUSSEAUX NEUVILLE - RUE DES ECOLES,85,très élevée,un seul DAE déclaré | aucun DAE accessible 24h/24 | accessibilité publique non visible
Ménilles,Mairie - Ménilles,mairie@menilles.fr,65 rue Aristide-Briand,27120,Ménilles,https://lannuaire.service-public.gouv.fr/normandie/eure/5f437748-6a1e-428c-b5d3-1b30ee452b67,1,1,0,0,0,0,1,inconnu:1,non renseigné / heures ouvrables:1,,L'ELISEE - RUE DE CROISY,85,très élevée,un seul DAE déclaré | aucun DAE accessible 24h/24 | accessibilité publique non visible
Nogent-le-Sec,Mairie - Nogent-le-Sec,nogentlesec.mairie@wanadoo.fr,3 rue du Chêne,27190,Nogent-le-Sec,https://lannuaire.service-public.gouv.fr/normandie/eure/a033468b-4c3e-4617-b57b-0fe780c3b4bd,1,1,0,0,0,0,1,inconnu:1,non renseigné / non renseigné:1,,DAE de la Salle des Fêtes - 2 t Chemin des Paquerets,85,très élevée,un seul DAE déclaré | aucun DAE accessible 24h/24 | accessibilité publique non visible
Pinterville,Mairie - Pinterville,mairie@pinterville.fr,14 rue du Docteur-Schweitzer,27400,Pinterville,https://lannuaire.service-public.gouv.fr/normandie/eure/616d7cf2-a12e-40ef-af60-8bd2719aa0f4,1,1,0,0,0,0,1,inconnu:1,non renseigné / heures ouvrables:1,,KORSO KARINE - 1 RUE ARISTIDE BRIAND,85,très élevée,un seul DAE déclaré | aucun DAE accessible 24h/24 | accessibilité publique non visible
Pont-Authou,Mairie - Pont-Authou,commune.pont.authou@wanadoo.fr,1 rue Louise-Givon,27290,Pont-Authou,https://lannuaire.service-public.gouv.fr/normandie/eure/05b9fc43-39d5-4164-973c-edabfe2dc60e,1,1,0,0,0,0,1,inconnu:1,événements / heures ouvrables:1,Salle des fetes - selon évènements:1,Mairie de Pont Authou -  Place de La Poste - Salle des fetes - Place de La Poste,85,très élevée,un seul DAE déclaré | aucun DAE accessible 24h/24 | accessibilité publique non visible
Quittebeuf,Mairie - Quittebeuf,mairie.quittebeuf@wanadoo.fr,Place Maurice-Legoux,27110,Quittebeuf,https://lannuaire.service-public.gouv.fr/normandie/eure/99202791-c373-4ab9-b018-6f45c4be032b,1,1,0,0,0,0,1,inconnu:1,"lundi, mardi, mercredi, jeudi / heures ouvrables:1",à gauche de la porte d'entrée:1,CLA250620525 - 8bis Rue d'Evreux,85,très élevée,un seul DAE déclaré | aucun DAE accessible 24h/24 | accessibilité publique non visible
Radepont,Mairie - Radepont,mairie-radepont@wanadoo.fr,5 place Maurice-Pierre-Vallette,27380,Radepont,https://lannuaire.service-public.gouv.fr/normandie/eure/c319b66d-3be5-48f5-9ce0-a96a83a67460,1,1,0,0,0,1,0,inconnu:1,"lundi, mardi, jeudi, vendredi / heures ouvrables:1",Sous le préau de l'école - L Ma J V 8h40/12h 13h30 16h10:1,CC Lyons Andelle - 3 place Maurice-Pierre Valette - Sous le préau de l'école - 3 place Maurice-Pierre Valette,85,très élevée,un seul DAE déclaré | aucun DAE accessible 24h/24 | accessibilité publique non visible
Renneville,Mairie - Renneville,renneville.mairie@wanadoo.fr,17 rue de l'École,27910,Renneville,https://lannuaire.service-public.gouv.fr/normandie/eure/d0b90170-07ef-4fc1-849e-1b83026474c6,1,1,0,0,0,0,1,inconnu:1,non renseigné / heures ouvrables:1,,COMMUNE DE RENNEVILLE - 17 RUE DE L'ECOLE,85,très élevée,un seul DAE déclaré | aucun DAE accessible 24h/24 | accessibilité publique non visible
Saint Luc,Mairie - Saint Luc,saint-luc@orange.fr,1 place François d'Espinay,27930,Saint-Luc,https://lannuaire.service-public.gouv.fr/normandie/eure/cd176083-f7e9-4eb2-bc46-537cdce2e812,1,1,0,0,0,0,1,inconnu:1,"lundi, mardi, mercredi, jeudi, vendredi / heures ouvrables:1",,DAE MAIRIE DE SAINT LUC - 1 RUE DU VIEUX SAINT LUC,85,très élevée,un seul DAE déclaré | aucun DAE accessible 24h/24 | accessibilité publique non visible
Saint-Aubin-d'Écrosville,Mairie - Saint-Aubin-d'Écrosville,mairie@saintaubindecrosville.fr,6 place de l'Église,27110,Saint-Aubin-d'Écrosville,https://lannuaire.service-public.gouv.fr/normandie/eure/d210a44d-14de-4959-ba79-350625e3a948,1,1,0,0,0,1,0,inconnu:1,lundi / heures ouvrables:1,"Facade Nord de la mairie - En bas à droite, au dessus de la boîte aux lettres:1",DAE DE LA MAIRIE DE SAINT AUBIN D'ECROSVILLE - 2 place de l'église,85,très élevée,un seul DAE déclaré | aucun DAE accessible 24h/24 | accessibilité publique non visible
Saint-Aubin-du-Thenney,Mairie - Saint-Aubin-du-Thenney,mairie.staubinduthenney@wanadoo.fr,Place des Canadiens,27270,Saint-Aubin-du-Thenney,https://lannuaire.service-public.gouv.fr/normandie/eure/01a2b8a0-e7d0-4a1a-980c-7cba31f41e08,1,1,0,0,0,0,1,inconnu:1,non renseigné / heures ouvrables:1,,COMMUNE SAINT AUBIN THENNEY - LE BOURG,85,très élevée,un seul DAE déclaré | aucun DAE accessible 24h/24 | accessibilité publique non visible
Saint-Christophe-sur-Avre,Mairie - Saint-Christophe-sur-Avre,mairiedesaintchristophesuravre@orange.fr,4 route de Verneuil,27820,Saint-Christophe-sur-Avre,https://lannuaire.service-public.gouv.fr/normandie/eure/8c02ca17-9b1d-41b1-b604-638ceaf9f617,1,1,0,0,0,1,0,inconnu:1,non renseigné / non renseigné:1,,DAE de la Mairie - 4 route de Verneuil,85,très élevée,un seul DAE déclaré | aucun DAE accessible 24h/24 | accessibilité publique non visible
Saint-Cyr-de-Salerne,Mairie - Saint-Cyr-de-Salerne,mairie.stcyrdesalerne@orange.fr,296 le Bourg,27800,Saint-Cyr-de-Salerne,https://lannuaire.service-public.gouv.fr/normandie/eure/6851b833-8193-40c2-a69b-da80738b226e,1,1,0,0,0,1,0,inconnu:1,non renseigné / non renseigné:1,,DAE de la Mairie - 298 rue du Bourg,85,très élevée,un seul DAE déclaré | aucun DAE accessible 24h/24 | accessibilité publique non visible
Saint-Denis-le-Ferment,Mairie - Saint-Denis-le-Ferment,mairiesaintdenisleferment@wanadoo.fr,3 rue de l'Église,27140,Saint-Denis-le-Ferment,https://lannuaire.service-public.gouv.fr/normandie/eure/7e237b1b-38c4-442d-91c0-66116905388e,1,1,0,0,0,0,1,inconnu:1,non renseigné / non renseigné:1,,DAE de la Mairie de Sain-Denis le Ferment - 75 Rue Guérard,85,très élevée,un seul DAE déclaré | aucun DAE accessible 24h/24 | accessibilité publique non visible
Saint-Germain-sur-Avre,Mairie - Saint-Germain-sur-Avre,mairie@stgermainsuravre.fr,1 place du Général-de-Gaulle,27320,Saint-Germain-sur-Avre,https://lannuaire.service-public.gouv.fr/normandie/eure/78c74874-d95f-490f-9fcd-084ff535034d,1,1,0,0,0,0,1,inconnu:1,non renseigné / non renseigné:1,,DAE de St-Germain-sur-Avre - 7 Place de l'Église,85,très élevée,un seul DAE déclaré | aucun DAE accessible 24h/24 | accessibilité publique non visible
Saint-Grégoire-du-Vièvre,Mairie - Saint-Grégoire-du-Vièvre,mairiestgregoireduvievre@orange.fr,1647 route du Vièvre,27450,Saint-Grégoire-du-Vièvre,https://lannuaire.service-public.gouv.fr/normandie/eure/ff414c1d-6a5c-4b52-8c2b-e8181a840fbc,1,1,0,0,0,0,1,inconnu:1,"lundi, mardi, mercredi, jeudi, vendredi / heures ouvrables:1",Armoire ext : 2119S585:1,COMMUNE DE SAINT GREGOIRE DU VIEVRE - 1647 Route du Vievre,85,très élevée,un seul DAE déclaré | aucun DAE accessible 24h/24 | accessibilité publique non visible
Saint-Mards-de-Fresne,Mairie - Saint-Mards-de-Fresne,mairie.saintmardsdefresne@orange.fr,13 route des Bois-de-Fains Le Bourg,27230,Saint-Mards-de-Fresne,https://lannuaire.service-public.gouv.fr/normandie/eure/f7c108fe-a061-4fd7-9dcf-b99ce71bce35,1,1,0,0,0,0,1,inconnu:1,"lundi, mardi, mercredi, jeudi, vendredi / heures ouvrables:1",,DAE SAINT MARDS DE FRESNE - Salle des fêtes - 18 Route de la Capelle-les-Grands,85,très élevée,un seul DAE déclaré | aucun DAE accessible 24h/24 | accessibilité publique non visible
Saint-Ouen-de-Pontcheuil,Mairie - Saint-Ouen-de-Pontcheuil,mairie.stouendepontcheuil@orange.fr,Rue du Château,27370,Saint-Ouen-de-Pontcheuil,https://lannuaire.service-public.gouv.fr/normandie/eure/154aa705-f6c9-41f3-b562-97bfaa6cdb26,1,1,0,0,0,0,1,inconnu:1,non renseigné / heures ouvrables:1,,COMMUNE DE SAINT OUEN DE PONTCHEUIL - RUE DU CHATEAU,85,très élevée,un seul DAE déclaré | aucun DAE accessible 24h/24 | accessibilité publique non visible
Saint-Pierre-du-Bosguérard,Mairie - Saint-Pierre-du-Bosguérard,mairie-st-pierre-du-bosguerard@wanadoo.fr,Rue Marcel-Leclerc,27370,Saint-Pierre-du-Bosguérard,https://lannuaire.service-public.gouv.fr/normandie/eure/1339d6b0-10b1-48a8-9c7e-d11469fa9793,1,1,0,0,0,0,1,inconnu:1,non renseigné / non renseigné:1,,DAE de la salle Guy Robert - 11 rue Marcel Leclerc,85,très élevée,un seul DAE déclaré | aucun DAE accessible 24h/24 | accessibilité publique non visible
Saint-Sylvestre-de-Cormeilles,Mairie - Saint-Sylvestre-de-Cormeilles,mairie.stsylvestredecormeilles@laposte.net,4 route de Cormeilles,27260,Saint-Sylvestre-de-Cormeilles,https://lannuaire.service-public.gouv.fr/normandie/eure/3699fbb9-fcad-484f-a030-e6eeca622997,1,1,0,0,0,0,1,inconnu:1,événements / heures ouvrables:1,Dans la mairie salle du conseil - Selon évènements:1,Mairie de Saint Sylvestre de Cormei - 4 route de Cormeilles - Dans la mairie salle du conseil - 4 route de Cormeilles,85,très élevée,un seul DAE déclaré | aucun DAE accessible 24h/24 | accessibilité publique non visible
Saint-Éloi-de-Fourques,Mairie - Saint-Éloi-de-Fourques,mairie.st.eloi@free.fr,45 route de Saint-Paul,27800,Saint-Éloi-de-Fourques,https://lannuaire.service-public.gouv.fr/normandie/eure/8905a84f-601b-4671-aa23-db49b4528671,1,1,0,0,0,0,1,inconnu:1,"lundi, mardi, mercredi, jeudi, vendredi / heures ouvrables:1",Dans le sas d'entrée principale du bâtiment:1,CLA231509119 - 40 Chemin de la Marniere,85,très élevée,un seul DAE déclaré | aucun DAE accessible 24h/24 | accessibilité publique non visible
Saint-Étienne-du-Vauvray,Mairie - Saint-Étienne-du-Vauvray,mairie@st-etienne-vauvray.fr,23 rue Nationale,27430,Saint-Étienne-du-Vauvray,https://lannuaire.service-public.gouv.fr/normandie/eure/2c7dabae-b622-47e3-a154-33b78168db74,1,1,0,0,0,0,1,inconnu:1,non renseigné / heures ouvrables:1,,MAIRIE ST ETIENNE DU VAUVRAY - 23 RUE NATIONALE,85,très élevée,un seul DAE déclaré | aucun DAE accessible 24h/24 | accessibilité publique non visible
Sainte-Marthe,Mairie - Sainte-Marthe,mairie.stemarthe@wanadoo.fr,20 rue de la Mairie,27190,Sainte-Marthe,https://lannuaire.service-public.gouv.fr/normandie/eure/6037fce2-d661-4737-b2d1-1d9f4a9b1fd6,1,1,0,0,0,0,1,inconnu:1,non renseigné / heures ouvrables:1,,LUDOVIC LEFEBVRE - 9 RTE DE CONCHES,85,très élevée,un seul DAE déclaré | aucun DAE accessible 24h/24 | accessibilité publique non visible
Surville,Mairie - Surville,contact@surville27400.fr,64 rue Bernard-Petel,27400,Surville,https://lannuaire.service-public.gouv.fr/normandie/eure/911a0fb3-47d5-4a67-8fc0-c2fb2aaddfe8,1,1,0,0,0,0,1,inconnu:1,lundi / heures ouvrables:1,Tél. : 02 32 50 50 27:1,DAE MAIRIE DE SURVILLE - Rue Bernard Pétel,85,très élevée,un seul DAE déclaré | aucun DAE accessible 24h/24 | accessibilité publique non visible
Sébécourt,Mairie - Sébécourt,mairie.sebecourt@wanadoo.fr,1 place de la Mairie,27190,Sébécourt,https://lannuaire.service-public.gouv.fr/normandie/eure/8c867dac-d4a1-4d09-ba99-c117273b9687,1,1,0,0,0,0,1,inconnu:1,non renseigné / non renseigné:1,En cas de besoin appeler le 06 89 29 62 12:1,DAE Gîte les Blés Verts - 6 La Grande Ferme,85,très élevée,un seul DAE déclaré | aucun DAE accessible 24h/24 | accessibilité publique non visible
Tilleul-Dame-Agnès,Mairie - Tilleul-Dame-Agnès,mairie.tilleuldameagnes@wanadoo.fr,Place Saint-Martin,27170,Tilleul-Dame-Agnès,https://lannuaire.service-public.gouv.fr/normandie/eure/310a833a-0ee3-4b28-b304-d6063be112c8,1,1,0,0,0,0,1,inconnu:1,non renseigné / non renseigné:1,,DAE SALLE DES FETES TILLEUL DAME AGNES - 8 Route de Faveroles,85,très élevée,un seul DAE déclaré | aucun DAE accessible 24h/24 | accessibilité publique non visible
Tourville-la-Campagne,Mairie - Tourville-la-Campagne,mairie.tourvillelacampagne@orange.fr,23 rue Madeleine-Fosse,27370,Tourville-la-Campagne,https://lannuaire.service-public.gouv.fr/normandie/eure/4269730a-5043-4067-a444-60d64a309fc3,1,1,0,0,0,0,1,inconnu:1,lundi / heures ouvrables:1,Tél. Mairie : 0232353598:1,DAE MAIRIE DE TOURVILLE LA CAMPAGNE - 40 rue Madeleine Fossé,85,très élevée,un seul DAE déclaré | aucun DAE accessible 24h/24 | accessibilité publique non visible
Triqueville,Mairie - Triqueville,mairie-triqueville@wanadoo.fr,Le Village,27500,Triqueville,https://lannuaire.service-public.gouv.fr/normandie/eure/200b3b7c-9b36-4ed3-8608-31ea987661c0,1,1,0,0,0,1,0,inconnu:1,non renseigné / non renseigné:1,,Mairie de Triqueville - 21 Le Village,85,très élevée,un seul DAE déclaré | aucun DAE accessible 24h/24 | accessibilité publique non visible
Val-d'Orger,Mairie - Val-d'Orger,mairie@valdorger.fr,Grainville 15 rue des Muttes,27380,Val-d'Orger,https://lannuaire.service-public.gouv.fr/normandie/eure/ede6f682-e1db-4565-a50a-66006f2212dc,1,1,0,0,0,0,1,inconnu:1,événements / heures ouvrables:1,Dans le hall - Selon évènements:1,CC Lyons Andelle -  Place du Foyer Rural - Dans le hall - 43bis Place du Foyer Rural,85,très élevée,un seul DAE déclaré | aucun DAE accessible 24h/24 | accessibilité publique non visible
Vaux-sur-Eure,Mairie - Vaux-sur-Eure,mairievaux@wanadoo.fr,1 place de la Mairie,27120,Vaux-sur-Eure,https://lannuaire.service-public.gouv.fr/normandie/eure/6cc3d579-2648-425d-a979-e8bea5f861ae,1,1,0,0,0,1,0,inconnu:1,non renseigné / non renseigné:1,,DAE Domaine du Château (Entrée) - Allée des Moulins,85,très élevée,un seul DAE déclaré | aucun DAE accessible 24h/24 | accessibilité publique non visible
Villiers-en-Désœuvre,Mairie - Villiers-en-Désœuvre,mairie@villiersendesoeuvre.fr,12 Grande rue,27640,Villiers-en-Désœuvre,https://lannuaire.service-public.gouv.fr/normandie/eure/ade43434-c786-4759-a230-304e417d552c,1,1,0,0,0,0,1,inconnu:1,non renseigné / heures ouvrables:1,,COMMUNE DE VILLIERS EN DESOEUVRE - 12 GRANDE RUE,85,très élevée,un seul DAE déclaré | aucun DAE accessible 24h/24 | accessibilité publique non visible
Émanville,Mairie - Émanville,commune-emanville@orange.fr,Rue Saint-Étienne,27190,Émanville,https://lannuaire.service-public.gouv.fr/normandie/eure/3030e2a3-1abb-45dc-9ceb-6f4d92cc333e,1,1,0,0,0,0,1,inconnu:1,"lundi, mardi, mercredi, jeudi, vendredi, samedi / heures ouvrables:1",Salle polyvalente - L au S 9h/12h 13h/16h:1,Mairie d'Emanville -  Rue Saint Etienne - Mairie d'Emanville - 14 Rue Saint Etienne,85,très élevée,un seul DAE déclaré | aucun DAE accessible 24h/24 | accessibilité publique non visible
Épégard,Mairie - Épégard,mairie-epegard@orange.fr,16 rue des Écoles,27110,Épégard,https://lannuaire.service-public.gouv.fr/normandie/eure/9c831111-f062-48f9-a09c-319a456f9e25,1,1,0,0,0,1,0,inconnu:1,7j/7 / heures ouvrables:1,Façade - 7j/7 24h/24:1,Mairie d'Epegard - 8 rue René Lothon - Salle polyvalente Francis Talon - 8 rue René Lothon,85,très élevée,un seul DAE déclaré | aucun DAE accessible 24h/24 | accessibilité publique non visible
Berville-sur-Mer,Mairie - Berville-sur-Mer,mairie-berville-sur-mer@wanadoo.fr,30 rue de la République,27210,Berville-sur-Mer,https://lannuaire.service-public.gouv.fr/normandie/eure/2ec0368f-fdc0-45d8-a302-874aaa18c447,1,0,0,1,0,1,0,inconnu:1,7j/7 / 24h/24:1,Extérieur Foyer Rural - 7J7 24H/24:1,Mairie de Berville sur Mer - 30 rue de la  République - Mairie - 30 rue de la  République,80,très élevée,un seul DAE déclaré | accessibilité publique non visible | état fonctionnel non confirmé
Andé,Mairie - Andé,mairie@ande.fr,5 rue des Écoles,27430,Andé,https://lannuaire.service-public.gouv.fr/normandie/eure/8c068ba8-1aa3-4e09-8f74-0fdc1737dd81,1,1,0,0,1,0,1,inconnu:1,"lundi, mardi, mercredi, jeudi, vendredi / heures ouvrables:1",Bâtiment atelier – Zone tableaux d'affichage - L au V 8h30/12h 13h30/17h:1,Etablissements Rene Bosmy - 39 route D'Herqueville - Bâtiment atelier – Zone tableaux d'affichage - 39 route D'Herqueville,70,très élevée,un seul DAE déclaré | aucun DAE accessible 24h/24
Bacqueville,Mairie - Bacqueville,mairie.bacqueville@wanadoo.fr,Route de Bonnemare,27440,Bacqueville,https://lannuaire.service-public.gouv.fr/normandie/eure/73c5e131-4626-4a80-935b-b062b078b475,1,1,0,0,1,0,1,inconnu:1,"mardi, mercredi, jeudi, vendredi / heures ouvrables:1",Au fond à gauche dans le couloir de la mairie - Ma J V 10h/12h 15h/18h Me 10h/12h:1,CC Lyons Andelle -  Route de Bonnemare - Au fond à gauche dans le couloir de la mairie - 17bis Route de Bonnemare,70,très élevée,un seul DAE déclaré | aucun DAE accessible 24h/24
Berthouville,Mairie - Berthouville,mairie.berthouville@orange.fr,361 rue de la Mairie,27800,Berthouville,https://lannuaire.service-public.gouv.fr/normandie/eure/333b071e-6113-4e26-a393-13e080535235,1,1,0,0,1,1,0,inconnu:1,"lundi, jeudi / heures ouvrables:1",DEVANT LA MAIRIE:1,MAIRIE - 361 Rue de la Mairie,70,très élevée,un seul DAE déclaré | aucun DAE accessible 24h/24
Bois-Anzeray,Mairie - Bois-Anzeray,mairie.bois.anzeray@wanadoo.fr,1 place Notre-Dame,27330,Bois-Anzeray,https://lannuaire.service-public.gouv.fr/normandie/eure/d8a3d6df-8c6f-40ff-9ddb-6b230c80126a,1,1,0,0,1,0,1,inconnu:1,non renseigné / non renseigné:1,L'APPAREIL SE SITUE A LA SALLE DES FETES:1,DAE MAIRIE DE BOIS ANZERAY - 1 Place Notre Dame,70,très élevée,un seul DAE déclaré | aucun DAE accessible 24h/24
Bouchevilliers,Mairie - Bouchevilliers,mairie.bouchevilliers@orange.fr,Rue du Hameau,27150,Bouchevilliers,https://lannuaire.service-public.gouv.fr/normandie/eure/51a0dc93-089f-4c6a-b97a-ec7fe37f7f77,1,1,0,0,1,1,0,inconnu:1,non renseigné / 24h/24:1,Façade:1,Zoll® AED3 (DSA) - 9 Rue Du Hameau,70,très élevée,un seul DAE déclaré | aucun DAE accessible 24h/24
Fauville,Mairie - Fauville,fauville.mairie@wanadoo.fr,18 place de la Mairie,27930,Fauville,https://lannuaire.service-public.gouv.fr/normandie/eure/1d427fd7-e736-4271-8ad1-09ac7fa620a2,1,1,0,0,1,0,1,inconnu:1,"lundi, mardi, mercredi, jeudi, vendredi / heures ouvrables:1",Entrée principale:1,AFTRAL EVREUX - 140 Rue Amédéé Gordini,70,très élevée,un seul DAE déclaré | aucun DAE accessible 24h/24
Ferrières-Haut-Clocher,Mairie - Ferrières-Haut-Clocher,mairiefhc@yahoo.fr,2 rue Sainte-Christine,27190,Ferrières-Haut-Clocher,https://lannuaire.service-public.gouv.fr/normandie/eure/d882f99f-08b5-4259-88c0-7138b626cc69,1,1,0,0,1,0,1,inconnu:1,"lundi, mardi, mercredi, jeudi, vendredi / heures ouvrables:1",Hall d'accueil - L au V 7h30/18h:1,CC du Pays de Conches -  Place de la Mairie - Crèche Les Coccinnelles - Place de la Mairie,70,très élevée,un seul DAE déclaré | aucun DAE accessible 24h/24
Fleury-la-Forêt,Mairie - Fleury-la-Forêt,mairie.fleurylaforet@gmail.com,8 place de l'Église,27480,Fleury-la-Forêt,https://lannuaire.service-public.gouv.fr/normandie/eure/a630fffc-f3ef-4fdc-b0be-b27ae76f4741,1,1,0,0,1,0,1,inconnu:1,non renseigné / non renseigné:1,Salle de réception:1,Cardiac Science Powerheart G3 ELITE - 4 Route De Lyons,70,très élevée,un seul DAE déclaré | aucun DAE accessible 24h/24
Heubécourt-Haricourt,Mairie - Heubécourt-Haricourt,mairie.heubecourt-haricourt@wanadoo.fr,22 place de l'Église,27630,Heubécourt-Haricourt,https://lannuaire.service-public.gouv.fr/normandie/eure/21ef7604-bb48-403a-87e0-4623807b7499,1,1,0,0,1,0,1,inconnu:1,"mercredi, samedi, dimanche / heures ouvrables:1",stocké chez les adhérents en fonction de celui qui part en dernier du club Au club de tir seulement aux horaires d'ouverture - Me 14h/17h S 9h/12h 14h/17h D 9h/12h:1,Club de Tir Sportif Vernonnais - 2 allée du Château - INSTALLATION - 2 allée du Château,70,très élevée,un seul DAE déclaré | aucun DAE accessible 24h/24
La Ferrière-sur-Risle,Mairie - La Ferrière-sur-Risle,mairie.laferrieresurrisle@wanadoo.fr,Place de la Mairie,27760,La Ferrière-sur-Risle,https://lannuaire.service-public.gouv.fr/normandie/eure/446fbb7b-41ab-4f27-ba75-ce3c59807d1d,1,1,0,0,1,0,1,inconnu:1,"samedi, dimanche / heures ouvrables:1","Au centre, dans la salle du musée - S et D 14h/18h:1",CC du Pays de Conches - 3 route de Conches - Espace des Tanneries - 3 route de Conches,70,très élevée,un seul DAE déclaré | aucun DAE accessible 24h/24
La Haye-Malherbe,Mairie - La Haye-Malherbe,mairie.lhm@free.fr,Place de la Mairie,27400,La Haye-Malherbe,https://lannuaire.service-public.gouv.fr/normandie/eure/98e9438c-feb8-4145-9236-1df75388e4d0,1,1,0,0,1,0,1,inconnu:1,"mardi, mercredi, jeudi, vendredi, samedi / heures ouvrables:1",Dans le bungalow du gardien - Ma J V 14h/17h45 Me S 9h/11h45 14h/17h45:1,CA Seine Eure Agglomeration -  Rue de la Ravine - déchèterie la haie Malherbe - 5 Rue de la Ravine,70,très élevée,un seul DAE déclaré | aucun DAE accessible 24h/24
La Trinité-de-Thouberville,Mairie - La Trinité-de-Thouberville,mairie.trinite.thoub@wanadoo.fr,5 rue de la Mairie,27310,La Trinité-de-Thouberville,https://lannuaire.service-public.gouv.fr/normandie/eure/506ef935-ebaa-4d98-bfa0-6e13c8eab3bb,1,1,0,0,1,0,1,inconnu:1,"lundi, vendredi, mardi, jeudi, mercredi / heures ouvrables:1",DANS LE HALL D'ENTREE:1,DF INDUSTRIES - 1 Route de Rouen,70,très élevée,un seul DAE déclaré | aucun DAE accessible 24h/24
Le Tilleul-Lambert,Mairie - Le Tilleul-Lambert,mairie.le.tilleul.lambert@wanadoo.fr,Place de Mairie,27110,Le Tilleul-Lambert,https://lannuaire.service-public.gouv.fr/normandie/eure/a012fddd-8524-4958-821f-581c7fc8eed6,1,1,0,0,1,0,1,inconnu:1,vendredi / heures ouvrables:1,Salle de repos - L au J 6h30/18h V 7h/12h:1,Le Buisson Duret - 1 rue des Buissons - Salle de repos - 1 rue des Buissons,70,très élevée,un seul DAE déclaré | aucun DAE accessible 24h/24
Miserey,Mairie - Miserey,mairie.miserey@orange.fr,12 rue des Aérostiers,27930,Miserey,https://lannuaire.service-public.gouv.fr/normandie/eure/2e00c31b-67e2-4212-aea2-91fdac92ddc6,1,1,0,0,1,0,1,inconnu:1,"lundi, mardi, mercredi, jeudi, vendredi / heures ouvrables:1",Salle conducteur - L au V 8h/17h:1,Transdev Normandie Val de Seine - 4 chemin des Violettes - Salle conducteur - 4 chemin des Violettes,70,très élevée,un seul DAE déclaré | aucun DAE accessible 24h/24
Thénouville,Mairie - Thénouville,mairiedethenouville@orange.fr,Bosc-Renoult-en-Roumois 14 route de Touville,27520,Thénouville,https://lannuaire.service-public.gouv.fr/normandie/eure/62996d40-40d8-4850-b53b-6cbf5f0bc2f2,1,0,0,1,1,1,0,inconnu:1,7j/7 / 24h/24:1,Sur l'angle du pignon Sur la façade extérieur Coté gauche - 7j/7 24h/24:1,Mairie de Thenouville - 14 route de Touville - Mairie de Thenouville - 14 route de Touville,65,élevée,un seul DAE déclaré | état fonctionnel non confirmé
Aclou,Mairie - Aclou,mairie.aclou@wanadoo.fr,3 rue de la Mairie,27800,Aclou,https://lannuaire.service-public.gouv.fr/normandie/eure/a34a85cf-9c2d-4621-b933-46f925513137,1,1,0,1,0,1,0,inconnu:1,7j/7 / 24h/24:1,Derrière la salle des fêtes - 7j/7 24h/24:1,Mairie d'Aclou - 29 rue des Bruyères - Derrière la salle des fêtes - 29 rue des Bruyères,60,élevée,un seul DAE déclaré | accessibilité publique non visible
Acon,Mairie - Acon,acon.eure@wanadoo.fr,Le Rousset 8 rue de la Mairie,27570,Acon,https://lannuaire.service-public.gouv.fr/normandie/eure/90c03ce1-9d30-46c0-9ab9-a9ce817ae4b0,1,1,0,1,0,1,0,inconnu:1,7j/7 / 24h/24:1,FACADE GARAGE ATELIER:1,Mairie d'Acon - 2 Rue du Bois Guide,60,élevée,un seul DAE déclaré | accessibilité publique non visible
Ailly,Mairie - Ailly,ailly.mairie@wanadoo.fr,4 rue de l'Église,27600,Ailly,https://lannuaire.service-public.gouv.fr/normandie/eure/c03010f3-2e5b-45ac-923c-3042e05a46e5,2,2,0,0,0,0,2,inconnu:2,"événements / heures ouvrables:1 | lundi, mardi, mercredi, jeudi, vendredi / heures ouvrables:1",Vestiaire arbitre - Selon évènements:1 | Dans le bureau d'accueil à coté de l'armoire électrique:1,Mairie d'Ailly -  Les Aulnes - Stade du Ailly - 1043 Les Aulnes | CLA240815986 - Route de Venables,60,élevée,couverture déclarée limitée | aucun DAE accessible 24h/24 | accessibilité publique non visible
Armentières-sur-Avre,Mairie - Armentières-sur-Avre,armentieressuravre.mairie@gmail.com,21 rue de la Détourbe,27820,Armentières-sur-Avre,https://lannuaire.service-public.gouv.fr/normandie/eure/b27f39e6-6621-48c5-a38c-618a62cc2446,1,1,0,1,0,1,0,inconnu:1,7j/7 / 24h/24:1,,DAE MAIRIE D'ARMENTIERES SUR AVRE - 21 RUE DE LA DETOURBE,60,élevée,un seul DAE déclaré | accessibilité publique non visible
Asnières,Mairie - Asnières,secretariat@mairieasnieres27.fr,12 place de la Mairie,27260,Asnières,https://lannuaire.service-public.gouv.fr/normandie/eure/84094e87-3a81-449e-900a-5cd25f1ec3ce,1,1,0,1,0,1,0,inconnu:1,7j/7 / 24h/24:1,côté de la mairie - 7j/7 24h/24:1,Mairie d'Asnieres - 12 place de la Mairie - côté de la mairie - 12 place de la Mairie,60,élevée,un seul DAE déclaré | accessibilité publique non visible
Authou,Mairie - Authou,mairie.authou@orange.fr,17 route du Lavoir,27290,Authou,https://lannuaire.service-public.gouv.fr/normandie/eure/f0e9ae21-25f8-49d0-87c8-d6d129a18089,2,2,0,0,0,0,2,inconnu:2,non renseigné / heures ouvrables:2,,COMMUNE D'AUTHOU - 3 route du village | COMMUNE D'AUTHOU - 3 route du village,60,élevée,couverture déclarée limitée | aucun DAE accessible 24h/24 | accessibilité publique non visible
Aviron,Mairie - Aviron,aviron.mairie2@wanadoo.fr,3 rue de la Mairie,27930,Aviron,https://lannuaire.service-public.gouv.fr/normandie/eure/c7b3c292-ab1b-4fbd-b3df-988dd54250e6,1,1,0,1,0,1,0,inconnu:1,7j/7 / 24h/24:1,Entrée extérieure salle polyvalente - 7j/7 24h/24:1,Mairie d'Aviron - 2 Rue du chateau - Salle des fêtes - 2 Rue du chateau,60,élevée,un seul DAE déclaré | accessibilité publique non visible
Bailleul-la-Vallée,Mairie - Bailleul-la-Vallée,mairie.bailleullavallee@laposte.net,3 rue de la Mairie,27260,Bailleul-la-Vallée,https://lannuaire.service-public.gouv.fr/normandie/eure/6f03e884-589c-42d6-9ebc-2b6d7cce7546,1,1,0,1,0,1,0,inconnu:1,7j/7 / 24h/24:1,Façade de la mairie - 7j/7 24h/24:1,Mairie de Bailleul la Vallee -  Rue de la Mairie - Mairie de Bailleul la Vallee - 3 Rue de la Mairie,60,élevée,un seul DAE déclaré | accessibilité publique non visible
Bois-Jérôme-Saint-Ouen,Mairie - Bois-Jérôme-Saint-Ouen,mairie.boisjeromestouen@orange.fr,4 rue de l'Abbé-Seyer,27620,Bois-Jérôme-Saint-Ouen,https://lannuaire.service-public.gouv.fr/normandie/eure/fe6eff93-562c-42fc-a354-3d027f8e6d68,1,1,0,1,0,1,0,inconnu:1,7j/7 / 24h/24:1,Près de la porte d'entrée - 7j/7 24h/24:1,Mairie de Bois Jerome Saint Ouen - 1 rue de l'Abbé Seyer - Salle des fêtes - 1 rue de l'Abbé Seyer,60,élevée,un seul DAE déclaré | accessibilité publique non visible
Bosquentin,Mairie - Bosquentin,mairie.bosquentin@orange.fr,2 bis rue des Tilleuls,27480,Bosquentin,https://lannuaire.service-public.gouv.fr/normandie/eure/5e934fe1-79f9-4e3b-a51e-e5ea3cccef4c,1,1,0,1,0,1,0,inconnu:1,7j/7 / 24h/24:1,Facade de la mairie - 7j/7 24h/24h:1,Mairie de Bosquentin - 2 bis rue des Tilleuls - Facade de la mairie - 2 bis rue des Tilleuls,60,élevée,un seul DAE déclaré | accessibilité publique non visible
Bosroumois,Mairie - Bosroumois,accueil@ville-bosroumois.fr,Place Jean-Guenier,27670,Bosroumois,https://lannuaire.service-public.gouv.fr/normandie/eure/98874f88-24fc-4818-b3ee-715553ed0b7e,2,2,0,0,0,0,2,inconnu:2,"non renseigné / heures ouvrables:1 | lundi, samedi, mardi, mercredi, jeudi, vendredi / heures ouvrables:1",ACCUEIL:1,PHARMACIE DU ROUMOIS - 8 place du roumois | AUCHAN - 26 Rue des Grands Clos,60,élevée,couverture déclarée limitée | aucun DAE accessible 24h/24 | accessibilité publique non visible
Bourg-Beaudouin,Mairie - Bourg-Beaudouin,mairie-bourgbeaudouin@orange.fr,13 route de Paris,27380,Bourg-Beaudouin,https://lannuaire.service-public.gouv.fr/normandie/eure/7149f9b7-94a2-439c-ad5b-c46dcb1fab0e,1,1,0,1,0,1,0,inconnu:1,7j/7 / 24h/24:1,A proximité porte d'entrée salle des fetes - 7j/7 24h/24:1,Mairie de Bourg Beaudouin - 1 ter rue de l'Eglise - Salle des fêtes - 1 ter rue de l'Eglise,60,élevée,un seul DAE déclaré | accessibilité publique non visible
Brestot,Mairie - Brestot,mairie.brestot@orange.fr,10 rue du Bourg,27350,Brestot,https://lannuaire.service-public.gouv.fr/normandie/eure/039ccbae-a2e3-4b90-8eb3-47ecd81d5fb7,2,2,0,0,0,1,1,inconnu:2,non renseigné / non renseigné:1 | non renseigné / heures ouvrables:1,,DAE de la Mairie - 24 rue du Bourg | MAIRIE DE BRESTOT - 10 RUE DU BOURG,60,élevée,couverture déclarée limitée | aucun DAE accessible 24h/24 | accessibilité publique non visible
Breuilpont,Mairie - Breuilpont,mairiebreuilpont@wanadoo.fr,1 rue Guy-de-Maupassant,27640,Breuilpont,https://lannuaire.service-public.gouv.fr/normandie/eure/d0f0196a-af86-4215-b1b1-f6c5a107f984,1,1,0,1,0,1,0,inconnu:1,7j/7 / 24h/24:1,A droite de la porte entrée salle des fêtes - 7j/7 24h/24:1,Mairie de Breuilpont -  rue Alfred de Vigny - Salle des fêtes - 10 rue Alfred de Vigny,60,élevée,un seul DAE déclaré | accessibilité publique non visible
Bâlines,Mairie - Bâlines,commune.balines@wanadoo.fr,30 route de Courteilles,27130,Bâlines,https://lannuaire.service-public.gouv.fr/normandie/eure/755c88ef-19da-4648-a34d-d43cff9954c9,2,2,0,0,0,0,2,inconnu:2,"lundi, mardi, mercredi, jeudi, vendredi / heures ouvrables:2",,DAE SALLE DES FETES - 12 LOTISSEMENT DES TURGERES ROUTE DES FAULX | DAE MAIRIE DE BALINES - 30 ROUTE DE COURTEILLES,60,élevée,couverture déclarée limitée | aucun DAE accessible 24h/24 | accessibilité publique non visible
Bérengeville-la-Campagne,Mairie - Bérengeville-la-Campagne,mairie.berengevillelacampagne@orange.fr,12 rue de la Mairie,27110,Bérengeville-la-Campagne,https://lannuaire.service-public.gouv.fr/normandie/eure/5867ec1c-036b-4076-ac05-e0f536424681,1,1,0,1,0,1,0,inconnu:1,7j/7 / 24h/24:1,Devant la mairie - 7j/7 24h/24:1,Mairie de Berengeville la Campagne - 12 rue de la Mairie - 02 32 34 32 99 - 12 rue de la Mairie,60,élevée,un seul DAE déclaré | accessibilité publique non visible
Bézu-la-Forêt,Mairie - Bézu-la-Forêt,mairie.bezulaforet@orange.fr,52 Maurepas,27480,Bézu-la-Forêt,https://lannuaire.service-public.gouv.fr/normandie/eure/256bfb3e-a0da-43ed-8746-071a6a720a00,1,1,0,1,0,1,0,inconnu:1,7j/7 / 24h/24:1,,DAE MAIRIE DE BEZU LA FORET - 52 MAUREPAS,60,élevée,un seul DAE déclaré | accessibilité publique non visible
Caillouet-Orgeville,Mairie - Caillouet-Orgeville,mairiecaillouetorgeville@orange.fr,8 rue de la Mairie,27120,Caillouet-Orgeville,https://lannuaire.service-public.gouv.fr/normandie/eure/37e9f5d1-fd39-44ec-ba7e-936d44105082,2,2,0,0,0,0,2,inconnu:2,non renseigné / heures ouvrables:2,,EJPP INGENIERIE ET CONSTRUCTION - 7 B RUE PRINCIPALE | MAAS CONSTRUCTION - 22 RUE DE PREMOULT,60,élevée,couverture déclarée limitée | aucun DAE accessible 24h/24 | accessibilité publique non visible
Cailly-sur-Eure,Mairie - Cailly-sur-Eure,mairie.cailly.sur.eure@wanadoo.fr,14 bis rue de la Mairie,27490,Cailly-sur-Eure,https://lannuaire.service-public.gouv.fr/normandie/eure/f92c0cd9-d6b1-49a1-8e91-bb24dd52ee3f,1,1,0,1,0,1,0,inconnu:1,7j/7 / 24h/24:1,A droite de l’entrée de la mairie - 7j/7 24h/24:1,Mairie de Cailly Sur Eure - 14 bis rue de la Mairie - Mairie de Cailly Sur Eure - 14 bis rue de la Mairie,60,élevée,un seul DAE déclaré | accessibilité publique non visible
Champigny-la-Futelaye,Mairie - Champigny-la-Futelaye,mairie.champigny@wanadoo.fr,4 rue de la Libération,27220,Champigny-la-Futelaye,https://lannuaire.service-public.gouv.fr/normandie/eure/8f2d8eaf-01cb-48e1-b57e-53a3a7992198,1,1,0,1,0,1,0,inconnu:1,7j/7 / 24h/24:1,Sous le préau dans la cours de la mairie:1,FRED PA-1 ENTIEREMENT AUTOMATIQUE - 4 4 rue de la libération,60,élevée,un seul DAE déclaré | accessibilité publique non visible
Chauvincourt-Provemont,Mairie - Chauvincourt-Provemont,mairie.chauvincourt-provemont@orange.fr,1 rue de la Mairie,27150,Chauvincourt-Provemont,https://lannuaire.service-public.gouv.fr/normandie/eure/5eefe57d-12f2-4b2a-ba2b-0ee2c10f577e,1,1,0,1,0,1,0,inconnu:1,7j/7 / 24h/24:1,,DAE MAIRIE DE CHAUVINCOURT-PROVEMONT - 1 RUE DE LA MAIRIE,60,élevée,un seul DAE déclaré | accessibilité publique non visible
Château-sur-Epte,Mairie - Château-sur-Epte,mairie.chateausurepte.27@wanadoo.fr,1 route de Paris,27420,Château-sur-Epte,https://lannuaire.service-public.gouv.fr/normandie/eure/97eb1788-62d5-4d25-9b80-a908b086030e,1,1,0,1,0,1,0,inconnu:1,7j/7 / 24h/24:1,,DAE Mairie - 1 Route de Paris,60,élevée,un seul DAE déclaré | accessibilité publique non visible
Coudray,Mairie - Coudray,mairie.coudray@wanadoo.fr,24 rue de la Mairie,27150,Coudray,https://lannuaire.service-public.gouv.fr/normandie/eure/9ab5a02a-d9f2-4448-aaab-ebbfaafc9371,1,1,0,1,0,1,0,inconnu:1,7j/7 / 24h/24:1,,DAE MAIRIE DE COUDRAY EN VEXIN - 24 RUE DE LA MAIRIE,60,élevée,un seul DAE déclaré | accessibilité publique non visible
Courdemanche,Mairie - Courdemanche,mairiecourdemanche27@gmail.com,1 place de la Mairie,27320,Courdemanche,https://lannuaire.service-public.gouv.fr/normandie/eure/3f683267-ce97-48f1-a3ad-509c0d83c511,1,1,0,1,0,1,0,inconnu:1,7j/7 / 24h/24:1,,Ecole (Cantine) - Commune de COURDEMANCHE - 12bis Rue des Ecoles,60,élevée,un seul DAE déclaré | accessibilité publique non visible
Douains,Mairie - Douains,mairie.douains@orange.fr,7 rue du Village,27120,Douains,https://lannuaire.service-public.gouv.fr/normandie/eure/4d929f76-58bc-4577-a099-aa68baac596e,2,2,0,0,0,0,2,inconnu:2,"non renseigné / heures ouvrables:1 | lundi, mardi, mercredi, jeudi, vendredi / heures ouvrables:1",,"MAIRIE DE DOUAINS - 7 rue du Village | DAE ADIDAS CAPS FO - DOUAINS, PARIS GIVERNY - AVE DU CAPITAINE VANDIERE DE VITRAC Mc ARTHURGLEN DESIGNER OUTLET",60,élevée,couverture déclarée limitée | aucun DAE accessible 24h/24 | accessibilité publique non visible
Douville-sur-Andelle,Mairie - Douville-sur-Andelle,mairie.douville.sur.andelle@wanadoo.fr,20 rue du Cardinal-Amette,27380,Douville-sur-Andelle,https://lannuaire.service-public.gouv.fr/normandie/eure/e9cdcfab-85e0-47ba-af24-ab66c46ba52a,1,1,0,1,0,1,0,inconnu:1,7j/7 / 24h/24:1,A l'entrée de la mairie - 7j/7 24h/24:1,Mairie de Douville sur Andelle - 20 rue du cardinal Amette - Mairie de Douville sur Andelle - 20 rue du cardinal Amette,60,élevée,un seul DAE déclaré | accessibilité publique non visible
Flancourt-Crescy-en-Roumois,Mairie - Flancourt-Crescy-en-Roumois,mairie@flancourt-crescy-en-roumois.fr,Bosc-Bénard-Crescy 1 place Roger-Leclerc,27310,Flancourt-Crescy-en-Roumois,https://lannuaire.service-public.gouv.fr/normandie/eure/4c91d7c6-8652-4e23-a0de-42899a4b2950,1,1,0,1,0,1,0,inconnu:1,7j/7 / 24h/24:1,,DAE FLANCOURT CRESCY EN ROUMOIS - Mairie - 40 Rue du Village,60,élevée,un seul DAE déclaré | accessibilité publique non visible
Fontaine-la-Louvet,Mairie - Fontaine-la-Louvet,mairie-fontaine-la-louvet@orange.fr,334 rue de la Mairie,27230,Fontaine-la-Louvet,https://lannuaire.service-public.gouv.fr/normandie/eure/5e50b0c0-3b71-4c9a-b9d1-65f0ebb3c074,1,1,0,1,0,1,0,inconnu:1,7j/7 / 24h/24:1,Sous le préau à côté de la salle communale - 7j/7 24h/24:1,Mairie de Fontaine la Louvet - 334 rue de la Mairie - Salle communale - 334 rue de la Mairie,60,élevée,un seul DAE déclaré | accessibilité publique non visible
Fresne-Cauverville,Mairie - Fresne-Cauverville,cnefresnecauverville@orange.fr,1 rue du Village,27260,Fresne-Cauverville,https://lannuaire.service-public.gouv.fr/normandie/eure/7535f2cd-90f1-42b8-aaa7-2e8bbd785421,1,1,0,1,0,1,0,inconnu:1,7j/7 / 24h/24:1,Salle Polyvalente - 7j/7 24h/24:1,Mairie de Fresne Cauverville - 1 rue du Village - 1 l'Eglise - 1 rue du Village,60,élevée,un seul DAE déclaré | accessibilité publique non visible
Gadencourt,Mairie - Gadencourt,mairie-de-gadencourt@orange.fr,35 rue Saint-Denis,27120,Gadencourt,https://lannuaire.service-public.gouv.fr/normandie/eure/f41e96ab-be7c-4b3d-97cd-0236b3b8da09,1,1,0,1,0,1,0,inconnu:1,7j/7 / 24h/24:1,,DAE GADENCOURT - MAIRIE - 35 Rue Saint Denis,60,élevée,un seul DAE déclaré | accessibilité publique non visible
Giverny,Mairie - Giverny,mairie-giverny@orange.fr,7 chemin Blanche-Hoschedé-Monet,27620,Giverny,https://lannuaire.service-public.gouv.fr/normandie/eure/4a404da2-76df-46ba-8a3a-fae719a69315,2,2,0,0,0,0,2,inconnu:2,"lundi, mardi, mercredi, jeudi, vendredi / heures ouvrables:1 | non renseigné / heures ouvrables:1",,DAE BRASSERIE DES ARTISTES - 8 MUSEE DES IMPRESSIONNISMES 99 rue Claude Monet | LES AMIS DE GIVERNY - 7 CHEMIN BLANCHE HOSCHEDE MONET,60,élevée,couverture déclarée limitée | aucun DAE accessible 24h/24 | accessibilité publique non visible
Guerny,Mairie - Guerny,mairiedeguerny@orange.fr,37 rue des Sorbiers Hameau de Gisancourt,27720,Guerny,https://lannuaire.service-public.gouv.fr/normandie/eure/2f87d8f3-34b3-4fe2-81db-eaebde5b1960,1,1,0,1,0,1,0,inconnu:1,7j/7 / 24h/24:1,,DAE MAIRIE DE GUERNY - 37 RUE DE SORBIERS,60,élevée,un seul DAE déclaré | accessibilité publique non visible
Guiseniers,Mairie - Guiseniers,mairie.guiseniers@wanadoo.fr,10 rue Robert-Duchainay,27700,Guiseniers,https://lannuaire.service-public.gouv.fr/normandie/eure/8be8d66d-4e24-48f7-97bc-9c8120a41aa2,2,2,0,0,0,0,2,inconnu:2,"lundi, mardi, mercredi, jeudi, vendredi / heures ouvrables:2",Armoire ext : 2508S798:1 | Armoire ext : 2508S791:1,COMMUNE DE GUISENIERS - Mairie | COMMUNE DE GUISENIERS - SCEA de la Roseraie - 15 Rue Jules Pedron,60,élevée,couverture déclarée limitée | aucun DAE accessible 24h/24 | accessibilité publique non visible
Harquency,Mairie - Harquency,communeharquency@orange.fr,3 route des Templiers,27700,Harquency,https://lannuaire.service-public.gouv.fr/normandie/eure/5b4bf90f-7b8e-4bf5-8b3f-0abb45d018a9,2,2,0,0,0,0,2,inconnu:2,"événements / heures ouvrables:1 | lundi, mardi, mercredi, jeudi, vendredi / heures ouvrables:1",VESTAIRE:1 | Armoire ext : 24235929:1,LA GRANGE BOURGOULT - Lieu Dit la Grange du Bourgoult | COMMUNE DE HARQUENCY - 3 Route des Templiers,60,élevée,couverture déclarée limitée | aucun DAE accessible 24h/24 | accessibilité publique non visible
Herqueville,Mairie - Herqueville,mairieherqueville@wanadoo.fr,1 place Louis-Renault,27430,Herqueville,https://lannuaire.service-public.gouv.fr/normandie/eure/4295af61-3e84-45a4-bd71-47ef8e5e2ad9,1,1,0,1,0,0,1,inconnu:1,7j/7 / 24h/24:1,salle J-L Renault - selon activités et ouverture de la salle:1,Mairie de Herqueville - 1 Place Jean-Louis Renault - Salle des fêtes Jean louis Renault - 1 Place Jean-Louis Renault,60,élevée,un seul DAE déclaré | accessibilité publique non visible
Houlbec-Cocherel,Mairie - Houlbec-Cocherel,secretariat@houlbec-cocherel.fr,7 bis rue des Écoles,27120,Houlbec-Cocherel,https://lannuaire.service-public.gouv.fr/normandie/eure/89b2f814-0c96-4f0e-a3b6-3b7092824ef1,1,1,0,1,0,1,0,inconnu:1,7j/7 / 24h/24:1,,DAE HOULBEC COCHEREL - Mairie - 7 Rue des Ecoles,60,élevée,un seul DAE déclaré | accessibilité publique non visible
Hébécourt,Mairie - Hébécourt,mairie.hebecourt27@pole-secretariat.fr,4 chemin de la Mairie,27150,Hébécourt,https://lannuaire.service-public.gouv.fr/normandie/eure/f7258195-0ea8-4c7c-a2dc-4c6b4c1d23d7,1,1,0,1,0,1,0,inconnu:1,7j/7 / 24h/24:1,,DAE HEBECOURT - Mairie - 4 Chemin de la Mairie,60,élevée,un seul DAE déclaré | accessibilité publique non visible
Jumelles,Mairie - Jumelles,mairie.jumelles@orange.fr,5 route de Saint-André,27220,Jumelles,https://lannuaire.service-public.gouv.fr/normandie/eure/e5d012f7-e698-4c6c-9c04-a546950de606,1,1,0,1,0,1,0,inconnu:1,7j/7 / 24h/24:1,,DAE MAIRIE DE JUMELLES - 5 ROUTE SAINT ANDRE,60,élevée,un seul DAE déclaré | accessibilité publique non visible
L'Habit,Mairie - L'Habit,mairie-accueil@lelhabit.fr,63 rue de la Mairie,27220,L'Habit,https://lannuaire.service-public.gouv.fr/normandie/eure/d697fdf8-16c8-449d-942f-41da200d8129,1,1,0,1,0,1,0,inconnu:1,7j/7 / 24h/24:1,Entrée salle des fêtes - 7j/7 24h/24:1,Mairie de l'Habit - 63 rue de la Mairie - Entrée salle des fêtes - 63 rue de la Mairie,60,élevée,un seul DAE déclaré | accessibilité publique non visible
La Chapelle Hareng,Mairie - La Chapelle Hareng,mairie.chap.hareng@nordnet.fr,4 rue de l'Église,27230,La Chapelle- Hareng,https://lannuaire.service-public.gouv.fr/normandie/eure/85f12446-18c5-400d-bc6b-5ba1db234a84,1,1,0,1,0,1,0,inconnu:1,7j/7 / 24h/24:1,Mur extérieur avant de la mairie - 7j/7 24h/24:1,Mairie de la Chapelle Hareng - 4 rue de l'Eglise - Mairie - 4 rue de l'Eglise,60,élevée,un seul DAE déclaré | accessibilité publique non visible
La Chapelle-Bayvel,Mairie - La Chapelle-Bayvel,mairielachapellebayvel@wanadoo.fr,10 rue de la Mairie,27260,La Chapelle-Bayvel,https://lannuaire.service-public.gouv.fr/normandie/eure/45559602-296e-44b3-933a-095a99e240a6,1,1,0,1,0,1,0,inconnu:1,7j/7 / 24h/24:1,"A l'entrée  de la mairie, sur le mur extérieur, près de la porte - 7j/7 24h/24:1",Mairie de la Chapelle Bayvel - 10 rue de la Mairie - Mairie de la Chapelle Bayvel - 10 rue de la Mairie,60,élevée,un seul DAE déclaré | accessibilité publique non visible
La Lande-Saint-Léger,Mairie - La Lande-Saint-Léger,mairie.lalandestleger@orange.fr,10 chemin de l'Église,27210,La Lande-Saint-Léger,https://lannuaire.service-public.gouv.fr/normandie/eure/c892936a-98a3-4146-81c2-aba09276563e,1,1,0,1,0,1,0,inconnu:1,7j/7 / 24h/24:1,Place de la mairie - 7j/7 24h/24:1,Mairie de la Lande Saint Leger - 10 Chemin de l'Eglise - Place de la mairie - 10 Chemin de l'Eglise,60,élevée,un seul DAE déclaré | accessibilité publique non visible
La Noë-Poulain,Mairie - La Noë-Poulain,commune-la-noe-poulain@orange.fr,Route départementale 810,27560,La Noë-Poulain,https://lannuaire.service-public.gouv.fr/normandie/eure/5eaf8f7b-e937-46d9-88fc-c725734b1f21,1,1,0,1,0,1,0,inconnu:1,7j/7 / 24h/24:1,à côté de porte d'entrée de la salle polyvalente Renée Marchand - 7j/7 24h/24:1,Mairie de la Noe Poulain -  Route Départementale 810 - à côté de porte d'entrée de la salle polyvalente Renée Marchand - 579 Route Départementale 810,60,élevée,un seul DAE déclaré | accessibilité publique non visible
La Poterie-Mathieu,Mairie - La Poterie-Mathieu,m.la-poterie-mathieu@laposte.net,Route départementale 810,27560,La Poterie-Mathieu,https://lannuaire.service-public.gouv.fr/normandie/eure/87cfc7f5-dcf6-442b-adf9-68db258ab4b1,1,1,0,1,0,1,0,inconnu:1,7j/7 / 24h/24:1,Local poubelle de la salle communale - 7j/7 24h/24:1,Mairie de la Poterie Mathieu -  Route départementale 810 - Mairie de la Poterie Mathieu - 1 Route départementale 810,60,élevée,un seul DAE déclaré | accessibilité publique non visible
Le Bois-Hellain,Mairie - Le Bois-Hellain,mairie.leboishellain@wanadoo.fr,205 rue de la Mairie,27260,Le Bois-Hellain,https://lannuaire.service-public.gouv.fr/normandie/eure/83ab7894-6a16-4d98-b2ec-f7ad8baad178,1,1,0,1,0,1,0,inconnu:1,7j/7 / 24h/24:1,"sur la façade de la maire, à gauche de la porte d'entrée - 7j/7 24h/24:1",Mairie de Le Bois Hellain - 205 rue de la Mairie - Mairie de Le Bois Hellain - 205 rue de la Mairie,60,élevée,un seul DAE déclaré | accessibilité publique non visible
Le Perrey,Mairie - Le Perrey,mairie.leperrey@orange.fr,Fourmetot 2 route de la Mairie,27500,Le Perrey,https://lannuaire.service-public.gouv.fr/normandie/eure/c0459861-e40f-4be2-88e6-8896f8f483af,2,2,0,0,0,2,0,inconnu:2,non renseigné / non renseigné:1 | lundi / heures ouvrables:1,porte d'entrée de la mairie:1 | porte d'entrée:1,DAE de la Mairie de Saint THURIEN - 47 place de l'église | DAE DE LA MAIRIE - 47 place de l'église,60,élevée,couverture déclarée limitée | aucun DAE accessible 24h/24 | accessibilité publique non visible
Le Planquay,Mairie - Le Planquay,mairie.leplanquay@orange.fr,Le Bourg,27230,Le Planquay,https://lannuaire.service-public.gouv.fr/normandie/eure/077b1f02-4054-4828-8160-207a37f99a39,1,1,0,1,0,1,0,inconnu:1,7j/7 / 24h/24:1,derrière la mairie - 7j/7 24h/24:1,Mairie de Planquay - 5 rue de l'Ancienne Ecole - derrière la mairie - 5 rue de l'Ancienne Ecole,60,élevée,un seul DAE déclaré | accessibilité publique non visible
Le Theil-Nolent,Mairie - Le Theil-Nolent,mairieletheilnolent@orange.fr,2 rue de la Mairie,27230,Le Theil-Nolent,https://lannuaire.service-public.gouv.fr/normandie/eure/42dc3c7a-6dd7-41b5-ba9b-d68216d9357c,1,1,0,1,0,1,0,inconnu:1,7j/7 / 24h/24:1,Sur la façade Nord Mairie - 7j/7 24h/24:1,Mairie de Le Theil Nolent - 30 La Grande Rue - Mairie de Le Theil Nolent - 30 La Grande Rue,60,élevée,un seul DAE déclaré | accessibilité publique non visible
Le Tremblay-Omonville,Mairie - Le Tremblay-Omonville,mairietremblayomonville@wanadoo.fr,place de la Mairie,27110,Le Tremblay-Omonville,https://lannuaire.service-public.gouv.fr/normandie/eure/d9dbb2fb-d8b9-4e5f-9157-23c05be23e76,1,1,0,1,0,1,0,inconnu:1,7j/7 / 24h/24:1,"sur le mur de la Mairie, sur la Rampe d'Accès , à 1,30 m de Haut - 7j/7 24h/24h:1","Mairie de le Tremblay Omonville - 1 rue de l'Eglise - sur le mur de la Mairie, sur la Rampe d'Accès , à 1,30 m de Haut - 1 rue de l'Eglise",60,élevée,un seul DAE déclaré | accessibilité publique non visible
Le Tronquay,Mairie - Le Tronquay,letronquay27@wanadoo.fr,2 route de Lyons,27480,Le Tronquay,https://lannuaire.service-public.gouv.fr/normandie/eure/04fc269d-c034-4478-9793-2e612ecc8656,1,1,0,1,0,1,0,inconnu:1,7j/7 / 24h/24:1,visible cot? avenue br?montier:1,FRED PA-1 ENTIEREMENT AUTOMATIQUE - 1bis 1 avenue brémontier,60,élevée,un seul DAE déclaré | accessibilité publique non visible
Les Baux-de-Breteuil,Mairie - Les Baux-de-Breteuil,bauxdebreteuil@wanadoo.fr,2 le Bourg,27160,Les Baux-de-Breteuil,https://lannuaire.service-public.gouv.fr/normandie/eure/7fa18806-60cd-49ee-bfc5-7b50bbbcc1fd,2,2,0,0,0,0,2,inconnu:2,"lundi / heures ouvrables:1 | lundi, mardi, mercredi, jeudi, vendredi / heures ouvrables:1",Tél. Mairie : 0232306849:1,DAE MAIRIE DE LES BAUX DE BRETEUIL - 12 le bourg | DAE ECOLE DES BAUX DE BRETEUIL - 17 PLACE DE LA MAIRIE,60,élevée,couverture déclarée limitée | aucun DAE accessible 24h/24 | accessibilité publique non visible
Les Damps,Mairie - Les Damps,mairie@lesdamps.fr,7 rue de la Mairie,27340,Les Damps,https://lannuaire.service-public.gouv.fr/normandie/eure/76648fac-766f-4270-a454-873d9fdad451,2,2,0,0,0,0,2,inconnu:2,lundi / heures ouvrables:2,dans la cuisine:1 | dans l'entrée:1,DAE DE LA MAIRIE DE LES DAMPS - 5 rue de la Mairie | DAE DE LA SALLE OCTAVE MIRBEAU - 7 avenue des Merisiers,60,élevée,couverture déclarée limitée | aucun DAE accessible 24h/24 | accessibilité publique non visible
Les Préaux,Mairie - Les Préaux,les-preaux@wanadoo.fr,1556 route de Lisieux,27500,Les Préaux,https://lannuaire.service-public.gouv.fr/normandie/eure/b3929fec-fe98-454b-b6ae-5690041a5f34,1,1,0,1,0,1,0,inconnu:1,7j/7 / 24h/24:1,mu extérieur salle des fêtes - 7j/7 24h/24:1,Mairie de Les Preaux - 1556 Route de Lisieux - mu extérieur salle des fêtes - 1556 Route de Lisieux,60,élevée,un seul DAE déclaré | accessibilité publique non visible
Letteguives,Mairie - Letteguives,mairie-letteguives@orange.fr,Rue de la Mairie,27910,Letteguives,https://lannuaire.service-public.gouv.fr/normandie/eure/e5e66012-dd2f-4374-a578-9eede043ce71,1,1,0,1,0,1,0,inconnu:1,7j/7 / 24h/24:1,Façade de la mairie - 7j/7 24h/24:1,CC Lyons Andelle - 157 Rue de la Mairie - Façade de la mairie - 157 Rue de la Mairie,60,élevée,un seul DAE déclaré | accessibilité publique non visible
Lilly,Mairie - Lilly,mairiedelilly@orange.fr,Route de Fleury,27480,Lilly,https://lannuaire.service-public.gouv.fr/normandie/eure/d8d2d121-a176-4227-b479-8419c9e770e2,1,1,0,1,0,1,0,inconnu:1,7j/7 / 24h/24:1,Façade de la mairie - 7j/7 24h/24:1,Mairie de Lilly - 11 route de Fleury - Mairie de Lilly - 11 route de Fleury,60,élevée,un seul DAE déclaré | accessibilité publique non visible
Lorleau,Mairie - Lorleau,mairielorleau27@orange.fr,13 rue de la Lieure,27480,Lorleau,https://lannuaire.service-public.gouv.fr/normandie/eure/ed80da56-bab9-4d4c-abff-ad66b9fbc2fd,1,1,0,1,0,1,0,inconnu:1,7j/7 / 24h/24:1,Mairie - 7j/7 24h/24:1,Mairie de Lorleau - 13 rue de la Lieure - Mairie de Lorleau - 13 rue de la Lieure,60,élevée,un seul DAE déclaré | accessibilité publique non visible
Louversey,Mairie - Louversey,mairielouversey@gmail.com,6 rue de la Mairie,27190,Louversey,https://lannuaire.service-public.gouv.fr/normandie/eure/2e0ee724-3e36-46ea-829c-f0016e2ebf1d,1,1,0,1,0,1,0,inconnu:1,7j/7 / 24h/24:1,Cour salle des fêtes - 7j/7 24h/24:1,Mairie de Louversey - 5 rue de la Mairie - Cour salle des fêtes - 5 rue de la Mairie,60,élevée,un seul DAE déclaré | accessibilité publique non visible
Louye,Mairie - Louye,mairie.louye@wanadoo.fr,7 rue du Château,27650,Louye,https://lannuaire.service-public.gouv.fr/normandie/eure/48d0a9ee-6d3b-4a73-9285-e8563def4745,1,1,0,1,0,1,0,inconnu:1,7j/7 / 24h/24:1,entre les deux portes d'entrée mairie et logement:1,CLA223906845 - 7bis Rue du Chateau,60,élevée,un seul DAE déclaré | accessibilité publique non visible
Léry,Mairie - Léry,secretariat@communedelery.fr,47 rue du 11-Novembre,27690,Léry,https://lannuaire.service-public.gouv.fr/normandie/eure/e99f4a86-12d9-4c6c-a535-e428d75543a0,2,2,0,0,0,0,2,inconnu:2,"lundi, mardi, mercredi, jeudi, vendredi / heures ouvrables:1 | non renseigné / heures ouvrables:1",Gymnase Duhordel:1,CLA243518247 - 53bis Rue du 11 Novembre | ECURIE VOIE BLANCHE - 2 VOIE BLANCHE,60,élevée,couverture déclarée limitée | aucun DAE accessible 24h/24 | accessibilité publique non visible
Malouy,Mairie - Malouy,mairie.malouy@orange.fr,Le Bourg,27300,Malouy,https://lannuaire.service-public.gouv.fr/normandie/eure/5889010b-9a9f-4dac-9784-03127d33c01b,1,1,0,1,0,1,0,inconnu:1,7j/7 / 24h/24:1,sur la façade à côté de l'entrée - 7j/7 24h/24:1,Mairie de Malouy -  Le Bourg - Salle des fêtes - 66 Le Bourg,60,élevée,un seul DAE déclaré | accessibilité publique non visible
Mandeville,Mairie - Mandeville,mairie.mandeville@wanadoo.fr,Rue du Moulin-à-Vent,27370,Mandeville,https://lannuaire.service-public.gouv.fr/normandie/eure/4160afde-1a55-4dc3-8b75-ff7c0fb463d5,1,1,0,1,0,1,0,inconnu:1,7j/7 / 24h/24:1,Mur extérieur de la mairie - 7j/7 24h/24:1,Mairie de Mandeville - 1 rue du Moulin à Vent - Mur extérieur de la mairie - 1 rue du Moulin à Vent,60,élevée,un seul DAE déclaré | accessibilité publique non visible
Marais-Vernier,Mairie - Marais-Vernier,mairie.marais.vernier@wanadoo.fr,87 quartier de l'Église,27680,Marais-Vernier,https://lannuaire.service-public.gouv.fr/normandie/eure/a42dd1be-c7ce-482f-935c-d96c9fdda737,2,2,0,0,0,1,1,inconnu:2,non renseigné / non renseigné:1 | non renseigné / heures ouvrables:1,,DAE de la Salle communale / Mairie - 66 Quartier de l'église | DOMAINE DU MILIEU - 5 FERME DU MILIEU-D103,60,élevée,couverture déclarée limitée | aucun DAE accessible 24h/24 | accessibilité publique non visible
Mesnil-Rousset,Mairie - Mesnil-Rousset,mairie.mesnil.rousset27@wanadoo.fr,40 route de la Petite-Haye,27390,Mesnil-Rousset,https://lannuaire.service-public.gouv.fr/normandie/eure/22db0940-5b35-4115-8c9f-a075739cf44d,1,1,0,1,0,1,0,inconnu:1,7j/7 / 24h/24:1,FACADE SALLE DES FETES:1,SALLE DES FETES - 145 Route de la Haye,60,élevée,un seul DAE déclaré | accessibilité publique non visible
Mesnil-sous-Vienne,Mairie - Mesnil-sous-Vienne,mairie.mesnil.sous.vienne@orange.fr,Place de la Mairie,27150,Mesnil-sous-Vienne,https://lannuaire.service-public.gouv.fr/normandie/eure/9aa1824f-d6fe-46ca-bd74-67d72770e455,1,1,0,1,0,1,0,inconnu:1,7j/7 / 24h/24:1,,DAE MAIRIE MESNIL SOUS VIENNE - 1 PLACE DE LA MAIRIE,60,élevée,un seul DAE déclaré | accessibilité publique non visible
Morainville-Jouveaux,Mairie - Morainville-Jouveaux,mairie.morainville-jouveaux@cegetel.net,1 rue de la Mairie,27260,Morainville-Jouveaux,https://lannuaire.service-public.gouv.fr/normandie/eure/7ec3bb43-8617-4bb8-862a-f324c98967b2,1,1,0,1,0,1,0,inconnu:1,7j/7 / 24h/24:1,Porche de la salle des fêtes - 7j/7 24h/24:1,Mairie de Morainville Jouveaux - 1 rue de la Mairie - Le Village - 1 rue de la Mairie,60,élevée,un seul DAE déclaré | accessibilité publique non visible
Mouflaines,Mairie - Mouflaines,mairie.mouflaines@orange.fr,8 rue de la Tuilerie,27420,Mouflaines,https://lannuaire.service-public.gouv.fr/normandie/eure/1968f2a8-4874-4c57-a0f4-e5e5142dedfe,1,1,0,1,0,1,0,inconnu:1,7j/7 / 24h/24:1,,DAE MAIRIE DE MOUFLAINES - 8 RUE DE LA TUILERIE,60,élevée,un seul DAE déclaré | accessibilité publique non visible
Perruel,Mairie - Perruel,mairie.perruel@wanadoo.fr,82 rue du Général-de-Gaulle,27910,Perruel,https://lannuaire.service-public.gouv.fr/normandie/eure/c52fdf8d-5cdf-4c61-bd60-b5ec8f82b7f9,1,1,0,1,0,1,0,inconnu:1,7j/7 / 24h/24:1,Façade de la mairie de Perruel - 7j/7 24h/24:1,CC Lyons Andelle - 82 rue du Général de Gaulle - Façade de la mairie de Perruel - 82 rue du Général de Gaulle,60,élevée,un seul DAE déclaré | accessibilité publique non visible
Piseux,Mairie - Piseux,mairie.piseux@wanadoo.fr,Place de l'Église,27130,Piseux,https://lannuaire.service-public.gouv.fr/normandie/eure/f84e04cc-fa7e-40cf-b82f-0d4c26123ee0,2,2,0,0,0,0,2,inconnu:2,"lundi, mardi, mercredi, jeudi, vendredi / heures ouvrables:2",,DAE MICRO-CRECHE DE PISEUX - 2 LE BOURG | DAE MAIRIE DE PISEUX - PLACE DE L'EGLISE BP 105,60,élevée,couverture déclarée limitée | aucun DAE accessible 24h/24 | accessibilité publique non visible
Richeville,Mairie - Richeville,mairie.de.richeville@wanadoo.fr,59 route nationale 14,27420,Richeville,https://lannuaire.service-public.gouv.fr/normandie/eure/009198ce-13a5-4091-a62e-79a15893b5c8,1,1,0,1,0,1,0,inconnu:1,7j/7 / 24h/24:1,DAE fixé sur le mur de façade de la mairie école:1,DAE MAIRIE/ECOLE - 59 Rn14,60,élevée,un seul DAE déclaré | accessibilité publique non visible
Rouge-Perriers,Mairie - Rouge-Perriers,mairie@rougeperriers.fr,8 rue Grande,27110,Rouge-Perriers,https://lannuaire.service-public.gouv.fr/normandie/eure/d7bcaddd-8b20-489c-abb1-ed4c34828975,1,1,0,1,0,1,0,inconnu:1,7j/7 / 24h/24:1,sur le mur salle des fêtes en bordure de la rue - 7j/7 24h/24:1,Mairie de Rouge Perriers - 2 rue Cardin - Salle des fêtes - 2 rue Cardin,60,élevée,un seul DAE déclaré | accessibilité publique non visible
Saint-Antonin-de-Sommaire,Mairie - Saint-Antonin-de-Sommaire,mairie.stantonin@wanadoo.fr,2 place de la Mairie,27250,Saint-Antonin-de-Sommaire,https://lannuaire.service-public.gouv.fr/normandie/eure/332b6302-2c9b-417d-988a-bf15a794e9f3,1,1,0,1,0,1,0,inconnu:1,7j/7 / 24h/24:1,,DAE MAIRIE SAINT ANTONIN DE SOMMAIRE - 2 PLACE DE LA MAIRIE,60,élevée,un seul DAE déclaré | accessibilité publique non visible
Saint-Christophe-sur-Condé,Mairie - Saint-Christophe-sur-Condé,mairie.stchristophesurconde@orange.fr,3 place de la Mairie,27450,Saint-Christophe-sur-Condé,https://lannuaire.service-public.gouv.fr/normandie/eure/342f6a36-2b23-4885-8531-83a97c6d1432,1,1,0,1,0,1,0,inconnu:1,7j/7 / 24h/24:1,Façade mairie - 7j/7 24h/24:1,Mairie de St Christophe sur Conde - 10 rue de l’Ecole - Façade mairie - 10 rue de l’Ecole,60,élevée,un seul DAE déclaré | accessibilité publique non visible
Saint-Germain-des-Angles,Mairie - Saint-Germain-des-Angles,mairie-saintgermaindesangles@wanadoo.fr,Rue du Gué,27930,Saint-Germain-des-Angles,https://lannuaire.service-public.gouv.fr/normandie/eure/a7fae5be-ec4d-4dbd-99e2-fe008552e7c4,1,1,0,1,0,1,0,inconnu:1,7j/7 / 24h/24:1,Sur la façade:1,LE P'TIT CAFE DE PAYS - 4bis Rue de l’Iton,60,élevée,un seul DAE déclaré | accessibilité publique non visible
Saint-Jean-du-Thenney,Mairie - Saint-Jean-du-Thenney,mairie.saint.jean.du.thenney@wanadoo.fr,5 le Bourg,27270,Saint-Jean-du-Thenney,https://lannuaire.service-public.gouv.fr/normandie/eure/a026d616-0235-4493-b83f-c84eac985996,1,1,0,1,0,1,0,inconnu:1,7j/7 / 24h/24:1,A l'école - 7j/7 24h/24:1,Mairie de Saint Jean du Thenney - 1 le Bourg - A l'école - 1 le Bourg,60,élevée,un seul DAE déclaré | accessibilité publique non visible
Saint-Mards-de-Blacarville,Mairie - Saint-Mards-de-Blacarville,saint-mards-de-blacarville@wanadoo.fr,1 rue de la Mairie,27500,Saint-Mards-de-Blacarville,https://lannuaire.service-public.gouv.fr/normandie/eure/caca3865-4e09-48b7-8480-20e57e314d6c,1,1,0,1,0,1,0,inconnu:1,7j/7 / 24h/24:1,Façade salle des fêtes - 7j/7 24h/24:1,Mairie de Saint Mards de Blacarville - 1 rue de la Mairie - Façade salle des fêtes - 1 rue de la Mairie,60,élevée,un seul DAE déclaré | accessibilité publique non visible
Saint-Martin-Saint-Firmin,Mairie - Saint-Martin-Saint-Firmin,mairie.st-martin-st-firmin27@orange.fr,1 rue de la Hache,27450,Saint-Martin-Saint-Firmin,https://lannuaire.service-public.gouv.fr/normandie/eure/dfa283bc-78df-4eff-86a5-d0988b817d62,1,1,0,1,0,1,0,inconnu:1,7j/7 / 24h/24:1,Mairie côté terrain de pétanque - 7j/7 24h/24:1,Mairie de Saint Martin Saint Firmin -  Le Bourg - Mairie de Saint Martin Saint Firmin - 10 Le Bourg,60,élevée,un seul DAE déclaré | accessibilité publique non visible
Saint-Pierre-du-Val,Mairie - Saint-Pierre-du-Val,comune.stpierreduval@wanadoo.fr,294 route de la Mairie,27210,Saint-Pierre-du-Val,https://lannuaire.service-public.gouv.fr/normandie/eure/08bbca1a-2c4e-49cf-b44e-54d6cdf1d62f,1,1,0,1,0,1,0,inconnu:1,7j/7 / 24h/24:1,Abri bus sur le côté de la Mairie où il y a le panneau d'affichage - 7j/7 24h/24:1,MAIRIE DE SAINT PIERRE DU VAL - 294 route de la Mairie - Abri bus sur le côté de la Mairie où il y a le panneau d'affichage - 294 route de la Mairie,60,élevée,un seul DAE déclaré | accessibilité publique non visible
Saint-Symphorien,Mairie - Saint-Symphorien,mairie-st-symphorien@wanadoo.fr,165 rue des Quatre-Vents,27500,Saint-Symphorien,https://lannuaire.service-public.gouv.fr/normandie/eure/c97aa65a-c2f8-45d7-86b2-f7a5585a6a89,1,1,0,1,0,1,0,inconnu:1,7j/7 / 24h/24:1,Salle des fêtes côté pelouse hall d'entrée - 7j/7 24h/24:1,Mairie de Saint Symphorien - 165 rue des 4 vents - Salle des fêtes côté pelouse hall d'entrée - 165 rue des 4 vents,60,élevée,un seul DAE déclaré | accessibilité publique non visible
Saint-Étienne-sous-Bailleul,Mairie - Saint-Étienne-sous-Bailleul,com.st-etienne-ss-bailleul@orange.fr,2 place de la Mairie,27920,Saint-Étienne-sous-Bailleul,https://lannuaire.service-public.gouv.fr/normandie/eure/109df61e-c2db-41c3-b72e-a09181401fce,1,1,0,1,0,1,0,inconnu:1,7j/7 / 24h/24:1,sur le mur extérieur de la mairie - 7j/7 24h/24:1,Mairie de Saint Etienne Sous Bailleul - 2 place de la Mairie - sur le mur extérieur de la mairie - 2 place de la Mairie,60,élevée,un seul DAE déclaré | accessibilité publique non visible
Sainte-Opportune-du-Bosc,Mairie - Sainte-Opportune-du-Bosc,mairie.steopportunedubosc@wanadoo.fr,1 place de la Mairie,27110,Sainte-Opportune-du-Bosc,https://lannuaire.service-public.gouv.fr/normandie/eure/f26ed133-ea35-43aa-824c-52cb0d075111,2,2,0,0,0,0,2,inconnu:2,"non renseigné / heures ouvrables:1 | 7j/7, événements / heures ouvrables:1",Dans véhicule - 7j/7 Selon déplacement du véhicule + évènements:1,MAIRIE DE SAINTE OPPORTUNE DU BOSC - 1 PL DE LA MAIRIE | Clim Elec - 11 route du Vallon - Dans véhicule - 11 route du Vallon,60,élevée,couverture déclarée limitée | aucun DAE accessible 24h/24 | accessibilité publique non visible
Sancourt,Mairie - Sancourt,mairie.sancourt27@pole-secretariat.fr,2 rue Saint-Clair,27150,Sancourt,https://lannuaire.service-public.gouv.fr/normandie/eure/fbeb9db2-863b-4fee-9bf1-f37f6c211f02,1,1,0,1,0,1,0,inconnu:1,7j/7 / 24h/24:1,Mur/Façade de la Mairie - 7j/7 24h/24:1,Mairie de Sancourt - 2 rue Saint-Clair - Mairie de Sancourt - 2 rue Saint-Clair,60,élevée,un seul DAE déclaré | accessibilité publique non visible
Selles,Mairie - Selles,mairiedeselles@wanadoo.fr,1 place de la Mairie,27500,Selles,https://lannuaire.service-public.gouv.fr/normandie/eure/0a6d39c1-6ed5-44e1-820b-3a9681f38dae,1,1,0,1,0,1,0,inconnu:1,7j/7 / 24h/24:1,sous l'apprenti  à l'entrée - 7J/7 24h/24:1,Mairie de Selles - 37 route de la Canurie - Périscolaire - 37 route de la Canurie,60,élevée,un seul DAE déclaré | accessibilité publique non visible
Tournedos-Bois-Hubert,Mairie - Tournedos-Bois-Hubert,mairietbh@orange.fr,9 rue de la Gendarmerie,27180,Tournedos-Bois-Hubert,https://lannuaire.service-public.gouv.fr/normandie/eure/94a860c0-1779-4b48-8003-9a7fcbf1636f,1,1,0,1,0,1,0,inconnu:1,7j/7 / 24h/24:1,Contre le mur de la Garderie - 7j/7 24h/24:1,Mairie de Tournedos Bois Hubert - 9 rue de la Gendarmerie - Contre le mur de la Garderie - 9 rue de la Gendarmerie,60,élevée,un seul DAE déclaré | accessibilité publique non visible
Tourneville,Mairie - Tourneville,contact@tourneville.fr,Route de la Vallée,27930,Tourneville,https://lannuaire.service-public.gouv.fr/normandie/eure/9deea3d2-c6d9-4654-868f-360f369275e2,1,1,0,1,0,1,0,inconnu:1,7j/7 / 24h/24:1,,MAIRIE - TOURNEVILLE - 17 Route de la Vallée,60,élevée,un seul DAE déclaré | accessibilité publique non visible
Vannecrocq,Mairie - Vannecrocq,mairie.vannecrocq@orange.fr,"1, place de la Mairie",27210,Vannecrocq,https://lannuaire.service-public.gouv.fr/normandie/eure/4e6b1b08-4760-4ad7-865c-20201f45555e,1,1,0,1,0,1,0,inconnu:1,7j/7 / 24h/24:1,mur de la salle communale - 7j/7 24h/24:1,Mairie de Vannecrocq -  Place de la Mairie - mur de la salle communale - 1 Place de la Mairie,60,élevée,un seul DAE déclaré | accessibilité publique non visible
Villers-sur-le-Roule,Mairie - Villers-sur-le-Roule,mairie@villerssurleroule.fr,13 rue Rosée,27940,Villers-sur-le-Roule,https://lannuaire.service-public.gouv.fr/normandie/eure/8e118f0a-422d-4be1-9f1c-949344dffa68,1,1,0,1,0,1,0,inconnu:1,7j/7 / 24h/24:1,porche porte d'entrée Mairie - 7j/7 24h/24:1,Mairie de Villers sur le Roule - 13 rue Rosée - porche porte d'entrée Mairie - 13 rue Rosée,60,élevée,un seul DAE déclaré | accessibilité publique non visible
Villettes,Mairie - Villettes,mairie-villettes@orange.fr,Rue Principale,27110,Villettes,https://lannuaire.service-public.gouv.fr/normandie/eure/3b74b503-fb3d-4235-a643-65974e2dc3f2,1,1,0,1,0,1,0,inconnu:1,7j/7 / 24h/24:1,Sur le mur - 7j/7 24h/24:1,Mairie de Villettes - 28 Bis rue Principale - Salle Polyvalente - 28 Bis rue Principale,60,élevée,un seul DAE déclaré | accessibilité publique non visible
Villez-sur-le-Neubourg,Mairie - Villez-sur-le-Neubourg,mairiedevillezsurleneubourg@wanadoo.fr,Rue Valle,27110,Villez-sur-le-Neubourg,https://lannuaire.service-public.gouv.fr/normandie/eure/294e928e-964d-411a-80cc-3c56f7e64407,1,1,0,1,0,1,0,inconnu:1,7j/7 / 24h/24:1,Près de la porte d'entrée de la mairie - 7j/7 24h/24:1,Mairie de Villez sur le Neubourg -  Rue Valle - Près de la porte d'entrée de la mairie - 1 Rue Valle,60,élevée,un seul DAE déclaré | accessibilité publique non visible
Voiscreville,Mairie - Voiscreville,mairie-voiscreville@wanadoo.fr,Route de Boissey,27520,Voiscreville,https://lannuaire.service-public.gouv.fr/normandie/eure/f881b097-a1b7-4cad-8386-ee5c02cb0bb9,1,1,0,1,0,1,0,inconnu:1,7j/7 / 24h/24:1,mur façade nord-est de la mairie - 7j/7 24h/24:1,Mairie de Voiscreville -  Route de Boissey - Mairie de Voiscreville(2) - 1 Route de Boissey,60,élevée,un seul DAE déclaré | accessibilité publique non visible
Vraiville,Mairie - Vraiville,mairie.vraiville@orange.fr,19 rue de la Mairie,27370,Vraiville,https://lannuaire.service-public.gouv.fr/normandie/eure/a9896c23-948b-4c72-880d-38142a0d86ca,1,1,0,1,0,1,0,inconnu:1,7j/7 / 24h/24:1,Porche d'entrée mairie - 7j/7 24h/24:1,Mairie de Vraiville - 19 Rue de la Mairie - Porche d'entrée mairie - 19 Rue de la Mairie,60,élevée,un seul DAE déclaré | accessibilité publique non visible
Écardenville-la-Campagne,Mairie - Écardenville-la-Campagne,mairiecardenville@wanadoo.fr,5 A rue de la Forge,27170,Écardenville-la-Campagne,https://lannuaire.service-public.gouv.fr/normandie/eure/923324b3-fad0-4eed-bd8f-657e5c53193f,1,1,0,1,0,1,0,inconnu:1,7j/7 / 24h/24:1,sur le mur de la mairie près de l'entrée - 7j/7 24h/24:1,Mairie d'Ecardenville la Campagne - 8 rue de La Forge - sur le mur de la mairie près de l'entrée - 8 rue de La Forge,60,élevée,un seul DAE déclaré | accessibilité publique non visible
Épreville-près-le-Neubourg,Mairie - Épreville-près-le-Neubourg,mairie-epreville-pres-le-neubourg@wanadoo.fr,8 rue de la Mairie,27110,Épreville-près-le-Neubourg,https://lannuaire.service-public.gouv.fr/normandie/eure/37e368a7-a8a5-4c72-a634-4cd86ead840f,1,1,0,1,0,1,0,inconnu:1,7j/7 / 24h/24:1,Entrée - 7j/7 24h/24:1,Mairie d'Epreville Pres le Neubourg - 8 rue de la Mairie - Salle Suzanne Fouché - 8 rue de la Mairie,60,élevée,un seul DAE déclaré | accessibilité publique non visible
Aulnay-sur-Iton,Mairie - Aulnay-sur-Iton,mairie.aulnaysuriton@orange.fr,2 rue de Boutigny,27180,Aulnay-sur-Iton,https://lannuaire.service-public.gouv.fr/normandie/eure/37df2f5d-47e4-4382-8ff4-ac336a465110,1,1,0,1,1,1,0,inconnu:1,7j/7 / 24h/24:1,Sous l'entrée de la salle des fêtes:1,DAE SALLE DES FÊTES - 5 rue de la Vallée,45,élevée,un seul DAE déclaré
Bosgouet,Mairie - Bosgouet,secretariat@mairie-bosgouet.fr,268 rue du Village,27310,Bosgouet,https://lannuaire.service-public.gouv.fr/normandie/eure/a494efba-e5d5-4d55-b38b-6c951d53c615,2,2,0,0,1,0,2,inconnu:2,"lundi, mardi, mercredi, jeudi, vendredi, samedi / heures ouvrables:1 | lundi, mardi, mercredi, jeudi, vendredi / heures ouvrables:1",Au comptoir:1 | Salle photocopie - L au V 8h30/17h30:1,CLA222605978 - 61 Rue Caillemare | COGEBS ADEC Europe Bosgouet - 62 rue de l'Avenir - Salle photocopie - 62 rue de l'Avenir,45,élevée,couverture déclarée limitée | aucun DAE accessible 24h/24
Brosville,Mairie - Brosville,brosville.mairie@wanadoo.fr,Place de la Mairie,27930,Brosville,https://lannuaire.service-public.gouv.fr/normandie/eure/9dba6cfb-1be1-4229-b938-1719c715482a,1,1,0,1,1,1,0,inconnu:1,7j/7 / 24h/24:1,L'APPAREIL SE SITUE SUR LA FACADE DE LA MAIRIE:1,DAE MAIRIE DE BROSVILLE - 1 Rue DE LA MAIRIE,45,élevée,un seul DAE déclaré
Bézu-Saint-Éloi,Mairie - Bézu-Saint-Éloi,mairie.bezu.st.eloi@wanadoo.fr,22 bis route de Gisors,27660,Bézu-Saint-Éloi,https://lannuaire.service-public.gouv.fr/normandie/eure/206bc845-e503-4bfb-8907-f811d91051ad,2,2,0,0,1,1,1,inconnu:2,"lundi, mardi, mercredi, jeudi, vendredi / heures ouvrables:1 | lundi, mardi, mercredi, jeudi, vendredi, samedi / heures ouvrables:1",Entrée du site Extérieur de la grille - 7j/7 24h/24:1,All Sun - 10 rue Chasse Maree - Entrée du site Extérieur de la grille - 10 rue Chasse Maree | BIGMAT MVR « AG BEZU » - 1 Impasse des Bourguignons,45,élevée,couverture déclarée limitée | aucun DAE accessible 24h/24
Capelle-les-Grands,Mairie - Capelle-les-Grands,mairie-capelles-les-grands@orange.fr,1 place des Canadiens,27270,Capelle-les-Grands,https://lannuaire.service-public.gouv.fr/normandie/eure/1fffa573-9a43-430c-b772-4b1e3d1ef646,1,1,0,1,1,1,0,inconnu:1,7j/7 / 24h/24:1,,DAE MAIRIE - 1 Place des Canadiens,45,élevée,un seul DAE déclaré
Glisolles,Mairie - Glisolles,mairie@glisolles.fr,16 rue du Duc-de-Clermont-Tonnerre,27190,Glisolles,https://lannuaire.service-public.gouv.fr/normandie/eure/ad512557-093f-4efe-a9ad-20450c2062c2,1,1,0,1,1,1,0,inconnu:1,7j/7 / 24h/24:1,Entrée mairie - 7j/7 24h/24:1,Mairie de Glisolles - 16 rue du Duc de Clermont Tonnerre - Salle des Fêtes - 16 rue du Duc de Clermont Tonnerre,45,élevée,un seul DAE déclaré
Graveron-Semerville,Mairie - Graveron-Semerville,mairiegraveronsemerville@orange.fr,1 avenue de la Turgère,27110,Graveron-Semerville,https://lannuaire.service-public.gouv.fr/normandie/eure/253ea152-38b6-4d85-b2ee-353d3860ebe7,1,1,0,1,1,1,0,inconnu:1,7j/7 / 24h/24:1,façade de la salle des fêtes - 7j/7 24h/24:1,Mairie de Graveron Semerville - 1 avenue de la Turgere - Mairie de Graveron Semerville - 1 avenue de la Turgere,45,élevée,un seul DAE déclaré
Le Fidelaire,Mairie - Le Fidelaire,mairielefidelaire@orange.fr,7 rue de la Mairie,27190,Le Fidelaire,https://lannuaire.service-public.gouv.fr/normandie/eure/6e64e76d-ea53-493b-b8c0-992b9d1403a9,2,2,0,0,2,0,2,inconnu:2,"lundi, mardi, mercredi, jeudi, vendredi / heures ouvrables:1 | événements, lundi, mardi, mercredi, jeudi, vendredi / heures ouvrables:1","Entrée, à droite - L au V 8h/18h:1 | Accessible en fonction de l'occupation par les associations, en fonction de la présence des employés communaux et lors d'évènements le week-end ou les jours fériés:1",CC du Pays de Conches -  Rue des Buissonnets - Crèche les Lucioles - 12 Rue des Buissonnets | DAE SALLE DES FETES - 2 Rue de la Mairie,45,élevée,couverture déclarée limitée | aucun DAE accessible 24h/24
Le Noyer-en-Ouche,Mairie - Le Noyer-en-Ouche,mairie.lenoyer1@orange.fr,4 rue de la Mairie,27410,Le Noyer-en-Ouche,https://lannuaire.service-public.gouv.fr/normandie/eure/08f63c23-71ac-4bc3-9b54-2a98ca88ccaf,1,1,0,1,1,1,0,inconnu:1,7j/7 / 24h/24:1,Mur de l'église face à la mairie:1,DEA Eglise - 2 Rue de la Mairie,45,élevée,un seul DAE déclaré
Le Torpt,Mairie - Le Torpt,mairie.letorpt@orange.fr,1 place de la Mairie,27210,Le Torpt,https://lannuaire.service-public.gouv.fr/normandie/eure/995f7eb6-1d08-4ec6-8133-70e063ea097e,1,1,0,1,1,1,0,inconnu:1,7j/7 / 24h/24:1,Mairie - 7j/7 24h/24:1,Mairie de Le Torpt - 1 place de la Mairie - Mairie - 1 place de la Mairie,45,élevée,un seul DAE déclaré
Mairie déléguée - Portejoie,Mairie déléguée - Portejoie,mairie.portedeseine@orange.fr,Portejoie 7 Rue des Magnans,27430,Porte-de-Seine,https://lannuaire.service-public.gouv.fr/normandie/eure/f7dcb84b-bf39-43ff-aa04-996fa4019f21,2,2,0,0,1,0,2,inconnu:2,"lundi, mardi, mercredi, jeudi, vendredi / heures ouvrables:1 | non renseigné / heures ouvrables:1",Réfectoire - L au V 7h/15h:1,Lafarge Granulats -  Route de Beausoleil - Carrière - Route de Beausoleil | MANOIR DE PORTEJOIE - 10 LIEU DIT PORT PINCHE,45,élevée,couverture déclarée limitée | aucun DAE accessible 24h/24
Mandres,Mairie - Mandres,nouscontacter@mandres.fr,Place de l'Église,27130,Mandres,https://lannuaire.service-public.gouv.fr/normandie/eure/b03a7a75-2250-43ac-991f-0203906837ef,1,1,0,1,1,1,0,inconnu:1,7j/7 / 24h/24:1,Entrée de la mairie - 7j/7 24h/24:1,Mairie de Mandres - 5 place de l'Eglise - Entrée de la mairie - 5 place de l'Eglise,45,élevée,un seul DAE déclaré
Pullay,Mairie - Pullay,pullay@wanadoo.fr,2 rue des Rossignols,27130,Pullay,https://lannuaire.service-public.gouv.fr/normandie/eure/43c6059e-7705-4fbd-8670-da19d69e8af1,2,2,0,0,1,0,2,inconnu:2,"7j/7 / heures ouvrables:1 | lundi, mardi, mercredi, jeudi, vendredi / heures ouvrables:1",DAE accessible au public au heure d'ouverture.:1,Center parc dôme | ASS TIREURS SPORTIFS DU PAYS VERNEUIL - 10 Impasse des Saules,45,élevée,couverture déclarée limitée | aucun DAE accessible 24h/24
Acquigny,Mairie - Acquigny,mairie@ville-acquigny.fr,14 rue Aristide-Briand,27400,Acquigny,https://lannuaire.service-public.gouv.fr/normandie/eure/c7c0361d-05b7-4444-9804-9d6b738b838a,5,5,0,0,0,0,5,inconnu:5,"lundi, mardi, jeudi, vendredi / heures ouvrables:3 | lundi, mardi, mercredi, jeudi, vendredi / heures ouvrables:1 | événements / heures ouvrables:1",ECOLE:1 | ESPACE GUY LHEUREUX:1 | CANTINE:1,CLA214903323 - 6 Rue de la Gourmandise | CLA214903313 - 6 Rue de la Gourmandise | CLA214902953 - Rue des Bergeronnettes | CLA214902911 - 14 Rue Aristide Briand | CLA214903148 - Rue de l'Eglise,40,élevée,aucun DAE accessible 24h/24 | accessibilité publique non visible
Boisset-les-Prévanches,Mairie - Boisset-les-Prévanches,boisset.prevanches@wanadoo.fr,1 rue de la Mairie,27120,Boisset-les-Prévanches,https://lannuaire.service-public.gouv.fr/normandie/eure/41eea0b1-d836-4811-812d-8c5523e6aba4,3,3,0,0,0,0,3,inconnu:3,non renseigné / heures ouvrables:3,,ECOLE - 4 RUE DE LA MAIRIE | PATRIMOINE DES MARCHES - CHATEAU DES PREVANCHES | BOISSET LES PREVANCHES - 1 RUE DE LA MAIRIE,40,élevée,aucun DAE accessible 24h/24 | accessibilité publique non visible
Bourth,Mairie - Bourth,mairie@bourth.fr,3 avenue de l'Europe,27580,Bourth,https://lannuaire.service-public.gouv.fr/normandie/eure/de4be02f-ecdd-489b-905b-659b1d01d3ea,3,3,0,0,0,0,3,inconnu:3,"non renseigné / non renseigné:2 | lundi, mardi, mercredi, jeudi, vendredi / heures ouvrables:1",,DAE de la Maison médicale - 1 rue Creuse | DAE des Pompiers - 8 rue du Cimetière | DAE MAISON MEDICALE BONNETTE - 8 RUE CREUSE,40,élevée,aucun DAE accessible 24h/24 | accessibilité publique non visible
Breteuil,Mairie - Breteuil,mairie-breteuil@breteuil27.fr,Rue Hückelhoven,27160,Breteuil,https://lannuaire.service-public.gouv.fr/normandie/eure/8fa979a3-7ef1-4596-9f2c-2bca64210c87,7,7,0,0,0,0,7,inconnu:7,"lundi, mardi, mercredi, jeudi, vendredi / heures ouvrables:6 | lundi, mardi, mercredi, jeudi, vendredi, samedi / heures ouvrables:1",ACCUEIL:1,DAE PISCINE BRETEUIL - 195 RUE DES ROSIERS | DAE SALLE MULTISPORT DE BRETEUIL - 181 RUE DES ROSIERS | DAE CRECHE DE BRETEUIL - 293 RUE MODESTE LEROY | DAE ALSH DE BRETEUIL - CENTRE DE LOISIRS - 262 RUE MODESTE LEROY | DAE MAISON DE SANTE DE BRETEUIL - 97 RUE ARISTIDE BRIAND,40,élevée,aucun DAE accessible 24h/24 | accessibilité publique non visible
Broglie,Mairie - Broglie,mairie-broglie@wanadoo.fr,Place des Trois-Maréchaux,27270,Broglie,https://lannuaire.service-public.gouv.fr/normandie/eure/04771ee0-f686-439e-8eb6-7582ddce92b8,4,4,0,0,0,0,4,inconnu:4,"non renseigné / heures ouvrables:2 | lundi, mardi, mercredi, jeudi, vendredi, samedi / heures ouvrables:1 | lundi, vendredi, mardi, mercredi, jeudi / heures ouvrables:1",ATELIER:1,4347 - 2bis 2bis Route de Ferrieres Saint Hilaire 27270 Broglie | APLIFIL - 2 Rue de l'Arquerie | Boucherie BBC - 3 PLACE DES 3 MARECHAUX | DOSSCHE NICOLAS - 21 RUE AUGUSTIN FRESNEL,40,élevée,aucun DAE accessible 24h/24 | accessibilité publique non visible
Gaudreville-la-Rivière,Mairie - Gaudreville-la-Rivière,mairie.gaudreville@wibox.fr,Rue de la Vigne 1 Pré-du-Sec-Iton,27190,Gaudreville-la-Rivière,https://lannuaire.service-public.gouv.fr/normandie/eure/d3c9b859-ddb0-4597-8a7b-e0c2c43f65d6,3,3,0,0,0,0,3,inconnu:3,"lundi, mardi, mercredi, jeudi, vendredi / heures ouvrables:3",,ADAPEI 27 LES MURETS - 9 Rue de la Mairie | ADAPEI 27 LES MURETS - 9 Rue de la Mairie | DAE RESIDENCE LES MURETS - 9 Rue de la Mairie,40,élevée,aucun DAE accessible 24h/24 | accessibilité publique non visible
Houville-en-Vexin,Mairie - Houville-en-Vexin,mairie.houville27@orange.fr,4 rue des Iris,27440,Houville-en-Vexin,https://lannuaire.service-public.gouv.fr/normandie/eure/0db820dc-e0e2-40c4-8eb3-9e4dfa5c57d3,3,3,0,0,0,0,3,inconnu:3,"non renseigné / non renseigné:1 | événements / heures ouvrables:1 | lundi, mardi, mercredi, jeudi, vendredi / heures ouvrables:1",Au niveau du podium - Selon évènements:1 | local agréage silo:1,DAE de la Salle des Fêtes - 7 rue des Primevères | CC Lyons Andelle -  Rue des Primevères - Au niveau du podium - 1 Rue des Primevères | CLA235114507 - 30 Rue des Lilas,40,élevée,aucun DAE accessible 24h/24 | accessibilité publique non visible
La Vieille-Lyre,Mairie - La Vieille-Lyre,mairie.vieillelyre@orange.fr,3 rue Saint-Pierre,27330,La Vieille-Lyre,https://lannuaire.service-public.gouv.fr/normandie/eure/3161ed6b-c97f-45c2-a528-b8bf7b616428,3,3,0,0,0,0,3,inconnu:3,"lundi, mardi, mercredi, jeudi, vendredi / heures ouvrables:3",,DAE GITE - 2 PLACE DE L'EGLISE | DAE SALLE DES FETES - 1 ROUTE DES GRANDS PRES | DAE GYMNASE DE LYRE - 11 ROUTE GUERNANVILLE,40,élevée,aucun DAE accessible 24h/24 | accessibilité publique non visible
Le Lesme,Mairie - Le Lesme,mairielelesme27@orange.fr,Mairie de Sainte-Marguerite-de-l'Autel 8 rue de l'Église,27160,Le Lesme,https://lannuaire.service-public.gouv.fr/normandie/eure/643568b6-6d61-480e-8aa7-9dc0a193f809,5,5,0,0,0,0,5,inconnu:5,"lundi, mardi, mercredi, jeudi, vendredi / heures ouvrables:4 | non renseigné / heures ouvrables:1",,DAE SALLE DES FETES - 29 RUE DE L'EGLISE | DAE ECOLE DE LESME - STE MARGUERITE DE L'AUTEL - 33 GRANDE RUE STE MARGUERITE L'AUTEL | DAE MAIRIE DE STE MARGUERITE DE L'AUTEL - 8 RUE DE L'EGLISE | DAE LOGEMENT COMMUNAL - 29 RUE DU LESME-EN FACE DE L'EGLISE GUERNANVILLE | ECURIE JULIE DAUCOURT - 281 RUE DES SEPT MARES,40,élevée,aucun DAE accessible 24h/24 | accessibilité publique non visible
Marcilly-sur-Eure,Mairie - Marcilly-sur-Eure,mairie@marcillysureure.com,Route de Dreux,27810,Marcilly-sur-Eure,https://lannuaire.service-public.gouv.fr/normandie/eure/ad1129bd-7329-4f59-bbb2-3d166338c5dc,3,3,0,0,0,0,3,inconnu:3,lundi / heures ouvrables:2 | non renseigné / heures ouvrables:1,Dans le local arbitre 3ème porte à droite dans le hall:1 | Sous le préparatoire:1,DAE DE LA SALLE DES SPORTS - 1 Allée des Tilleuls | DAE de la Pharmacie des 3 routes - 80 route de Dreux | LE-DIFFON FREDERIC - 12 RUE DE DREUX,40,élevée,aucun DAE accessible 24h/24 | accessibilité publique non visible
Mesnil-en-Ouche,Mairie - Mesnil-en-Ouche,commune-nouvelle@mesnil-en-ouche.fr,Beaumesnil 44 rue du Château,27410,Mesnil-en-Ouche,https://lannuaire.service-public.gouv.fr/normandie/eure/8cbc5102-6f03-4f3f-92e3-3ece164b89c5,19,19,0,0,0,15,4,inconnu:19,non renseigné / non renseigné:16 | non renseigné / heures ouvrables:3,,Ajou - Route de Bernay | Bosc-Renoult-en-Ouche - 1 La Butte de l’Eglise | Beaumesnil - 44 Rue du Château - Beaumesnil | La Barre-en-Ouche - 2 Place de la Salle des Fêtes - La Barre-en-Ouche | Granchain - 1 Place Liberge de Granchain - Granchain,40,élevée,aucun DAE accessible 24h/24 | accessibilité publique non visible
Mesnil-sur-l'Estrée,Mairie - Mesnil-sur-l'Estrée,mairie@mesnillestree.fr,15 Grande-Rue,27650,Mesnil-sur-l'Estrée,https://lannuaire.service-public.gouv.fr/normandie/eure/e78f361e-37aa-46a0-a71e-0f8892a42ea2,3,3,0,0,0,0,3,inconnu:3,"7j/7 / heures ouvrables:1 | lundi, mardi, mercredi, jeudi, vendredi / heures ouvrables:1 | non renseigné / heures ouvrables:1",Facade Mairie:1,CLA222205453 - 8 Chemin des Briquettes | MAIRIE - 15 Grande Rue | MAN PRO - 2 B ROUTE DE SAINT ANDRE,40,élevée,aucun DAE accessible 24h/24 | accessibilité publique non visible
Muids,Mairie - Muids,mairiemuids@wanadoo.fr,Place Émile-Dupont,27430,Muids,https://lannuaire.service-public.gouv.fr/normandie/eure/cee00fbf-edad-403a-beea-4414ed207685,3,3,0,0,0,0,3,inconnu:3,"lundi, mardi, mercredi, jeudi, vendredi / heures ouvrables:2 | non renseigné / heures ouvrables:1",Réfectoire bas - L au J 7h/15h V 7h/12h:1 | Réfectoire - L au V 6h/22h:1,Lafarge Granulats -  Rue de la Voie - Réfectoire bas - Rue de la Voie | Lafarge Granulats -  Route de la ferme blanche - Carrière de Muids Haut - Route de la ferme blanche | COMMUNE DE MUIDS - PLACE EMILE DUPONT,40,élevée,aucun DAE accessible 24h/24 | accessibilité publique non visible
Rosay-sur-Lieure,Mairie - Rosay-sur-Lieure,mairie-rosay-sur-lieure@orange.fr,34 rue Principale,27790,Rosay-sur-Lieure,https://lannuaire.service-public.gouv.fr/normandie/eure/75693112-65ec-4ec0-82dd-616b381b60ad,3,3,0,0,0,1,2,inconnu:3,non renseigné / non renseigné:3,,DAE de la Salle des fêtes de Rosay-Sur-Lieure - 11 rue des écoles-rue sente des jardins | DAE Mairie de Rosay sur Lieure - 36 rue Principale | Mairie de Rosay sur Lieure - 36 rue principale,40,élevée,aucun DAE accessible 24h/24 | accessibilité publique non visible
Saint-Georges-Motel,Mairie - Saint-Georges-Motel,saint.georges.motel@wanadoo.fr,1 rue de la Coudanne,27710,Saint-Georges-Motel,https://lannuaire.service-public.gouv.fr/normandie/eure/ce9be2d3-db24-4236-870e-aa1aace471fe,5,5,0,0,0,0,5,inconnu:5,"lundi, mardi, mercredi, jeudi, vendredi, samedi, dimanche / heures ouvrables:2 | lundi, mardi, mercredi, jeudi, vendredi / heures ouvrables:1 | événements / heures ouvrables:1",En face l entrée:1 | Dans la salle du stade:1 | batiment principal / 8h30 - 16h30:1,FRED PA-1 ENTIEREMENT AUTOMATIQUE - 10 10 rue macilly | FRED PA-1 ENTIEREMENT AUTOMATIQUE - 1 Route dabo'dant | Home Mickael - 11 Route de Louye | Home Charlotte - 11 Route de Louye | Home Charlotte - 11 Route de Louye,40,élevée,aucun DAE accessible 24h/24 | accessibilité publique non visible
Saint-Léger-de-Rôtes,Mairie - Saint-Léger-de-Rôtes,mairiestlegerderotes@nordnet.fr,7 rue des Tisserands,27300,Saint-Léger-de-Rôtes,https://lannuaire.service-public.gouv.fr/normandie/eure/63d12b5e-49ca-4ade-a224-b3093973eab6,9,9,0,0,0,0,9,inconnu:9,événements / heures ouvrables:9,sac de secours - selon déplacements:6 | sac de secours - Selon déplacements:2 | dans l'ancienne école - Itinérant sur postes de secours selon les manifestations:1,Sauveteurs Secouristes Risle Charentonne - 21 rue des Tisserands - sac de secours - 21 rue des Tisserands | Sauveteurs Secouristes Risle Charentonne - 21 rue des Tisserands - dans l'ancienne école - 21 rue des Tisserands | Sauveteurs Secouristes Risle Charentonne - 21 rue des Tisserands - sac de secours - 21 rue des Tisserands | Sauveteurs Secouristes Risle Charentonne - 21 rue des Tisserands - sac de secours - 21 rue des Tisserands | Sauveteurs Secouristes Risle Charentonne - 21 rue des Tisserands - sac de secours - 21 rue des Tisserands,40,élevée,aucun DAE accessible 24h/24 | accessibilité publique non visible
Saint-Ouen-de-Thouberville,Mairie - Saint-Ouen-de-Thouberville,mairie.saintouenthouberville@wanadoo.fr,131 route Nationale,27310,Saint-Ouen-de-Thouberville,https://lannuaire.service-public.gouv.fr/normandie/eure/ee1fb559-0096-4bab-b633-2851944cf9f3,3,3,0,0,0,0,3,inconnu:3,"lundi, mardi, mercredi, jeudi, vendredi, samedi / heures ouvrables:2 | événements / heures ouvrables:1",dans la couloir de la salle de réception - selon évènements:1 | à l'entrée du restaurant - L au S 6h/21h:1,1512 - 118 118 Route Nationale 27310 Saint-Ouen-de-Thouberville | HP3A - 11 rue des Souches - dans la couloir de la salle de réception - 11 rue des Souches | Chausey - Le Caen Paris - 1 route Nationale - Restaurant le Caen Paris - 1 route Nationale,40,élevée,aucun DAE accessible 24h/24 | accessibilité publique non visible
Ézy-sur-Eure,Mairie - Ézy-sur-Eure,mairie@villeezysureure.fr,Rue Octave-Lenoir,27530,Ézy-sur-Eure,https://lannuaire.service-public.gouv.fr/normandie/eure/46abf740-b25e-4d17-9a03-9435ba9b7558,3,3,0,0,0,0,3,inconnu:3,"non renseigné / non renseigné:1 | lundi, mardi, mercredi, jeudi, vendredi / heures ouvrables:1 | lundi, mardi, mercredi, jeudi, vendredi, événements / heures ouvrables:1",Dans le sas d?entrée:1 | Hall:1,DAE de l'Espace Culturel et Sportif - 1 Rue de la Petite Vitesse | FRED PA-1 ENTIEREMENT AUTOMATIQUE - 21 rue de la république | CLA214902502 - 4 Rue du Parc,40,élevée,aucun DAE accessible 24h/24 | accessibilité publique non visible
Aizier,Mairie - Aizier,mairie.aizier@orange.fr,65 route des Chaumières,27500,Aizier,https://lannuaire.service-public.gouv.fr/normandie/eure/29cbd54b-c863-48ef-b967-2847e904504b,2,2,0,1,0,1,1,inconnu:2,"7j/7 / 24h/24:1 | lundi, mardi, mercredi, jeudi, vendredi / heures ouvrables:1",65 route des Chaumières 27500 AIZIER:1 | Devant la mairie:1,DAE DE LA MAIRIE D'AIZIER - 65 route des chaumières | DEFIBRILLATEUR AUTOMATIQUE - 2 65 route des chaumière,35,modérée,couverture déclarée limitée | accessibilité publique non visible
Authevernes,Mairie - Authevernes,mairie@authevernes.fr,2 place de l'Église,27420,Authevernes,https://lannuaire.service-public.gouv.fr/normandie/eure/a172c3df-7a50-4a43-bd3b-f64a461f18b7,2,2,0,1,0,1,1,inconnu:2,"7j/7 / 24h/24:1 | lundi, mardi, mercredi, jeudi, vendredi / heures ouvrables:1",,DAE SALLE DES FETES - MAIRIE AUTHEVERNES - RUE DU BOUT D'EN BAS | DAE CBN AUTHEVERNES - lieu-dit les Mureaux CARRIERES DES MUREAUX,35,modérée,couverture déclarée limitée | accessibilité publique non visible
Campigny,Mairie - Campigny,mairie.campigny27@orange.fr,10 place de la Pelouse,27500,Campigny,https://lannuaire.service-public.gouv.fr/normandie/eure/af997c3a-cacf-4bb9-b990-4f17ffe7f723,2,2,0,1,0,1,1,inconnu:2,7j/7 / 24h/24:1 | samedi / heures ouvrables:1,A l'arrière de la mairie. - 7j/7 24h/24:1 | Proximité du bar de la salle - Samedi Selon évènements:1,Mairie de Campigny - 10 place de la Pelouse - A l'arrière de la mairie. - 10 place de la Pelouse | Mairie de Campigny - 99 Chemin de la Motte - Proximité du bar de la salle - 99 Chemin de la Motte,35,modérée,couverture déclarée limitée | accessibilité publique non visible
Caugé,Mairie - Caugé,secretariat@mairie-cauge.fr,1 place Saint-Blaise,27180,Caugé,https://lannuaire.service-public.gouv.fr/normandie/eure/f33c0fba-d323-404a-8abd-afdc88b7baa7,2,2,0,1,0,1,1,inconnu:2,événements / heures ouvrables:1 | 7j/7 / 24h/24:1,Accueil:1 | Sous les halls ouverte.:1,SALLE DES FETES - 50 Route de la Neuville | LES HALLES - 2 Route de la Bonneville,35,modérée,couverture déclarée limitée | accessibilité publique non visible
Chennebrun,Mairie - Chennebrun,mairie.chennebrun@gmail.com,8-10 place du Marché,27820,Chennebrun,https://lannuaire.service-public.gouv.fr/normandie/eure/a22e1d86-48cf-480c-933b-76e89ae15b3a,2,2,0,1,0,1,1,inconnu:2,"lundi, mardi, mercredi, jeudi, vendredi / heures ouvrables:1 | 7j/7 / 24h/24:1",,DAE MAIRIE DE CHENNEBRUN - 10 8-10 PLACE DU MARCHE | DAE ECOLE DE CHENNEBRUN - 32 GRANDE RUE,35,modérée,couverture déclarée limitée | accessibilité publique non visible
Chéronvilliers,Mairie - Chéronvilliers,mairie@cheronvilliers.fr,1 rue Beaurepaire,27250,Chéronvilliers,https://lannuaire.service-public.gouv.fr/normandie/eure/4c609752-f512-4e8e-92c0-2e2c8e90f296,2,2,0,1,0,1,1,inconnu:2,"lundi, mardi, mercredi, jeudi, vendredi / heures ouvrables:1 | 7j/7 / 24h/24:1",,DAE ECOLE DE CHERONVILLIERS - 1 RUE DE BEAUREPAIRE | DAE MAIRIE DE CHERONVILLIERS - 1 RUE DE BEAUREPAIRE,35,modérée,couverture déclarée limitée | accessibilité publique non visible
Colletot,Mairie - Colletot,colletot@wanadoo.fr,182 rue de la Mairie,27500,Colletot,https://lannuaire.service-public.gouv.fr/normandie/eure/f613f88c-daff-468e-a306-7fb22f33dfc5,2,2,0,1,0,1,1,inconnu:2,"lundi, vendredi, samedi, dimanche, événements / heures ouvrables:1 | 7j/7 / 24h/24:1","Dans la salle de réception Grange de Colletot dans le local technique - L V S D selon évènements:1 | Devant le secrétariat de mairie, à l'arrière du bâtiment Mairie, accès PMR - 7j/7 24h/24:1",La Grange de Colletot Olivier - 75 chemin de la Grange - Dans la salle de réception Grange de Colletot dans le local technique - 75 chemin de la Grange | Mairie de Colletot - 182 rue de la Mairie - Mairie de Colletot - 182 rue de la Mairie,35,modérée,couverture déclarée limitée | accessibilité publique non visible
Combon,Mairie - Combon,mairie@mairie-de-combon.fr,17 rue de la Mairie,27170,Combon,https://lannuaire.service-public.gouv.fr/normandie/eure/25cfc9fb-d5ee-4f72-bb12-52b9979791c2,2,2,0,2,0,2,0,inconnu:2,7j/7 / 24h/24:2,Devant la mairie:1 | Facade:1,MAIRIE COMBON - 17 rue de la mairie | SALLE POLYVALENTE COMBON - 8 Rue de la Forge,35,modérée,couverture déclarée limitée | accessibilité publique non visible
Drucourt,Mairie - Drucourt,drucourt.mairie@orange.fr,2 place du Commandant-Pierre-Mesnil,27230,Drucourt,https://lannuaire.service-public.gouv.fr/normandie/eure/bda49e25-bfc1-4b60-83be-1c85c98aa174,2,2,0,2,0,2,0,inconnu:2,7j/7 / 24h/24:2,Façade de l'école - 7j/7 24h/24:1 | Façade salle des fêtes - 7j/7 24h/24:1,Mairie de Drucourt - 9 rue de Broglie - Ecole - 9 rue de Broglie | Mairie de Drucourt - 5 bis place du Commandant Mesnil - Salle des fêtes - 5 bis place du Commandant Mesnil,35,modérée,couverture déclarée limitée | accessibilité publique non visible
Farceaux,Mairie - Farceaux,mairie.farceaux@orange.fr,14 rue de l'Abbé-Divay,27150,Farceaux,https://lannuaire.service-public.gouv.fr/normandie/eure/e0bc005e-be52-425d-8554-67f83035c5c7,2,2,0,1,0,2,0,inconnu:2,non renseigné / non renseigné:1 | 7j/7 / 24h/24:1,,DAE de la Mairie de Farceaux - 29 rue de l'Abbé Divay | DAE MAIRIE DE FARCEAUX - 14 RUE DE L'ABBE DIVAY,35,modérée,couverture déclarée limitée | accessibilité publique non visible
Fontaine-sous-Jouy,Mairie - Fontaine-sous-Jouy,mairie@fontainesousjouy.org,2 rue du Rosey,27120,Fontaine-sous-Jouy,https://lannuaire.service-public.gouv.fr/normandie/eure/10387dde-fa47-4b43-9088-036b67334408,2,2,0,1,0,2,0,inconnu:2,non renseigné / non renseigné:1 | 7j/7 / 24h/24:1,,DAE de la Salle communale - 4 rue du Rosey | DAE FONTAINE SOUS JOUY - Salle des Fêtes - 2quater Rue du Rosey,35,modérée,couverture déclarée limitée | accessibilité publique non visible
Goupil-Othon,Mairie - Goupil-Othon,goupil.othon@gmail.com,45 rue du Noubourg,27170,Goupil-Othon,https://lannuaire.service-public.gouv.fr/normandie/eure/d3796d33-9c58-48ca-9d76-5e5aa34cf1c5,2,2,0,1,0,1,1,inconnu:2,non renseigné / non renseigné:1 | 7j/7 / 24h/24:1,,DAE GOUPIL OTHON - SALLE POLYVALENTE - 1 Boulevard Parissot | DAE GOUPIL OTHON - ECOLE / MAIRIE - 46 Rue du Neubourg,35,modérée,couverture déclarée limitée | accessibilité publique non visible
Hauville,Mairie - Hauville,maire.hauville@wanadoo.fr,Route de Routot,27350,Hauville,https://lannuaire.service-public.gouv.fr/normandie/eure/10c9bcc3-85af-47dd-ac20-7f5c2b34468a,2,2,0,1,0,1,1,inconnu:2,7j/7 / 24h/24:1 | non renseigné / heures ouvrables:1,Au niveau de  l'angle droit de la salle des fêtess fêtes fêtes:1,CLA214903168 - 48 Route de la Haye Aubrée | MORISSE BENOIT - 3 IMP DE LA MARE PATIN,35,modérée,couverture déclarée limitée | accessibilité publique non visible
Illeville-sur-Montfort,Mairie - Illeville-sur-Montfort,mairie.illeville27@orange.fr,Rue Loriot,27290,Illeville-sur-Montfort,https://lannuaire.service-public.gouv.fr/normandie/eure/7d684611-261c-48a2-82f2-0a441466153f,2,2,0,2,0,2,0,inconnu:2,7j/7 / 24h/24:2,Façade salle des fêtes - 7j7 24h/24:1 | Près du poste électrique - 24h/24 7j/7:1,Mairie d'Illeville sur Montfort -  Rue du stade - Façade salle des fêtes - Rue du stade | Mairie d'Illeville sur Montfort -  Le Champ Cornu - Lotissement - 22 Le Champ Cornu,35,modérée,couverture déclarée limitée | accessibilité publique non visible
Juignettes,Mairie - Juignettes,mairie-de-juignettes@wanadoo.fr,2 route du Bas-Village,27250,Juignettes,https://lannuaire.service-public.gouv.fr/normandie/eure/13bf678a-c6d6-4cdc-9214-87377f84ac32,2,2,0,2,0,2,0,inconnu:2,7j/7 / 24h/24:2,,DAE MAIRIE DE JUIGNETTES - 2 ROUTE DU BAS VILLAGE | DAE MAIRIE DE JUIGNETTES - 2 ROUTE DU BAS VILLAGE,35,modérée,couverture déclarée limitée | accessibilité publique non visible
La Neuve-Grange,Mairie - La Neuve-Grange,mairie@laneuvegrange.fr,13 rue des Tilleuls,27150,La Neuve-Grange,https://lannuaire.service-public.gouv.fr/normandie/eure/08ec8392-9550-4a1c-bb76-42c8b80f7bb8,2,2,0,2,0,2,0,inconnu:2,7j/7 / 24h/24:2,,DAE MAIRIE DE LA NEUVE GRANGE - 13 RUE DES TILLEULS | DAE MAIRIE DE LA NEUVE GRANGE - 13 RUE DES TILLEULS,35,modérée,couverture déclarée limitée | accessibilité publique non visible
La Neuville-du-Bosc,Mairie - La Neuville-du-Bosc,mairie.laneuvilledubosc@orange.fr,38 route du Bec-Hellouin,27890,La Neuville-du-Bosc,https://lannuaire.service-public.gouv.fr/normandie/eure/4ef182c0-1565-4bba-be07-2eead0e613ac,2,2,0,1,0,1,1,inconnu:2,7j/7 / 24h/24:1 | non renseigné / heures ouvrables:1,Salle des fêtes - 7j/7 24h/24:1,Mairie de la Neuville du Bosc - 15 route du Bec Hellouin - Salle des Fêtes - 15 route du Bec Hellouin | FOYER EUGENIE MARIE - 79 RTE DU BEC HELLOUIN,35,modérée,couverture déclarée limitée | accessibilité publique non visible
Le Bec-Hellouin,Mairie - Le Bec-Hellouin,mairie-lebechellouin@orange.fr,3 rue Pierre-Mendès-France,27800,Le Bec-Hellouin,https://lannuaire.service-public.gouv.fr/normandie/eure/9c12e607-1f16-42bc-9faf-8432b2b92884,2,2,0,1,0,1,1,inconnu:2,7j/7 / 24h/24:1 | 7j/7 / heures ouvrables:1,Salle des Fêtes - 7j/7 24h/24:1,Mairie de Le Bec Hellouin -  Place Mathilde - Salle des fêtes - 7 Place Mathilde | Camping Le Clos Saint Nicolas - 3bis Rue de Saint Nicolas,35,modérée,couverture déclarée limitée | accessibilité publique non visible
Le Bosc-du-Theil,Mairie - Le Bosc-du-Theil,mairie.leboscdutheil@gmail.com,Le Gros-Theil 1 route d'Elbeuf,27370,Le Bosc-du-Theil,https://lannuaire.service-public.gouv.fr/normandie/eure/05dbb173-9a4b-4580-8110-4df762648441,2,2,0,2,0,2,0,inconnu:2,7j/7 / 24h/24:2,Hall couvert - 7j/7 24h/24:1 | façade du cabinet médical - 7j/7 24h/24:1,Mairie de Le Bosc du Theil - 22 route de Montfort - Salle polyvalente - 22 route de Montfort | Mairie de Le Bosc du Theil - 3 A place de l’Eglise - façade du cabinet médical - 3 A place de l’Eglise,35,modérée,couverture déclarée limitée | accessibilité publique non visible
Le Plessis-Hébert,Mairie - Le Plessis-Hébert,plessis.hebert@wanadoo.fr,2 rue de la Louvetière,27120,Le Plessis-Hébert,https://lannuaire.service-public.gouv.fr/normandie/eure/b3c9ee6a-560f-4f60-a23f-9e3d3607cd1e,2,2,0,2,0,2,0,inconnu:2,7j/7 / 24h/24:2,entrée sur la voie publique - 7j/7 24h/24:1,DAE LE PLESSIS HEBERT - Maison des Associations - 20 Le Plessis Hébert | Mairie de Le Plessis Hebert - 26 rue de la mare du four - Salle Associations et culture - 26 rue de la mare du four,35,modérée,couverture déclarée limitée | accessibilité publique non visible
Morgny,Mairie - Morgny,mairiedemorgny@orange.fr,3 rue Saint-Adrien,27150,Morgny,https://lannuaire.service-public.gouv.fr/normandie/eure/7c83e062-4c90-47ce-b740-a259a73704ed,2,2,0,2,0,2,0,inconnu:2,7j/7 / 24h/24:2,,DAE MORGNY - Mairie - 3bis Rue Saint Adrien | DAE MORGNY - École - 39 Rue Saint Adrien,35,modérée,couverture déclarée limitée | accessibilité publique non visible
Nagel-Seez-Mesnil,Mairie - Nagel-Seez-Mesnil,mairie.nagel.seez.mesnil@wanadoo.fr,2 place Marcel-Leredde,27190,Nagel-Seez-Mesnil,https://lannuaire.service-public.gouv.fr/normandie/eure/f464b2f6-89d7-46d0-a189-dcd38c75e1a7,2,2,0,1,0,1,1,inconnu:2,non renseigné / non renseigné:1 | 7j/7 / 24h/24:1,sur un mur extérieur de la salle des fêtes - 7J/7 24H/24:1,DAE de la Salle des Fêtes - 2 place Marcel Leredde | Mairie de Nagel Seez Mesnil - 2 place Marcel Leredde - sur un mur extérieur de la salle des fêtes - 2 place Marcel Leredde,35,modérée,couverture déclarée limitée | accessibilité publique non visible
Neaufles-Auvergny,Mairie - Neaufles-Auvergny,mairie.neauflesauvergny@orange.fr,15 rue de l'École,27250,Neaufles-Auvergny,https://lannuaire.service-public.gouv.fr/normandie/eure/1f9831f5-71d1-4119-a00a-c1813ceea761,2,2,0,1,0,2,0,inconnu:2,non renseigné / non renseigné:1 | 7j/7 / 24h/24:1,,DAEde la mairie de Neaufles Auvergny - 5 rue de l'école | DAE MAIRIE DE NEAUFLES AUVERGNY - 15 RUE DE L'ECOLE,35,modérée,couverture déclarée limitée | accessibilité publique non visible
Noyers,Mairie - Noyers,commune-de-noyers@wanadoo.fr,16 Grande-Rue,27720,Noyers,https://lannuaire.service-public.gouv.fr/normandie/eure/076f5bb5-fc7e-40cc-92be-715f373a8753,2,2,0,1,0,1,1,inconnu:2,"lundi, mardi, mercredi, jeudi, vendredi / heures ouvrables:1 | 7j/7 / 24h/24:1",,DAE SALLE COMMUNALE DE NOYERS - 37 RUE DE LA MARINEAU | DAE MAIRIE DE NOYERS - 2 32 55 65 72,35,modérée,couverture déclarée limitée | accessibilité publique non visible
Puchay,Mairie - Puchay,mairie-puchay@orange.fr,7 rue du Bout-de-Bas,27150,Puchay,https://lannuaire.service-public.gouv.fr/normandie/eure/c0320d06-fb91-48e9-86c0-682b4064ae93,2,2,0,1,0,1,1,inconnu:2,"7j/7 / 24h/24:1 | lundi, mardi, mercredi, jeudi, vendredi / heures ouvrables:1",,DAE MAIRIE DE PUCHAY - 7 RUE DU BOUT DE BAS | DAE SALLE DES FETES - 1 RUE DU BOUT DE BAS,35,modérée,couverture déclarée limitée | accessibilité publique non visible
Rougemontier,Mairie - Rougemontier,secretariat@rougemontier.fr,6 rue de la Mairie,27350,Rougemontier,https://lannuaire.service-public.gouv.fr/normandie/eure/9f263999-26a4-47e6-872c-55f7b3295c08,2,2,0,1,0,1,1,inconnu:2,7j/7 / 24h/24:1 | événements / heures ouvrables:1,Devant l'entrée de la mairie sur la gauche - 7j/7 24h/24:1 | Dans la Salle de fêtes - Selon évènements:1,Mairie de Rougemontiers - 6 rue de la Mairie - Devant l'entrée de la mairie sur la gauche - 6 rue de la Mairie | Mairie de Rougemontiers -  RD 675 - Salle des Fêtes - RD 675,35,modérée,couverture déclarée limitée | accessibilité publique non visible
Saint-Pierre-du-Vauvray,Mairie - Saint-Pierre-du-Vauvray,mairie@saintpierreduvauvray.fr,29 Grande-Rue,27430,Saint-Pierre-du-Vauvray,https://lannuaire.service-public.gouv.fr/normandie/eure/033f73a4-6887-4e70-be3e-24232f11ef1f,2,2,0,1,0,1,1,inconnu:2,"7j/7 / 24h/24:1 | lundi, mardi, mercredi, jeudi, vendredi / heures ouvrables:1",le mur de droite à côté de la porte d'entrée - 7j/7 24h/24:1,Mairie de Saint Pierre du Vauvray - 26 grande rue - Salle des Fêtes - 26 grande rue | DAE MANOIR DE LA HOULETTE - 4a ROUTE DEPARTEMENTALE 6015,35,modérée,couverture déclarée limitée | accessibilité publique non visible
Sainte-Marie-d'Attez,Mairie - Sainte-Marie-d'Attez,mairie.saintemariedattez@orange.fr,Saint-Ouen-d'Attez 27 rue de la Mairie,27160,Sainte-Marie-d'Attez,https://lannuaire.service-public.gouv.fr/normandie/eure/b15a1d1d-e0ae-485e-a2c3-0be088b6da4d,2,2,0,2,0,2,0,inconnu:2,7j/7 / 24h/24:2,,DAE MAIRIE DE SAINTE MARIE D'ATTEZ - 27 RUE DE LA MAIRIE ST OUEN D'ATTEZ | DAE SALLE DES FETES - 2 ROUTE DE ST OUEN ST NICOLAS D'ATTEZ,35,modérée,couverture déclarée limitée | accessibilité publique non visible
Saussay-la-Campagne,Mairie - Saussay-la-Campagne,mairie.saussaylacampagne@orange.fr,43 rue Saint-Adrien,27150,Saussay-la-Campagne,https://lannuaire.service-public.gouv.fr/normandie/eure/9b35395c-1d20-4c35-a061-6c8daded2924,2,2,0,1,0,1,1,inconnu:2,"lundi, mardi, mercredi, jeudi, vendredi / heures ouvrables:1 | 7j/7, jours fériés, événements / 24h/24:1","local agréage silo:1 | Sous l'abribus, à gauche du portail de l'école:1",CLA240816158 - 6bis Rue Saint Adrien | CLA250220298 - 45bis Rue Saint Adrien,35,modérée,couverture déclarée limitée | accessibilité publique non visible
Suzay,Mairie - Suzay,mairiedesuzay@orange.fr,14 rue du Général-de-Gaulle,27420,Suzay,https://lannuaire.service-public.gouv.fr/normandie/eure/57dc4237-53e5-4986-8105-2b621c685d46,2,2,0,1,0,1,1,inconnu:2,7j/7 / 24h/24:1 | non renseigné / heures ouvrables:1,MUR EXTERIEUR MAIRIE - 7j/7 24h/24:1,Mairie de Suzay - 14 rue du Général de Gaulle - MUR EXTERIEUR MAIRIE - 14 rue du Général de Gaulle | LA SAVOYARDE - 2 RTE NATIONALE 14,35,modérée,couverture déclarée limitée | accessibilité publique non visible
Terres-de-Bord,Mairie - Terres-de-Bord,mairie@terresdebord.fr,144 rue du 8-Mai-1945,27400,Terres-de-Bord,https://lannuaire.service-public.gouv.fr/normandie/eure/cd40bab5-81d8-4c4a-b233-edc2a8711026,2,2,0,2,0,2,0,inconnu:2,7j/7 / 24h/24:2,Sur le mur extérieur de la salle des fêtes - 7j/7 24h/24:1 | Façade - 7j/7 24h/24:1,Mairie de Terres de Bord - 141 rue des Forrières - Salle Polyvalente Robert Guerre - 141 rue des Forrières | Mairie de Terres de Bord -  Rue du Puit - Salle des Fêtes Tostes - 7 Rue du Puit,35,modérée,couverture déclarée limitée | accessibilité publique non visible
Tillières-sur-Avre,Mairie - Tillières-sur-Avre,mairie.de.tillieres@wanadoo.fr,29 rue de Paris,27570,Tillières-sur-Avre,https://lannuaire.service-public.gouv.fr/normandie/eure/eacee923-4a5b-47bc-9d88-b0341f2fda46,2,2,0,1,0,1,1,inconnu:2,"7j/7 / 24h/24:1 | lundi, mardi, mercredi, jeudi, vendredi / heures ouvrables:1",DAE accolé à boite postale extérieur de la poste situé sur le parking de l'église Rue de Paris à TILLIERES SUR AVRE:1,DAE DE LA MAIRIE ( RUE DE PARIS PROXIMITE EGLISE ET ACCOLE A BOITE POSTALE) - 34 Rue de Paris | DAE MAISON DE SANTE SERGE PINCHON - 2 RUE DU CHÂTEAU,35,modérée,couverture déclarée limitée | accessibilité publique non visible
Touffreville,Mairie - Touffreville,mairie@touffreville27.fr,49 Grande-Rue,27440,Touffreville,https://lannuaire.service-public.gouv.fr/normandie/eure/be7fa410-cb01-4dd2-9250-574f1bab3fb2,2,2,0,2,0,2,0,inconnu:2,7j/7 / 24h/24:2,Sur le mur de l'Eglise - 7j/7 24h/24:1 | Sur le mur de la salle polyvalente - 7j/7 24h/24:1,Mairie de Touffreville -  Rue de l'Eglise - Eglise - 13 Rue de l'Eglise | Mairie de Touffreville - 46 Grande Rue - Salle des Fêtes - 46 Grande Rue,35,modérée,couverture déclarée limitée | accessibilité publique non visible
Villers-en-Vexin,Mairie - Villers-en-Vexin,villers-en-vexin@wanadoo.fr,17 rue Principale,27420,Villers-en-Vexin,https://lannuaire.service-public.gouv.fr/normandie/eure/f2ba385b-cb51-4450-bc96-43731d30be20,2,2,0,1,0,1,1,inconnu:2,"lundi, mardi, mercredi, jeudi, vendredi / heures ouvrables:1 | 7j/7 / 24h/24:1",,DAE SALLE COMMUNALE - 6 RUE PRINCIPALE FACE AU 17 RUE PRINCIPALE | DAE MAIRIE DE VILLERS EN VEXIN - 17 RUE PRINCIPALE,35,modérée,couverture déclarée limitée | accessibilité publique non visible
Vitot,Mairie - Vitot,mairie@vitot.fr,10 rue Saint-Nicolas,27110,Vitot,https://lannuaire.service-public.gouv.fr/normandie/eure/7693847c-1251-4492-8320-5a5e3b2be443,2,2,0,1,0,1,1,inconnu:2,7j/7 / 24h/24:1 | non renseigné / heures ouvrables:1,Près de l'entrée de la salle Polyvalente - 7j/7 24h/24:1,Mairie de Vitot - 4 place des Tilleuls - Salle polyvalente - 4 place des Tilleuls | L.G.F - 1 CHEMIN DE LA PORTE VERTE,35,modérée,couverture déclarée limitée | accessibilité publique non visible
Étréville,Mairie - Étréville,etrevillemairie@wanadoo.fr,28 place de la Mairie,27350,Étréville,https://lannuaire.service-public.gouv.fr/normandie/eure/d1a52e5b-03ac-4845-b00f-b8e6c1181819,2,2,0,2,0,2,0,inconnu:2,7j/7 / 24h/24:2,,DAE ÉTRÉVILLE - Mairie - 44 Chemin de la Détente | DAE ETREVILLE - Maison des associations - 74 Rue de Wangen,35,modérée,couverture déclarée limitée | accessibilité publique non visible
Beaumont-le-Roger,Mairie - Beaumont-le-Roger,mairie1@beaumont-le-roger.fr,18 rue Chantereine,27170,Beaumont-le-Roger,https://lannuaire.service-public.gouv.fr/normandie/eure/cc601f66-504f-4bdd-b35d-db93574e4b1b,12,12,0,0,2,0,12,inconnu:12,"non renseigné / non renseigné:3 | événements / heures ouvrables:3 | lundi, mardi, mercredi, jeudi, vendredi / heures ouvrables:2",HALL D'ENTREE - L au V 7h/18h:1 | Situé dans l'ancien local des arbitres - Clef pour accès dans boîtier exérieur vitré:1 | Situé hall d'entrée Espace Robert FORT - Disponible lorsque salle occupée.:1,DAE de la Salle des fëtes Robert Fort - 7 rue de l'Abb | DAE du Complexe sportif de bourg Dessus - 3 impasse de le Cote rouge | DAE du Complexe sportif du Hom - 658 rue du Hom | 1973 - 18 18 Rue Aristide Briand 27170 Beaumont-le-Roger | MTCP - 2 Chemin des Planchettes - HALL D'ENTREE - 2 Chemin des Planchettes,25,modérée,aucun DAE accessible 24h/24
Bois-le-Roy,Mairie - Bois-le-Roy,mairie@boisleroy27.fr,Rue de la Mairie,27220,Bois-le-Roy,https://lannuaire.service-public.gouv.fr/normandie/eure/fd2fad2c-542c-4a5b-a9f5-b50a4408808b,5,5,0,0,2,5,0,inconnu:5,non renseigné / 24h/24:3 | lundi / heures ouvrables:1 | non renseigné / heures ouvrables:1,sur le mur de la poste:1 | Façade bâtiment La Poste:1 | Entrée:1,DAE de la Poste de Bois le Roy - 43 Grande rue | Zoll® AED+ (DEA) - 60 Grande Rue | Zoll® AED+ (DEA) - 47 Côte à Bertaux | Mindray C2 - 47 Côte à Bertaux | Mindray C2 - 3 Place du 8 Mai 1945,25,modérée,aucun DAE accessible 24h/24
Bourg-Achard,Mairie - Bourg-Achard,contact@mairie-bourgachard.fr,Place de la Mairie,27310,Bourg-Achard,https://lannuaire.service-public.gouv.fr/normandie/eure/7c59d06b-24ee-47fc-8224-f4a30ef6c537,9,9,0,0,6,0,9,inconnu:9,"lundi, mardi, mercredi, jeudi, vendredi, samedi / heures ouvrables:4 | 7j/7 / heures ouvrables:3 | non renseigné / heures ouvrables:1",Sur le mur à l'extérieur de l'accueil - Lu ma je ve 9h/12h 13h30/19h Mercredi 16h/19h S 10h/14h:1 | Hall d'accueil - L au V 7h30/12h 14h/17h S 7h30/12h:1 | Accueil / Caisse - 9h00 / 12h00 14h00 / 19h00 du lundi au samedi:1,3570 - 700 700 Rue d’Honguemare 27310 Bourg-Achard | Guenier Julien - Espace Bien Etre - 355 Grande Rue - Espace Bien Etre - 355 Grande Rue | Cerballiance Normandie Est - 573 Grande Rue - Hall d'accueil - 573 Grande Rue | Meubles du Roumois - 510 rue Du Docteur Duvrac - Accueil / Caisse - 510 rue Du Docteur Duvrac | Bermuda L'Orange Bleue - 530 rue du Docteur Duvrac - Salle RDC - 530 rue du Docteur Duvrac,25,modérée,aucun DAE accessible 24h/24
Brionne,Mairie - Brionne,secretariat.mairie-brionne@wanadoo.fr,Rue de la Soie,27800,Brionne,https://lannuaire.service-public.gouv.fr/normandie/eure/5a7d0a09-8394-4e4b-87ac-f2b5142ae8c4,5,5,0,0,1,0,5,inconnu:5,"non renseigné / non renseigné:1 | lundi / heures ouvrables:1 | lundi, mardi, mercredi, jeudi, vendredi, samedi / heures ouvrables:1","Dans le gymnase, proche de la sortie de secours:1 | hall entrée - L au V 7h30-12/13h30-18h S 8h30-12/14h-16h:1 | SAS MAGASIN ACCES ADMINISTRATION:1",DAE de l'Intercom du Pays Brionnais - 502 rue des Martyrs | DAE DU GYMNASE DE L'INTERCOM PAYS BRIONNAIS - 22 Rue Émile Neuville | Materiaux Dubos Brionne - 10 route d'Authou - hall entrée - 10 route d'Authou | DAE LYCÉE PROFESSIONNEL AUGUSTIN BOISMARD - 7 RUE EMILE NEUVILLE HALL BAT LEONARD DE VINCI | INTERMARCHE - 65 Rue Saint Denis,25,modérée,aucun DAE accessible 24h/24
Crosville-la-Vieille,Mairie - Crosville-la-Vieille,mairie@crosville-la-vieille.fr,9 rue de l'Église,27110,Crosville-la-Vieille,https://lannuaire.service-public.gouv.fr/normandie/eure/217b4aca-60ca-4a8e-a9b4-c9fc7b1dae69,4,4,0,0,2,1,3,inconnu:4,"lundi, mardi, mercredi, jeudi, vendredi, samedi / heures ouvrables:2 | lundi / heures ouvrables:1 | lundi, mardi, mercredi, jeudi, vendredi / heures ouvrables:1","sur le mur de la mairie, côté latéral gauche face à la mairie:1 | Entrée du magasin - L au V  7h30/12h 13h30/18h S 9h/12h:1 | à l'entrée - L au V 9h/21h S 10h/14h:1",DAE DE LA MAIRIE DE CROSVILLE LA VIEILLE - 14 rue de l'églse | Bricofer -  Rue Jean Petit - Bricofer - 9 Rue Jean Petit | Espace Bien Etre Le Neubourg -  Rue de la Forgé - ZA le Haut du Val - 5 Rue de la Forgé | CLA240816292 - Rue Jean Petit,25,modérée,aucun DAE accessible 24h/24
Fleury-sur-Andelle,Mairie - Fleury-sur-Andelle,contact@fleury-sur-andelle.fr,1 place de la République,27380,Fleury-sur-Andelle,https://lannuaire.service-public.gouv.fr/normandie/eure/2c23ec96-0cc3-4a12-b5fe-55f4f8701660,3,3,0,0,2,1,2,inconnu:3,"lundi, mardi, mercredi, jeudi, vendredi, événements / heures ouvrables:2 | 7j/7 / heures ouvrables:1",Dans l'entrée - L au V 8h/22h30 + selon évènements:1 | Accueil:1 | Gymnase FLEURY près de la porte d’entrée principale - L au V 8h/22h30 + selon évènements:1,Syndicat Mixte Gestion des Gymnases - 7 rue Henri Leray - Dans l'entrée - 7 rue Henri Leray | CARREFOUR - LVMH 27 - 3 Le val aux biches | CC Lyons Andelle - 7 rue Henri Leray - Gymnase FLEURY près de la porte d’entrée principale - 7 rue Henri Leray,25,modérée,aucun DAE accessible 24h/24
Garennes-sur-Eure,Mairie - Garennes-sur-Eure,mairie.garennes.eure@orange.fr,4 place de la Mairie,27780,Garennes-sur-Eure,https://lannuaire.service-public.gouv.fr/normandie/eure/9f307c1c-2e2a-456f-a806-8bf269ca44cf,4,4,0,0,1,1,3,inconnu:4,"événements / heures ouvrables:2 | non renseigné / non renseigné:1 | lundi, mardi, mercredi, jeudi, vendredi / heures ouvrables:1",Dans l'entrée a droite:1 | Dans la salle de sports de l'Ecole primaire:1 | En face de l entrée:1,DAE de la Mairie de Garennes-sur-Eure - 14 place de la mairie | SALLE DES FETES - 4 Rue Jean-jaurès | ECOLE PRIMAIRE - 5 Rue des Plantes | FRED PA-1 ENTIEREMENT AUTOMATIQUE - 2 4 rue jean jaures,25,modérée,aucun DAE accessible 24h/24
Gravigny,Mairie - Gravigny,mairie@ville-gravigny.fr,Place Jean-Champion,27930,Gravigny,https://lannuaire.service-public.gouv.fr/normandie/eure/dae7c947-755e-4dda-85ca-0d0ff51dc005,10,10,0,0,5,0,10,inconnu:10,"non renseigné / non renseigné:4 | non renseigné / heures ouvrables:3 | lundi, mardi, mercredi, jeudi, vendredi, samedi / heures ouvrables:1",Accueil:1 | Zone préparation:1 | Couloir vestiaire:1,3679 - 664 664 Avenue Aristide Briand 27930 Gravigny | Mindray C2 DSA - 7 Rue des Barbançons | Mindray C2 DSA - 7 Rue des Barbançons | Zoll® AED+ (DSA) - 5 Rue des Barbançons | Zoll® AED+ (DSA) - 7 7 Rue des Barbançons,25,modérée,aucun DAE accessible 24h/24
Heudebouville,Mairie - Heudebouville,mairie@heudebouville.com,Place Paul-Vaur,27400,Heudebouville,https://lannuaire.service-public.gouv.fr/normandie/eure/5802c987-6e0b-4e6d-8272-34db376d2bff,11,11,0,0,4,0,11,inconnu:11,"lundi, mardi, mercredi, jeudi, vendredi / heures ouvrables:5 | non renseigné / heures ouvrables:2 | non renseigné / non renseigné:1",DAE Située dans le bureau du chef d'atelier:1 | DAE au poste de garde à l'accueil du site:1 | A L'ACCUEIL:1,DAE de la Mairie de HEUDEBOUVILLE - 4 place Paul Vaur | DAE Atelier | DAE ITM LAI Heudebouville - poste garde - 341 Allee du sous Maille | AMI HDB - 580 Allee de la Fosse Moree | CUISINE SOLUTIONS EUROPE - 1 ALL DES TILLEULS,25,modérée,aucun DAE accessible 24h/24
Honguemare-Guenouville,Mairie - Honguemare-Guenouville,mairie.honguemare@wanadoo.fr,525 rue du Village,27310,Honguemare-Guenouville,https://lannuaire.service-public.gouv.fr/normandie/eure/7f86e419-bb31-4863-9a4e-10d03e065bec,3,3,0,0,2,0,3,inconnu:3,"non renseigné / non renseigné:1 | 7j/7 / heures ouvrables:1 | lundi, mardi, mercredi, jeudi, vendredi / heures ouvrables:1",à proximité du bar - L au J 10h/00h V S 10h/2h D 10h/22h:1 | Hall d'Entrée - L au V 8h30/12h00 13h30/16h30:1,DAE de la Salle communale d'Honguemare - 515 Rue du village | O'Spare - 830 Rue du Docteur Duvrac - ZA Les Portes - 830 Rue du Docteur Duvrac | SIA Honguemare Guenouville - 208 rue des Artisans - Parc du Roumois - 208 rue des Artisans,25,modérée,aucun DAE accessible 24h/24
Incarville,Mairie - Incarville,accueil@incarville.fr,36 rue de Louviers,27400,Incarville,https://lannuaire.service-public.gouv.fr/normandie/eure/8af92037-6645-430f-a630-0667b2fc93d0,4,4,0,0,2,0,4,inconnu:4,"lundi / heures ouvrables:1 | lundi, mardi, mercredi, jeudi, vendredi, samedi / heures ouvrables:1 | lundi, mardi, mercredi, jeudi, vendredi, samedi, jours fériés, événements / heures ouvrables:1",dans l'entrée:1 | En entrant à gauche au milieu de l’Allé principal - L au S 8h30/20h:1 | Centre Auto leclerc premier poteau après l’entrée. - L au S 8h30/19h:1,DAE DE LA SALLE DES FÊTES DE'INCARVILLE - 26 rue de Louviers | SAS Louviers Distribution Leclerc -  ZI des Près - En entrant à gauche au milieu de l’Allé principal - 17 ZI des Près | SAS Louviers Distribution Leclerc -  Rue des Prés - Centre Auto leclerc premier poteau après l’entrée. - Rue des Prés | Transdev Seine Eure -  Rue de Lery - Zone d'Activite des 4 Acres - 88 Rue de Lery,25,modérée,aucun DAE accessible 24h/24
Iville,Mairie - Iville,mairieiville@orange.fr,9 rue du cirque Bouthor,27110,Iville,https://lannuaire.service-public.gouv.fr/normandie/eure/57041552-52d9-4332-be34-fac40ac03f7a,3,3,0,0,1,0,3,inconnu:3,"lundi, mardi, mercredi, jeudi, vendredi / heures ouvrables:3",Malette - L au V selon déplacement du véhicule:2 | Bureau - L au V 9h/12h 14h/18h:1,Maison Maugy - 2 bis route d'Elbeuf - Bureau - 2 bis route d'Elbeuf | Maison Maugy - 2 bis route d'Elbeuf - Malette - 2 bis route d'Elbeuf | Maison Maugy - 2 bis route d'Elbeuf - Malette - 2 bis route d'Elbeuf,25,modérée,aucun DAE accessible 24h/24
La Chapelle-Longueville,Mairie - La Chapelle-Longueville,contact@lachapellelongueville.fr,Saint-Just 2 place de l'Église,27950,La Chapelle-Longueville,https://lannuaire.service-public.gouv.fr/normandie/eure/5a5c8b87-6e9b-4c6a-8434-1e9aee1d10b1,3,3,0,0,1,0,3,inconnu:3,"lundi, mardi, mercredi, jeudi, vendredi / heures ouvrables:2 | événements / heures ouvrables:1",A l'accueil - selon évènements:1 | dans le local agréage:1,Erisay Receptions - 1 route de Sainte Colombe - Manoir de la Chapelle - 1 route de Sainte Colombe | CLA240816516 - 12 Route d'Houlbec | DAE CEVA LOGISTICS LA CHAPELLE - 2 CHEMIN DU BOIS DE MERCEY,25,modérée,aucun DAE accessible 24h/24
La Madeleine-de-Nonancourt,Mairie - La Madeleine-de-Nonancourt,mairie@madeleinedenonancourt.fr,1 rue de la Mairie,27320,La Madeleine-de-Nonancourt,https://lannuaire.service-public.gouv.fr/normandie/eure/e0849f65-6918-417c-aa62-18456e83b88d,5,5,0,0,2,0,5,inconnu:5,"lundi, mardi, mercredi, jeudi, vendredi / heures ouvrables:2 | lundi, mardi, mercredi, jeudi, vendredi, samedi, dimanche, jours fériés / heures ouvrables:1 | lundi, mardi, mercredi, jeudi, vendredi, samedi / heures ouvrables:1",,atom21070703-113-ga92ce2ea-misc_lara_r211_beta - 14 14 RUE SAINT ANDRé | 4057 LA MADELEINE NONANCOURT - 14 RUE SAINT ANDRE | DAE SA AVREDIS - DRIVE LECLERC - 14 ROUTE DE MERVILLE | DAE SA AVREDIS - DRIVE LECLERC - 14 ROUTE DE MERVILLE | NORMYDRO SARL - 15 route de merville,25,modérée,aucun DAE accessible 24h/24
Lieurey,Mairie - Lieurey,mairie.lieurey27@gmail.com,Place de la Mairie,27560,Lieurey,https://lannuaire.service-public.gouv.fr/normandie/eure/501a1f2e-aa5f-48ba-a102-b4adac1ebc6a,3,3,0,0,2,0,3,inconnu:3,"7j/7 / heures ouvrables:2 | lundi, mardi, mercredi, jeudi, vendredi, samedi / heures ouvrables:1",Accueil - L au V 8h/20h S 8h/12h:1 | Loge gardien - En fonction des entraînements et compétitions:1 | Hall d'entrée - Selon utilisation de la salle:1,SISA Lieuvin Pays d'Auge - 19 rue de l'ancienne gare - Accueil - 19 rue de l'ancienne gare | CC Lieuvin Pays d'Auge -  Route de l'ancienne gare - Gymnase - 400 Route de l'ancienne gare | CC Lieuvin Pays d'Auge -  Avenue du stade - Maison des associations - 42 Avenue du stade,25,modérée,aucun DAE accessible 24h/24
Louviers,Mairie - Louviers,accueil@ville-louviers.fr,19 rue Pierre-Mendès-France,27406,Louviers Cedex,https://lannuaire.service-public.gouv.fr/normandie/eure/796037e5-f162-444b-a0a6-9c32ec403276,44,44,0,0,18,0,44,inconnu:44,"lundi, mardi, mercredi, jeudi, vendredi / heures ouvrables:21 | lundi, mardi, mercredi, jeudi, vendredi, samedi / heures ouvrables:5 | non renseigné / heures ouvrables:5",Accès sur la guche du bâtiment:1 | Aller à la porte Atelier n°1 sur le grand bâtiment:1 | Couloir salle d’examen - 8h-18h du lundi au vendredi et 8h-12h le samedi:1,Défibrillateur 1 CASEO - 20 Rue du Canal | Défibrillateur 2 CASEO - 20 Rue du Canal | CrossFit Louviers - 10 Rue des Entrepôts | 3277 - 43 43 Avenue Winston Churchill 27400 Louviers | DAE EURARMA - 45 Avenue Winston Churchill,25,modérée,aucun DAE accessible 24h/24
Menneval,Mairie - Menneval,mairie@menneval.fr,12 route de Rouen,27300,Menneval,https://lannuaire.service-public.gouv.fr/normandie/eure/5f760fc0-a022-42b5-b21d-ce91916347ff,8,8,0,0,4,0,8,inconnu:8,"lundi, mardi, mercredi, jeudi, vendredi, samedi / heures ouvrables:3 | événements / heures ouvrables:2 | non renseigné / non renseigné:1","Dans l'entrée de la mairie:1 | Au fonds du grand couloir, un peu en hauteur Coffret Aivia S:1 | Dans la salle de sport, sur la gauche:1",DAE de la Salle des sports de Menneval - 33 route de Rouen | 3103 - 36 36 Route de Rouen 27300 Menneval | Districenter Bernay / Menneval - 11ter Route de Rouen | MAIRIE DE MENNEVAL DAE DE LA MAIRIE - 12 Route de Rouen | MAIRIE DE MENNEVAL DEFIBRILLATEUR ECOLE PRIMAIRE ET MATERNELLE - 12 Route de Rouen,25,modérée,aucun DAE accessible 24h/24
Nassandres-sur-Risle,Mairie - Nassandres-sur-Risle,accueil@nassandres-sur-risle.fr,Rue Joliot-Curie,27550,Nassandres-sur-Risle,https://lannuaire.service-public.gouv.fr/normandie/eure/377c3839-50f2-4516-b0a5-34f6b067e770,3,3,0,0,2,0,3,inconnu:3,"lundi, mardi, mercredi, jeudi, vendredi / heures ouvrables:2 | non renseigné / non renseigné:1",Dans l'accueil derrière la porte d'entrée:1 | Couloir Bureau - L au J 7h30/12h 13h/17h V 7h30/12h:1,DAE de la Salle Pierre David - 45 rue Joliot Curie | DAE STCM - 816 rue du stade | Pro Metal Laser - 170 rue Louis Adolphe Loisel - Couloir Bureau - 170 rue Louis Adolphe Loisel,25,modérée,aucun DAE accessible 24h/24
Normanville,Mairie - Normanville,secretaire@normanville.com,103 route de la Vallée,27930,Normanville,https://lannuaire.service-public.gouv.fr/normandie/eure/8f27a3ec-01d3-4aa8-ae39-f9a916b36991,5,5,0,0,2,0,5,inconnu:5,"lundi, mardi, mercredi, jeudi, vendredi, samedi / heures ouvrables:2 | non renseigné / non renseigné:1 | lundi, mardi, mercredi, jeudi, vendredi / heures ouvrables:1",leclerc jouet - L au S 9h-19h30:1 | Accueil - L au S 9h/19h:1,DAE de la Salle des fêtes - 13 allée du Château | E.Leclerc Normanville -  Route de Roeun RN 154 - leclerc jouet - 40 Route de Roeun RN 154 | DAE SA RECLO - CENTRE E.LECLERC - 9194 ROUTE DE GAILLON | SELLTEN - RTE DE LOUVIERS-LD HAUTES PORTES | Centrakor Stores -  route de Rouen - Les Hautes Portes - 34 route de Rouen,25,modérée,aucun DAE accessible 24h/24
Pont-de-l'Arche,Mairie - Pont-de-l'Arche,mairie@pontdelarche.fr,19 rue Maurice-Delamare,27340,Pont-de-l'Arche,https://lannuaire.service-public.gouv.fr/normandie/eure/600541a5-5cfe-42ff-90a5-8a818cf1de06,3,3,0,0,1,0,3,inconnu:3,"lundi / heures ouvrables:1 | samedi, dimanche, jours fériés, événements / heures ouvrables:1 | non renseigné / heures ouvrables:1",A l'intérieur du bâtiment dans le couloir:1 | Entrée accueil abbaye de Bonport - S D + évènements -Selon présence:1,DAE DE LA MAIRIE DE PONT DE L ARCHE SERVICES TECHN - 21 Rue Roger Bonnet | DELIMBE - Abbaye de Bonport -  Bonport - Abbaye de Bonport - Bonport | DECHETERIE DE PONT DE L ARCHE - CHEMIN DE LA PROCESSION,25,modérée,aucun DAE accessible 24h/24
Prey,Mairie - Prey,mairie@prey27.fr,Place René-Cardin,27220,Prey,https://lannuaire.service-public.gouv.fr/normandie/eure/6ee2d6ab-5d9a-4d8b-bef3-4d4639cefbed,5,5,0,0,2,4,1,inconnu:5,7j/7 / non renseigné:3 | non renseigné / non renseigné:1 | non renseigné / heures ouvrables:1,,DAE Salle des fêtes - Rue de Grossoeuvre | DAE Stade de foot - Route de grossoeuvre | DAE Epicerie - 52 Rue Charles de Gaulle | DAE Ecole - Place René Cardin | KERVOELEN - 1 RUE DE LA FORTELLE,25,modérée,aucun DAE accessible 24h/24
Pîtres,Mairie - Pîtres,mairie@ville-pitres.fr,10 rue de l'Église,27590,Pîtres,https://lannuaire.service-public.gouv.fr/normandie/eure/34e98c26-2186-4860-835d-0f18ce8eddbe,9,9,0,0,3,1,8,inconnu:9,"lundi, mardi, mercredi, jeudi, vendredi / heures ouvrables:6 | événements / heures ouvrables:2 | lundi, mardi, mercredi, jeudi, vendredi, samedi / heures ouvrables:1",Hall d'entrée du gymnase - L au V 8h30/12h30 14h00/17h30:1 | Dans le sas d’entrée de l’école primaire - Du L au V 8h/12h - 13h20/17h:1 | Entrée de la salle des fêtes - selon évènements:1,4022 - 71 Rue de la Salle | Mairie de Pitres - CCAS -  Rue Charles de Gaulle - Gymnase - 27bis Rue Charles de Gaulle | Mairie de Pitres - CCAS - 22 rue de la Geôle - École primaire - 22 rue de la Geôle | Mairie de Pitres - CCAS - 10 rue de L'Eglise - Entrée de la salle des fêtes - 10 rue de L'Eglise | Mairie de Pitres - CCAS - 28 rue de la Geôle - École maternelle - 28 rue de la Geôle,25,modérée,aucun DAE accessible 24h/24
Romilly-sur-Andelle,Mairie - Romilly-sur-Andelle,mairie@romilly-sur-andelle.fr,1 ter rue Neuve,27610,Romilly-sur-Andelle,https://lannuaire.service-public.gouv.fr/normandie/eure/c0391320-5b73-4d3e-a0f1-155d467f696d,8,8,0,0,4,1,7,inconnu:8,"lundi, mardi, mercredi, jeudi, vendredi / heures ouvrables:3 | événements / heures ouvrables:2 | lundi, mardi, mercredi, jeudi, vendredi, événements / heures ouvrables:2",Façade école de foot Romilly - Selon évènements:1 | Salle des fêtes - Selon évènements:1 | Dans l'entrée du gymnase sur la droite - L au V 8h/22h30 + selon évènements:1,CC Lyons Andelle - 4 chemin du Mulhomme - Façade école de foot Romilly - 4 chemin du Mulhomme | CC Lyons Andelle - 13 chemin du Marché - Salle des fêtes - 13 chemin du Marché | Syndicat Mixte Gestion des Gymnases - 1642 rue de la Libération - Dans l'entrée du gymnase sur la droite - 1642 rue de la Libération | Gazfio - 12 chemin du Moulin des Ponts - ZA des hautes rives - 12 chemin du Moulin des Ponts | CLG DE LA COTE DES DEUX AMANTS - 1634 rue de la liberté,25,modérée,aucun DAE accessible 24h/24
Saint-André-de-l'Eure,Mairie - Saint-André-de-l'Eure,mairie@ville-st-andre-eure.fr,Place Gambetta,27220,Saint-André-de-l'Eure,https://lannuaire.service-public.gouv.fr/normandie/eure/9c715553-77a4-443b-b667-2414a8d934f2,5,5,0,0,1,0,5,inconnu:5,"lundi, mardi, mercredi, jeudi, vendredi / heures ouvrables:3 | 7j/7 / heures ouvrables:1 | lundi, vendredi, mardi, mercredi, jeudi / heures ouvrables:1",Dans le couloir entre les bureaux et les vestiaires.:1 | COULOIR SEGPA:1 | ACCESSIBLE : DU LUNDI AU SAMEDI 8H30-19H30 DIMANCHE ET JOUR FERIE DE 8H30-12H30:1,DAE-AxFlow-St André de l'Eure - 15 Rue de la Croix Prunelle | CLG LES 7 EPIS - SEGPA - BOULEVARD DE LA COMMUNAUTE EUROPEENNE | DAE-MARKET-ST ANDRE DE L'EURE - 2 Lieu Dit la Justice | CLG LES 7 EPIS - ADMIN - 7 Bd de la Communaute Europeenne | DAE ESAT 27 - SAINT ANDRE DE L EURE - 7 ZAC DE LA CROIX PRUNELLE,25,modérée,aucun DAE accessible 24h/24
Treis-Sants-en-Ouche,Mairie - Treis-Sants-en-Ouche,mairie.treissantsenouche@orange.fr,Saint-Aubin-le-Vertueux Place de la Mairie,27300,Treis-Sants-en-Ouche,https://lannuaire.service-public.gouv.fr/normandie/eure/593dbb5d-2665-487c-af3b-40d348b54f57,3,3,0,0,2,0,3,inconnu:3,"7j/7 / heures ouvrables:1 | événements / heures ouvrables:1 | lundi, mardi, mercredi, jeudi, vendredi, samedi / heures ouvrables:1",A droite en entrant:1 | Accueil - L au S 8h30-12h/14h18h:1,POWER HEART AED G3 - 5 Chemin de la briqueterie | CLA231509281 - 3 Route du Moulin Fouret | Josse Treis Sants En Ouche -  D438 - Accueil - 3 D438,25,modérée,aucun DAE accessible 24h/24
Val-Doré,Mairie - Val-Doré,mairielevaldore@gmail.com,Orvaux 8 route de Conches,27190,Val-Doré,https://lannuaire.service-public.gouv.fr/normandie/eure/52ffafc5-2fbe-4324-804f-2c507369137e,3,3,0,0,2,0,3,inconnu:3,"7j/7, événements / heures ouvrables:2 | lundi / heures ouvrables:1","dans la salle annexe de la mairie- Ouvert aussi 16h30-19h00 (Lu, Ma, Je, Ve) + lors des manifestations:1 | Château salle de réception - L au V 9h/17h + selon évènements hors horaires bureaux  S D selon évènements:1 | Dépendances - L au V 9h/17h + selon évènements hors horaires bureaux  S D selon évènements:1",DAE DE L'ANNEXE DE LA MAIRIE D'ORVAUX - 1 ter route de Conches | MS Team Event -  Allée de Quenet - Château salle de réception - 4 Allée de Quenet | MS Team Event -  Allée de Quenet - Dépendances - 4 Allée de Quenet,25,modérée,aucun DAE accessible 24h/24
Vandrimare,Mairie - Vandrimare,info@vandrimare.fr,Rue des Écoles,27380,Vandrimare,https://lannuaire.service-public.gouv.fr/normandie/eure/5371e429-5a0d-4331-b765-9c4921138772,3,3,0,0,1,0,3,inconnu:3,"non renseigné / non renseigné:1 | événements / heures ouvrables:1 | lundi, mardi, mercredi, jeudi, vendredi / heures ouvrables:1",Hall d'entrée de la salle des fêtes - Selon évènements:1 | préau de l école - L au V 8h30/12h + Ma et V 13h30/17h:1,DAE du Centre Socio Culturel de Vandrimare - 8 rue des Sports | CC Lyons Andelle -  Rue des Sports - Hall d'entrée de la salle des fêtes - Rue des Sports | Mairie de Vandrimare -  Rue des ecoles - Ecole - 16 Rue des ecoles,25,modérée,aucun DAE accessible 24h/24
Écouis,Mairie - Écouis,mairie@ecouis.fr,1 place de la Mairie,27440,Écouis,https://lannuaire.service-public.gouv.fr/normandie/eure/6d76da5c-d7e7-473d-bb82-26813c29fe43,3,3,0,0,2,0,3,inconnu:3,"non renseigné / non renseigné:2 | lundi, mardi, mercredi, jeudi, vendredi, samedi / heures ouvrables:1",L APPAREIL SE SITUE AU PREMIER ETAGE:1 | L APPAREIL SE SITUE A L ACCUEIL:1,3423 - 5000 5000 Rue Nationale 27440 Écouis | DAE EHPAD DES QUATRE VENTS - ROUTE DU MOULINET | DAE IME ECOUIS - 1 Route de Rouen,25,modérée,aucun DAE accessible 24h/24
Bazincourt-sur-Epte,Mairie - Bazincourt-sur-Epte,secretariat@bazincourt-sur-epte.fr,6 rue de la Mairie,27140,Bazincourt-sur-Epte,https://lannuaire.service-public.gouv.fr/normandie/eure/08c07b5d-df9e-4d3e-9a36-2d61fbae1f34,2,2,0,1,1,0,2,inconnu:2,lundi / heures ouvrables:1 | 7j/7 / 24h/24:1,Dans le sac à l'entrée de l'acceuil:1,BAZINCOURT-SUR-EPTE - 6 rue de la Mairie | FRED EASY AMPHASTAR - 158 Saint Charles,20,modérée,couverture déclarée limitée
Bernouville,Mairie - Bernouville,mairie.bernouville@gmail.com,Rue Georges-Joignet,27660,Bernouville,https://lannuaire.service-public.gouv.fr/normandie/eure/6fdacd06-73ec-4f04-947e-e774785d0d98,2,2,0,1,1,1,1,inconnu:2,"lundi, mardi, mercredi, jeudi, vendredi / heures ouvrables:1 | 7j/7 / 24h/24:1",Accueil du site - L au V 8h/18h:1,NOVUS - 10 rue de la Feuillie - Accueil du site - 10 rue de la Feuillie | DAE SALLE COMMUNALE DE BERNOUVILLE - 2 RUE GEORGES CLEMENCEAU,20,modérée,couverture déclarée limitée
Boissey-le-Châtel,Mairie - Boissey-le-Châtel,mairie-boissey@wanadoo.fr,1 place de la Mairie,27520,Boissey-le-Châtel,https://lannuaire.service-public.gouv.fr/normandie/eure/0ed483d3-a717-4d9d-90a1-f10dc7d3e7c9,2,2,0,2,1,1,1,inconnu:2,7j/7 / 24h/24:2,Grande rue au niveau de la bibliothèque - 7j/7 24h/24:1 | Situé au Manoir Normand au niveau de l'accueil de l'hôtel:1,Mairie de Boissey le Chatel - 16 place de la Mairie - Grande rue au niveau de la bibliothèque - 16 place de la Mairie | DAE - Château de Tilly - 43 allée de Guise,20,modérée,couverture déclarée limitée
Glos-sur-Risle,Mairie - Glos-sur-Risle,mairie-glos-sur-risle@wanadoo.fr,3 place Guy-Dutheil,27290,Glos-sur-Risle,https://lannuaire.service-public.gouv.fr/normandie/eure/ce576bbf-576f-4309-8f74-c5552d33e09c,2,2,0,2,1,2,0,inconnu:2,7j/7 / 24h/24:2,Salle des Fêtes - 7j/7 24h/24:1 | Façade agence postale - 7j/7 24h/24:1,Mairie de Glos sur Risle - 50 A rue Saint Vincent - Salle des fêtes - 50 A rue Saint Vincent | Mairie de Glos sur Risle -  Place de la Mairie - Façade agence postale - 1 Place de la Mairie,20,modérée,couverture déclarée limitée
Surtauville,Mairie - Surtauville,surtauville@wanadoo.fr,22 route d'Elbeuf,27400,Surtauville,https://lannuaire.service-public.gouv.fr/normandie/eure/a5ea495c-5e7c-4d87-b536-3866da100b85,2,2,0,1,1,1,1,inconnu:2,7j/7 / heures ouvrables:1 | 7j/7 / 24h/24:1,Entrée de la salle des fêtes à gauche. - accessible selon événement:1 | Cour Mairie et Mur école - 7j/7 24h/24:1,Mairie de Surtauville - 22 route d'Elbeuf - Mairie de Surtauville(1) - 22 route d'Elbeuf | Sivos Crasville Quatremare Surtaville - 22 route d'Elbeuf - Cour Mairie et Mur école - 22 route d'Elbeuf,20,modérée,couverture déclarée limitée
Ambenay,Mairie - Ambenay,ambenay.mairie@wanadoo.fr,5 place de l'Église,27250,Ambenay,https://lannuaire.service-public.gouv.fr/normandie/eure/b5fe95ac-27f8-4d0d-a645-393ca1cfb2be,3,3,0,2,0,2,1,inconnu:3,"7j/7 / 24h/24:2 | vendredi, lundi, mardi, mercredi, jeudi / heures ouvrables:1",DAE sur la Place de l'Eglise au niveau du parking vers l'accès grande porte de l'église:1 | ATELIER:1,DAE-Mairie - Place de l'Eglise - 5 Place de l'Eglise | CALISTE MARQUIS - 1 Route d'Ambenay l'Ecureuil | DAE BATIMENT COMMUNAL D'AMBENAY - 5 PLACE DE L'EGLISE,15,faible,accessibilité publique non visible
Amfreville-les-Champs,Mairie - Amfreville-les-Champs,mairie.amfrevilleleschamps@orange.fr,72 rue de la Mairie,27380,Amfreville-les-Champs,https://lannuaire.service-public.gouv.fr/normandie/eure/0a974c34-73d4-4cc5-a007-3acd716fd230,3,2,0,3,0,3,0,inconnu:3,7j/7 / 24h/24:3,Sur la droite par rapport à la porte d'entrée de la mairie. - 7j/7 24h/24:1 | Cour de la mairie au mur sous l’arrêt de bus. - 7j/7 24h/24:1 | extérieur salle des fêtes - 7j/7 24h/24:1,CC Lyons Andelle -  Rue de la Mairie - Sur la droite par rapport à la porte d'entrée de la mairie. - 72 Rue de la Mairie | Mairie d'Amfreville Sous Les Monts - 1 place René Raban - Mairie d'Amfreville Sous Les Monts - 1 place René Raban | Mairie d'Amfreville les Champs - 90 rue de la mairie - Salle des fêtes De Decker - 90 rue de la mairie,15,faible,accessibilité publique non visible
Bueil,Mairie - Bueil,secretariat@ville-bueil.fr,28 Grande rue,27730,Bueil,https://lannuaire.service-public.gouv.fr/normandie/eure/242f5071-42e3-4779-93d2-965b01bbb063,5,5,0,1,0,1,4,inconnu:5,"lundi / heures ouvrables:2 | 7j/7 / 24h/24:1 | lundi, mardi, mercredi, jeudi, vendredi / heures ouvrables:1",Tél. Mairie : 02 32 36 58 74:1 | Tél. Mairie : 0232365874:1 | Accueil collège:1,DAE MAIRIE DE BUEIL - 33 Grande rue | DAE MAIRIE DE BUEIL - 33 Grande Rue | SNCF Gare de Bueil - 1 Place de la Gare | FRED PA-1 ENTIEREMENT AUTOMATIQUE - 22 1 rue des chalps | Pharmacie THÉRIAQUE - Place du centre commercial,15,faible,accessibilité publique non visible
Bémécourt,Mairie - Bémécourt,sivos@sivos-mairie-bemecourt.fr,1 place des Noës,27160,Bémécourt,https://lannuaire.service-public.gouv.fr/normandie/eure/0258ff89-d9fc-4597-a626-7b6294507279,4,4,0,1,0,0,4,inconnu:4,"lundi, mardi, mercredi, jeudi, vendredi / heures ouvrables:3 | 7j/7 / 24h/24:1",PROCHE SALLE A MANGER:1,FRED PA1 - 20 Chemin du Patrouillet | DAE ECOLE DE BEMECOURT - 2 PLACE DES NOES PRES DE LA MAIRIE | DAE SALLE DES FETES - 18 BIS CHEMIN DU PATROUILLET | DAE MAIRIE DE BEMECOURT - 1 PLACE DE NOES,15,faible,accessibilité publique non visible
Chambois,Mairie - Chambois,mairie@chambois.fr,Avrilly 7 rue des Bordes,27240,Chambois,https://lannuaire.service-public.gouv.fr/normandie/eure/3e43ff37-6ef4-4ddc-bbaf-778e80b9e7ed,3,3,0,2,0,2,1,inconnu:3,"7j/7 / 24h/24:2 | lundi, mardi, mercredi, jeudi, vendredi / heures ouvrables:1",,DAE MAIRIE DE CHAMBOIS - AVRILLY - 7 RUE DES BORDES AVRILLY | DAE MAIRIE DE CORNEUIL - 17 ROUTE FLEURIE CORNEUIL | DAE SALLE DES FETES DE THOMER - 4 ROUTE D'ORLEANS THOMER LA SOGNE,15,faible,accessibilité publique non visible
Clef-Vallée-d'Eure,Mairie - Clef-Vallée-d'Eure,mairie@clefve.fr,La Croix-Saint-Leufroy 6 rue de Louviers,27490,Clef-Vallée-d'Eure,https://lannuaire.service-public.gouv.fr/normandie/eure/4e251021-9f53-4e12-a6c4-e40e91c84cb9,3,3,0,1,0,1,2,inconnu:3,non renseigné / heures ouvrables:2 | 7j/7 / 24h/24:1,Entre les vestiaires arbitre et joueurs - 7j/7 24h/24:1,CA Seine Eure Agglomeration -  Rue de Saint Vigor - Stade Emile Letord - 1 Rue de Saint Vigor | DECHETERIE DE LA CROIX ST LEUFROY - RUE DU CHEMIN VERT | VIVIER EXPLOITATION - 15 RUE DE LOUVIERS,15,faible,accessibilité publique non visible
Corneville-sur-Risle,Mairie - Corneville-sur-Risle,mairie-de-cornevillesurrisle@wanadoo.fr,2621 chemin de la Vierge,27500,Corneville-sur-Risle,https://lannuaire.service-public.gouv.fr/normandie/eure/558885a2-481f-450b-a885-774289bb2159,4,4,0,3,0,2,2,inconnu:4,7j/7 / 24h/24:3 | non renseigné / heures ouvrables:1,"Salle des Fêtes - 7j/7 24h/24:1 | Stade de Football - 7j/7 24h/24:1 | Garage des cars, sur le mur des bureaux administratifs - 7j/7 24h/24:1",Mairie de Corneville Sur Risle - 2621 Chemin de la Vierge - Salle des fêtes - 2621 Chemin de la Vierge | Mairie de Corneville Sur Risle - 2621 chemin de la vierge - Salle communale - 2621 chemin de la vierge | Transdev Normandie Pont Audemer - 342 avenue Robert Planquette - Lieudit Les Pres Hazay - 342 avenue Robert Planquette | LES CLOCHES DE CORNEVILLE - 51 RUE DU CARILLON,15,faible,accessibilité publique non visible
Gasny,Mairie - Gasny,mairie@gasny.fr,42 rue de Paris,27620,Gasny,https://lannuaire.service-public.gouv.fr/normandie/eure/8050af6a-397a-4909-a5db-e6de1dda7fcd,11,11,0,6,0,6,5,inconnu:11,"7j/7 / 24h/24:6 | lundi, mardi, mercredi, jeudi, vendredi / heures ouvrables:3 | vendredi, lundi, samedi, mardi, mercredi, jeudi / heures ouvrables:1",Entrée:1 | BUREAU:1 | DERRIERE LES CAISSES:1,FRED PA-1 ENTIEREMENT AUTOMATIQUE - 2 Rue Schuman | PHILIPS HEARTSTART DEFIBRILLATEUR HS1 - 7 ROUTE DE FOURGES | DAE GASNY - SALLE DES FETES - 10 Route de Fourges | DAE GASNY - EGLISE - 2 Place de l'Eglise | DAE GASNY - ECOLE LES COCCINELLES - 3 Rue Robert Schumann,15,faible,accessibilité publique non visible
Heudreville-sur-Eure,Mairie - Heudreville-sur-Eure,,Place de la Mairie,27400,Heudreville-sur-Eure,https://lannuaire.service-public.gouv.fr/normandie/eure/d391695c-e4ff-4b0c-87b2-cbdf9e779081,3,3,0,2,0,3,0,inconnu:3,"lundi, 7j/7 / heures ouvrables, 24h/24:1 | lundi / heures ouvrables:1 | 7j/7 / 24h/24:1","mur de la mairie, côté église:2",DAE DE LA MAIRIE D'HEUDREVILLE SUR EURE - Salle de sport Jean Luc REICHER Rue Rene Huet | DAE de la Mairie d'Heudreville sur eure - 5 place de la mairie | Les 3 lacs Bernières Mairie - 2 Chemin de la Continuite,15,faible,accessibilité publique non visible
Le Vieil-Évreux,Mairie - Le Vieil-Évreux,mairie@levieilevreux.fr,20 rue du Jonctier,27930,Le Vieil-Évreux,https://lannuaire.service-public.gouv.fr/normandie/eure/f643205e-ce9d-41ba-91d2-be44bdebddac,14,14,0,1,0,1,13,inconnu:14,"lundi, mardi, mercredi, jeudi, vendredi / heures ouvrables:7 | non renseigné / heures ouvrables:2 | lundi, mardi, mercredi, jeudi, vendredi, samedi / heures ouvrables:1",En face l'entrée:1 | Mur gauche mairie place handicapés:1 | Vestiaire arbitre:1,"GRAND FRAIS GESTION - 123 123 Rue de Cocherel | Basic-Fit Le Vieil Evreux, 59 rue Jacqueline Auriol 4403 - 59 Rue Jacqueline Auriol | FRED PA-1 ENTIEREMENT AUTOMATIQUE - 1186 1145 route de paris | FRED PA-1 ENTIEREMENT AUTOMATIQUE - 20 rue du jonctier | FRED PA-1 ENTIEREMENT AUTOMATIQUE - 19 Rue du stade",15,faible,accessibilité publique non visible
Les Hogues,Mairie - Les Hogues,mairiedeshogues@wanadoo.fr,5 rue de l'Église,27910,Les Hogues,https://lannuaire.service-public.gouv.fr/normandie/eure/c149c8fb-44a4-402c-b973-70773b8beab5,3,3,0,1,0,1,2,inconnu:3,"lundi / heures ouvrables:1 | 7j/7 / 24h/24:1 | mardi, mercredi, jeudi, vendredi, samedi / heures ouvrables:1",TEL : 0235236237:1 | Extérieur salle des fêtes - 7j/7 24h/24:1 | à l'intérieur d'une armoire dans le hall de la bibliothèque - M au V 15h/18h et S 10h/12h:1,DAE Mairie de Vascoeuil - 12 rue des écoles | Mairie de Les Hogues -  RD 6 - Salle des fêtes - 23 RD 6 | Mairie de Les Hogues - 1 rue des Ecoles - à l'intérieur d'une armoire dans le hall de la bibliothèque - 1 rue des Ecoles,15,faible,accessibilité publique non visible
Montfort-sur-Risle,Mairie - Montfort-sur-Risle,mairie.montfortsurrisle@wanadoo.fr,3 rue Saint-Pierre,27290,Montfort-sur-Risle,https://lannuaire.service-public.gouv.fr/normandie/eure/f3454d89-049c-4c9b-bb52-84eb39bf554a,5,5,0,1,0,1,4,inconnu:5,"lundi, mardi, mercredi, jeudi, vendredi / heures ouvrables:2 | 7j/7 / 24h/24:1 | lundi, mardi, mercredi, jeudi, vendredi, samedi / heures ouvrables:1",Salle des profs:1 | Entrée du bâtiment - 7j/7 24h/24:1 | Hall d’entrée - Selon horaires ouverture du centre technique:1,FRED PA-1 ENTIEREMENT AUTOMATIQUE - 8 80 rue st piere | CC Pont-Audemer / Val de Risle -  Rue Bertrand Beauchesne - maison pour tous - 2 Rue Bertrand Beauchesne | CC Pont-Audemer / Val de Risle - 1 rue René Sautin - Centre Technique - 1 rue René Sautin | CC Pont-Audemer / Val de Risle - 5 place des Annonciades - Ecole de Musique Val de Risle - 5 place des Annonciades | HAVE WILFRID - 82 RUE SAINT PIERRE,15,faible,accessibilité publique non visible
Nonancourt,Mairie - Nonancourt,commune@mairie-nonancourt.fr,31 rue Hippolyte-Lozier,27320,Nonancourt,https://lannuaire.service-public.gouv.fr/normandie/eure/545d9366-0ce1-486a-9505-5b458b836797,4,4,0,1,0,1,3,inconnu:4,"7j/7 / 24h/24:1 | lundi, mardi, mercredi, jeudi, vendredi / heures ouvrables:1 | lundi, vendredi, samedi, mardi, mercredi, jeudi / heures ouvrables:1",ACCUEIL PROCHE DES CAISSES:1,SNCF Gare de Nonancourt - 3 Route de Damville | DAE-GT27 - 963 Rue de la Vallee aux Bois | CARREFOUR - NONANCOURT - Rue de la cité neuve | PHARMACIE DE NONANCOURT - 53 GRANDE RUE,15,faible,accessibilité publique non visible
Pacy-sur-Eure,Mairie - Pacy-sur-Eure,mairie@pacy27.fr,Place René-Tomasini,27120,Pacy-sur-Eure,https://lannuaire.service-public.gouv.fr/normandie/eure/65dbd183-5d2f-4146-a711-ac4e49f16458,30,30,0,5,0,7,23,inconnu:30,"lundi, mardi, mercredi, jeudi, vendredi / heures ouvrables:9 | 7j/7 / 24h/24:5 | événements / heures ouvrables:4",entrée:4 | acceuil:3 | facade:3,CLG GEORGES POMPIDOU - 2 Avenue de Madrie | FRED PA-1 ENTIEREMENT AUTOMATIQUE - 10 113 RUE EDOUARD ISAMBARD | BRICOMARCHE - NIGEL - 12 Rue du 18 Juin 1940 | FRED EASY LIFE D.E.A - 3 rue du chateau | FRED EASY LIFE D.E.A - 8 place thomas sini,15,faible,accessibilité publique non visible
Perriers-sur-Andelle,Mairie - Perriers-sur-Andelle,accueil@perrierssurandelle.com,46 rue du Général-de-Gaulle,27910,Perriers-sur-Andelle,https://lannuaire.service-public.gouv.fr/normandie/eure/d3b76da8-a1bd-4501-8a43-3638b286fb42,5,5,0,1,0,1,4,inconnu:5,"non renseigné / non renseigné:1 | événements / heures ouvrables:1 | lundi, mardi, mercredi, jeudi, vendredi / heures ouvrables:1",Hall gymnase - Selon évènements:1 | entree:1 | sur le côté du vestiaire au stade de football - 7j/7 24h/24:1,DAE du Complexe sportif JAURES - 6 rue de la Forêt | CC Lyons Andelle - 18 rue de la Forêt - Hall gymnase - 18 rue de la Forêt | FRED EASY AUTO AVEC  METRONOME - 53 18 A rue de la foret | Mairie de Perriers sur Andelle -  Rue de la Forêt - Complexe Sportif - Rue de la Forêt | PHILLIPS HS1 - 1ter Rue des Canadiens,15,faible,accessibilité publique non visible
Pont-Saint-Pierre,Mairie - Pont-Saint-Pierre,mairie@pontsaintpierre.fr,54 Grande-Rue,27360,Pont-Saint-Pierre,https://lannuaire.service-public.gouv.fr/normandie/eure/560df136-ecfd-4f2a-953c-966f63125c4b,4,4,0,1,0,2,2,inconnu:4,"lundi, vendredi, mardi, mercredi, jeudi / heures ouvrables:3 | 7j/7 / 24h/24:1",Salle Calvo - mur toilettes publiques - 7j/7 24h/24:1 | COULOIR ADMINISTRATIF:1 | ENTREE ATELIER PROD BAT B:1,Mairie de Pont-Saint-Pierre -  Place du Marché - Salle des fêtes - 147 Place du Marché | MILTON ROY - ACCUEIL - 10 GRANDE RUE | MILTON ROY - ATELIER PROD BAT B - 10 GRANDE RUE | MILTON ROY - BAT K - 10 GRANDE RUE,15,faible,accessibilité publique non visible
Quillebeuf-sur-Seine,Mairie - Quillebeuf-sur-Seine,mairie-dequillebeuf@wanadoo.fr,74 quai de Seine,27680,Quillebeuf-sur-Seine,https://lannuaire.service-public.gouv.fr/normandie/eure/75d58b7f-5768-47cc-a0ff-c1014802e5b5,3,3,0,1,0,1,2,inconnu:3,"événements / heures ouvrables:1 | 7j/7 / 24h/24:1 | lundi, mardi, jeudi, mercredi, vendredi, samedi, dimanche, jours fériés / heures ouvrables:1","Hall d'entrée - selon événements:1 | Façade côté école maternelle ( proximité du local poubelle) - 7j/7 24h/24:1 | Lundi au samedi : 5h30-22h30. Dimanche et jours fériés : 5h30-22h30. Tous les défibrillateurs sont à bord des bacs, qu'ils soient maritimes ou fluviaux, il y a un défibrillateur embarqué:1",Mairie de Quillebeuf sur Seine -  Rue aux vaches - Salle Communale Jacques Langlois - 6 Rue aux vaches | CC Pont-Audemer / Val de Risle - 20 rue Saint Seurin - Façade côté école maternelle ( proximité du local poubelle) - 20 rue Saint Seurin | FRED PA-1 ONLINE AUTOMATIQUE - Place du Bac,15,faible,accessibilité publique non visible
Rugles,Mairie - Rugles,contact@mairie-rugles.fr,33 ter rue Aristide-Briand,27250,Rugles,https://lannuaire.service-public.gouv.fr/normandie/eure/0e07e362-26dc-499d-a790-e01ee3256fb8,13,13,0,5,0,5,8,inconnu:13,"lundi, mardi, mercredi, jeudi, vendredi / heures ouvrables:6 | 7j/7 / 24h/24:5 | non renseigné / non renseigné:1",,SAVER ONE - 8 RUE JEAN MOULIN | DAE MAIRIE DE RUGLES - 33 T RUE ARISTIDE BRIAND | DAE ECOLE ELEMENTAIRE - 11 RUE DE LA CHENOTIERE | DAE EFS RUGLES - 33 TER RUE ARISTIDE BRIAND | DAE ECOLE PRIMAIRE - 43 RUE GEORGES CLEMENCEAU,15,faible,accessibilité publique non visible
Sacquenville,Mairie - Sacquenville,accueil@sacquenville.fr,1 place de la Mairie,27930,Sacquenville,https://lannuaire.service-public.gouv.fr/normandie/eure/613829fe-792e-4fda-9de0-e54f9690df0a,3,3,0,2,0,3,0,inconnu:3,"7j/7 / 24h/24:2 | vendredi, lundi, mardi, mercredi, jeudi / heures ouvrables:1",SOUS LE PREAU DE L'ECOLE:1 | FACADE DE LA POSTE:1 | FACADE DE LA SALLE DES FETES:1,GROUPE SCOLAIRE SACQUENVILLE - 6 Rue du Désert | LA POSTE SACQUENVILLE - 3 Rue du Bout aux Plaids | SALLE DES FETES SACQUENVILLE - 10 Rue de Floquet,15,faible,accessibilité publique non visible
Saint-Aubin-sur-Quillebeuf,Mairie - Saint-Aubin-sur-Quillebeuf,mairie-st-aubin-s-quillebeuf@wanadoo.fr,330 rue de l'Église,27680,Saint-Aubin-sur-Quillebeuf,https://lannuaire.service-public.gouv.fr/normandie/eure/513b6f33-ccd6-4889-8c2c-8a85141e4588,4,4,0,1,0,2,2,inconnu:4,non renseigné / non renseigné:2 | lundi / heures ouvrables:1 | 7j/7 / 24h/24:1,Tél Mairie : 0232575479:1 | Positionné sur le côté de la mairie:1,DAE de la Mairie Saint-Aubin-sur-Quillebeuf - 263 rue de l'église | SASSETOT LE MALGARDE 1 - 110 Rue de la Mairie | DAE Mairie de St Aubin sur Quillebeuf - 263 rue de l'Eglise | DAE MAIRIE - 312 Rue de l'Eglise,15,faible,accessibilité publique non visible
Saint-Georges-du-Vièvre,Mairie - Saint-Georges-du-Vièvre,mairie.saintgeorgesduvievre@wanadoo.fr,Place de la Mairie,27450,Saint-Georges-du-Vièvre,https://lannuaire.service-public.gouv.fr/normandie/eure/f0de7fc3-1acc-4f92-8dab-2317859dc45e,4,4,0,1,0,1,3,inconnu:4,"7j/7 / 24h/24:1 | lundi, mardi, mercredi, jeudi, vendredi, samedi / heures ouvrables:1 | lundi, mardi, mercredi, jeudi, vendredi / heures ouvrables:1",Façade de la mairie - 7j/7 24h/24:1 | accueil - L au V 8h/19h S 8h/12h:1 | Entrée - L au V 9h/12h30 13h30/17h30:1,Mairie de Saint Georges du Vievre - 2 place de la Mairie - Mairie - 2 place de la Mairie | SISA Lieuvin Pays d'Auge - 611 route de Lieurey - accueil - 611 route de Lieurey | CC Lieuvin Pays d'Auge -  Rue du Docteur Duclos - Entrée - 19 Rue du Docteur Duclos | CC Lieuvin Pays d'Auge -  Route de Noards - Gymnase - 250 Route de Noards,15,faible,accessibilité publique non visible
Saint-Pierre-de-Bailleul,Mairie - Saint-Pierre-de-Bailleul,mairie.bailleul@wanadoo.fr,5 place de la Grâce,27920,Saint-Pierre-de-Bailleul,https://lannuaire.service-public.gouv.fr/normandie/eure/ebc4d79c-b23f-43f8-9682-17df64d587fa,3,3,0,2,0,2,1,inconnu:3,7j/7 / 24h/24:2 | événements / heures ouvrables:1,Infirmerie - Selon évènements:1 | Sur un poteau EDF face au numero 3 - 7j/7 24h/24:1 | place à côté du plan commune - 7j/7 24h/24:1,Mairie de Saint Pierre de Bailleul -  Rue Georges Vimont - Stade - Rue Georges Vimont | Mairie de Saint Pierre de Bailleul -  Rue des Vignes - Sur un poteau EDF face au numero 3 - 3 Rue des Vignes | Mairie de Saint Pierre de Bailleul - 5 place de la Grace - Hameau Grace - 5 place de la Grace,15,faible,accessibilité publique non visible
Saint-Pierre-la-Garenne,Mairie - Saint-Pierre-la-Garenne,mairie-st-pierre-garenne@orange.fr,98 route départementale 15,27600,Saint-Pierre-la-Garenne,https://lannuaire.service-public.gouv.fr/normandie/eure/939615b7-204e-4e21-8d77-3ec070a220e2,3,3,0,1,0,1,2,inconnu:3,7j/7 / heures ouvrables:1 | 7j/7 / 24h/24:1 | non renseigné / heures ouvrables:1,Dans l’enceinte de la salle des fêtes sur le bâtiment de la bibliothèque communale - 7j/7 8h/21h:1 | A la Mairie - 7J/7 24h/24:1,Mairie de Saint Pierre La Garenne - 2 rue des Farguettes - Salle des fêtes - 2 rue des Farguettes | Mairie de Saint Pierre La Garenne - 98 route Nationale 15 - A la Mairie - 98 route Nationale 15 | CHAUDRONNERIE SERRURERIE TUYAUTERIE EURE - 64 RUE DU FOND DU VAL,15,faible,accessibilité publique non visible
Sainte-Opportune-la-Mare,Mairie - Sainte-Opportune-la-Mare,steopportunelamare@wanadoo.fr,21 allée des Pommiers,27680,Sainte-Opportune-la-Mare,https://lannuaire.service-public.gouv.fr/normandie/eure/c1ec2eaf-67ff-439e-bc3c-b71c3263a4a4,6,6,0,1,0,1,5,inconnu:6,"non renseigné / heures ouvrables:4 | 7j/7 / 24h/24:1 | lundi, mardi, mercredi, jeudi, vendredi / heures ouvrables:1",Sous le porche - 7j/7 24h/24:1 | ARM EXT : 2306S390:1,Mairie Sainte Opportune la Mare - 21 allée des pommiers - Mairie - 21 allée des pommiers | ASSOCIATION SYNDICALE LIBRE DU DOMAINE DE LA BUQUE - 101 Chemin de la Buquetterie | AMBULANCES DE LA SEINE - 88 PL DE LA MAIRIE | AMBULANCES DE LA SEINE - 88 PL DE LA MAIRIE | AMBULANCES DE LA SEINE - 88 PL DE LA MAIRIE,15,faible,accessibilité publique non visible
Sylvains-lès-Moulins,Mairie - Sylvains-lès-Moulins,mairie.sylvains-les-moulins@wanadoo.fr,2 rue des Écoles,27240,Sylvains-lès-Moulins,https://lannuaire.service-public.gouv.fr/normandie/eure/a8c228be-94ea-4ddf-b08f-33c6a44da83b,3,3,0,2,0,2,1,inconnu:3,"7j/7 / 24h/24:2 | lundi, mardi, mercredi, jeudi, vendredi / heures ouvrables:1",,DAE SALLES DES FETES - 14 RUE DE L'EPINETTE | DAE MAIRIE SYLVAINS LES MOULINS - 2 RUE DES ECOLES | DAE ECOLE DE SYLVAINS LES MOULINS - 2 RUE DES ECOLES,15,faible,accessibilité publique non visible
Toutainville,Mairie - Toutainville,commune.toutainville@orange.fr,2 rue Maurice-Rabasse,27500,Toutainville,https://lannuaire.service-public.gouv.fr/normandie/eure/19311a17-7676-4bb7-b3f9-35f459de7c8a,4,4,0,3,0,3,1,inconnu:4,"7j/7 / 24h/24:3 | lundi, mardi, mercredi, jeudi, vendredi, samedi, dimanche, 7j/7, jours fériés, événements / heures ouvrables:1",Bâtiment logistique golf - 7j/7 24h/24:1 | Bureau:1 | Façade salle polyvalente - 7j/7 24h/24:1,CC Pont-Audemer / Val de Risle - 19 route des Etangs - Camping de Pont-Audemer - 19 route des Etangs | CLA250620492 - 1432 Route des Étangs | Mairie de Toutainville - 6 Chemin de la Fiere - Salle des fêtes - 6 Chemin de la Fiere | Mairie de Toutainville - 3 rue Maurice Rabasse - Façade de la mairie - 3 rue Maurice Rabasse,15,faible,accessibilité publique non visible
Mesnils-sur-Iton,Mairie - Mesnils-sur-Iton,contact@mesnils-sur-iton.fr,Damville 51 rue Sylvain-Lagescarde,27240,Mesnils-sur-Iton,https://lannuaire.service-public.gouv.fr/normandie/eure/9a1b574b-89d0-467a-81f5-c299c5e0be26,33,32,1,17,2,15,18,inconnu:33,"7j/7 / 24h/24:17 | lundi, mardi, mercredi, jeudi, vendredi / heures ouvrables:10 | non renseigné / heures ouvrables:2",acceuil:3 | L APPAREIL SE SITUE A L USINE:1 | A l'arrière du bâtiment au dessus de la chute d'eau du Moulin - 7j/7 24h/24:1,DAE Mairie de Roman blandey - 5 Chemin de Nonancourt | DAE Mairie de Gouville - 6 Route de la Mairie | DAE CHOCOLATERIE CLUIZEL - AVENUE DE CONCHES | DAE Mairie Le Sacq - 2 Rue de la Chapelle | DAE Mairie de Grandvilliers - 6 Route de Nonancourt (Grandvilliers),10,faible,au moins un DAE hors service
Alizay,Mairie - Alizay,contact@alizay.fr,99 rue de l'Andelle,27460,Alizay,https://lannuaire.service-public.gouv.fr/normandie/eure/0967671c-d5e4-4cde-bbef-19ebb125d36b,11,11,0,2,2,3,8,inconnu:11,7j/7 / 24h/24:2 | non renseigné / heures ouvrables:2 | lundi / heures ouvrables:1,dans le hall à gauche entre les vestiaires:1 | Façade - 7j/7 24h/24:1 | Couloir principal - Selon activités Gymnase:1,DAE DU GYMNASE STADE COMPLEXE SPORTIF - 7 rue de l'église | Mairie d’Alizay -  Place de la Résistance - Bibliothèque - 2 Place de la Résistance | Mairie d’Alizay - 76 rue de l'Eglise - Gymnase - 76 rue de l'Eglise | Mairie d’Alizay - 46 rue des Forières - Ecole - 46 rue des Forières | Mairie d’Alizay -  D508 - Route du Manoir - Complexe Sportif - D508 - Route du Manoir,0,faible,
Amfreville-sur-Iton,Mairie - Amfreville-sur-Iton,secretariat@mairie-amfreville-sur-iton.fr,1 route d'Évreux,27400,Amfreville-sur-Iton,https://lannuaire.service-public.gouv.fr/normandie/eure/6cc987bb-ba3e-44ec-b7b4-6bd781058df6,4,4,0,3,2,3,1,inconnu:4,7j/7 / 24h/24:3 | non renseigné / heures ouvrables:1,24/24:1 | Accès sur le mur du transformateur:1 | Accès sur le mur de la salle des Charitons à proximité de l'église:1,LES P'TITS SABOTS - 50 - 52 RTE DE LOUVIERS | Salle d'activités (Façade entrée) - 10 Route d’Evreux | DAE LA MARE HERMIER - 3 Rue de la Métairie | DAE CHARITONS - 3 Rue de l’Eglise,0,faible,
Angerville-la-Campagne,Mairie - Angerville-la-Campagne,angerville27mairie@wanadoo.fr,16 rue de la Ferme,27930,Angerville-la-Campagne,https://lannuaire.service-public.gouv.fr/normandie/eure/be9083dc-c045-4c82-9f70-1ff670aeabe8,6,6,0,2,1,2,4,inconnu:6,"lundi / heures ouvrables:2 | lundi, mardi, mercredi, jeudi, vendredi / heures ouvrables:1 | lundi, mardi, mercredi, jeudi, vendredi, samedi, dimanche, 7j/7, jours fériés, événements / 24h/24:1",Dans la salle:1 | Tél. Mairie : 02 32 28 21 74:1 | meuble à droite de la porte d'entrée - tiroir du bas droite:1,DAE DE LA SALLE DES FÊTES D'ANGERVILLE LA CGNE - 9 Rue de la Ferme | DAE MAIRIE DE ANGERVILLE LA CAMPAGNE - 9 Rue de la Ferme | DAE EVREUX BOIS - route de damville | CLA230808949 - 2 Rue du Bois de la Lune | GRP SCOLAIRE ALPHONSE COSME - 8 Rue de la Fosse au Bossu,0,faible,
Bernay,Mairie - Bernay,mairie@bernay27.fr,Place Gustave-Héon,27307,Bernay Cedex,https://lannuaire.service-public.gouv.fr/normandie/eure/f42495a7-4bbf-4e22-8358-6fef4e3a25ed,61,61,0,2,7,1,60,inconnu:61,"lundi, mardi, mercredi, jeudi, vendredi / heures ouvrables:48 | non renseigné / heures ouvrables:4 | lundi, mardi, mercredi, jeudi, vendredi, samedi / heures ouvrables:3",a l entrée du magasin:1 | Salle de Dispatching - L au V 07h00 à 14h00:1 | Infirmerie - L au J 7h15/11h45 12h45/17h V 7h15/12h:1,"DAE de la sous-préfecture de Bernay - 10 bis rue Alexandre | GIFI BERNAY - 16 LIEU DIT ""RTE DE BROGLIE"" | Cerballiance Normandie Est - 17 rue Thiers - Salle de Dispatching - 17 rue Thiers | VILLE DE BERNAY-MAISON DE QUARTIER DU BOURG LE COMTE - 22 RUE ALFRED SISLEY | VILLE DE BERNAY-MAISON DE QUARTIER DU STADE - 12 AVENUE DE L'EUROPE",0,faible,
Beuzeville,Mairie - Beuzeville,mairie@beuzeville.fr,Place du Général-de-Gaulle,27210,Beuzeville,https://lannuaire.service-public.gouv.fr/normandie/eure/d47ed7fd-b3a6-4d37-95a6-d194c1f902f5,29,29,0,2,9,6,23,inconnu:29,"lundi, mardi, mercredi, jeudi, vendredi / heures ouvrables:8 | 7j/7 / heures ouvrables:5 | événements / heures ouvrables:5","A l'accueil de notre établissement, à droite en entrant.:1 | dans le local gardien de la déchèterie face à la porte:1 | Au relais assistantes maternelles au RDC:1",DAE de la CCPHB - 595 Chemin de la Carrellerie | DAE de la déchèterie de Beuzeville - 94 94 Rue Constant Fouché 27210 Beuzeville | DAE Abord'âge - 177 Rue Louis Pasteur | DAE Gymnase CCPHB - 595 Rue Pierre Mendès France | Sarl Banic -  ZA de la Carrelerie - Sarl Banic - Transport Nicolle - 30 ZA de la Carrelerie,0,faible,
Boulleville,Mairie - Boulleville,mairie.boulleville@gmail.com,1149 route de Honfleur,27210,Boulleville,https://lannuaire.service-public.gouv.fr/normandie/eure/241900f8-4f7d-4107-8be6-6a66581c097b,7,7,0,2,5,3,4,inconnu:7,"7j/7 / 24h/24:2 | lundi, mardi, mercredi, jeudi, vendredi, dimanche / 24h/24:2 | non renseigné / non renseigné:1",Façade - 7j/7 24h/24:2 | Usine - L au J 5h/21h - V 5h/15h hors vacances scolaires:1 | à l'accueil prendre à dte passer porte en verre au bout du couloir dernière porte sur la ghe avant atelier DAE à ghe de la porte accroché au mur:1,BOULLEVILLE 1-Maison des associations - 46 Maison des Associations | Protac Ouest - 45 rue de La Bruyère - La Cour Martin - 45 rue de La Bruyère | PowerHearthG5 - 37 avenue alain gossuin | Mairie de Boulleville -  Départementale 180 - Maison des Associations - 1149 Départementale 180 | Normabaie Production - 202 rue André Noël - ZA du Moulin à Vent - 202 rue André Noël,0,faible,
Bourneville-Sainte-Croix,Mairie - Bourneville-Sainte-Croix,mairie@bourneville-sainte-croix.fr,1 place de la Mairie,27500,Bourneville-Sainte-Croix,https://lannuaire.service-public.gouv.fr/normandie/eure/1cdc32ca-f451-4081-85dc-476515bd6f3c,6,6,0,4,1,4,2,inconnu:6,"7j/7 / 24h/24:4 | lundi, mardi, mercredi, jeudi, vendredi / heures ouvrables:1 | lundi, vendredi, mardi, mercredi, jeudi / heures ouvrables:1",sur la façade du vestiaire - 7j/7 24h/24:1 | sur la façade de la pharmacie - 7j/7 24h/24:1 | Mur mairie de saint croix sur aizier - 7j/7 24h/24:1,Mairie de Bourneville Sainte Croix - 608 route du Stade - Stade de Football - 608 route du Stade | Mairie de Bourneville Sainte Croix - 47 grande Rue - sur la façade de la pharmacie - 47 grande Rue | Mairie de Bourneville Sainte Croix - 26 chemin de la Mairie - Mairie de Ste Croix sur  Aizier - 26 chemin de la Mairie | Mairie de Bourneville Sainte Croix - 8 route de Routot - Ecole Primaire - 8 route de Routot | Sisa Medisante Bourneville - 1 bis rue des Jardins - Secrétariat - 1 bis rue des Jardins,0,faible,
Caumont,Mairie - Caumont,commune@caumont-normandie.fr,1 place Jacques-de-Colombel,27310,Caumont,https://lannuaire.service-public.gouv.fr/normandie/eure/e02f5f8c-2a61-4fdf-8a68-177030d42441,3,3,0,3,3,3,0,inconnu:3,7j/7 / 24h/24:3,,Mairie de Caumont | Salle polyvalente de Caumont - 3 Rue des 3 Epines | Quai de seine Caumont - 58 Quai de Seine,0,faible,
Charleval,Mairie - Charleval,mairie@charleval.net,Place Général-de-Gaulle,27380,Charleval,https://lannuaire.service-public.gouv.fr/normandie/eure/2fdab848-f18a-4e7c-8d1a-a78ebaa21f02,12,12,0,1,4,2,10,inconnu:12,"non renseigné / non renseigné:4 | lundi, mardi, mercredi, jeudi, vendredi / heures ouvrables:4 | 7j/7 / 24h/24:1",Stade de foot Charleval - 7j/7 24h/24:1 | Dans le hall d 'entrée à droite derrière les boîtes aux lettres - L au J 8h30/12h30 13h30/17h30 V 8h30/12h30 13h30/16h30:1 | Maison de la santé dans le Hall - L au S 8h30/19h:1,DAE de la Place de la Mairie - 1 place du général de gaulle | DAE de la Salle Charles IX - 67 Grande rue | DAE du stade de Charleval - 13 route des Perriers | CC Lyons Andelle - 1 bis route de Perriers - Stade de foot Charleval - 1 bis route de Perriers | CC Lyons Andelle - 11 rue Martin Liesse - ZAE La Vente Cartier - 11 rue Martin Liesse,0,faible,
Conches-en-Ouche,Mairie - Conches-en-Ouche,accueil@conchesenouche.com,Impasse de l'Hôtel-de-Ville,27190,Conches-en-Ouche,https://lannuaire.service-public.gouv.fr/normandie/eure/117c625b-9d7a-45f5-b6be-0f47e126f780,40,40,0,1,15,0,40,inconnu:40,"événements / heures ouvrables:13 | lundi, mardi, mercredi, jeudi, vendredi / heures ouvrables:11 | non renseigné / heures ouvrables:4","Hall, derrière la caisse - selon évènements L au S 10h/12h 14h/17h30:1 | Tout de suite à droite de la porte d'entrée - selon évènements:1 | Derrière la 1ere porte à gauche en haut des escaliers - L V 9h/12h:1","3612 - 22 22 Rue du Neubourg 27190 Conches-en-Ouche | Mairie de Conches en Ouche - 14 Rue Jacques Villon - Hall, derrière la caisse - 14 Rue Jacques Villon | Mairie de Conches en Ouche - 14 rue Jacques Villon - Tout de suite à droite de la porte d'entrée - 14 rue Jacques Villon | Mairie de Conches en Ouche -  Avenue des Promenades - Croix Rouge - Avenue des Promenades | Mairie de Conches en Ouche -  Rue George Clemenceau - Au fond de la salle à cote de la cuisine - 43 Rue George Clemenceau",0,faible,
Cormeilles,Mairie - Cormeilles,mairie@cormeillesenauge.com,24 bis rue de l'Abbaye,27260,Cormeilles,https://lannuaire.service-public.gouv.fr/normandie/eure/6915ef7e-9d88-4d9c-b4c7-42b96153d0a2,7,7,0,2,1,2,5,inconnu:7,7j/7 / heures ouvrables:3 | 7j/7 / 24h/24:2 | lundi / heures ouvrables:1,Dans le hall d'entrée du gymnase.:1 | Entrée du Four à Chaux - Selon horaires d'ouverture du parc:1 | Gymnase - Selon utilisation de la salle:1,DAE-MAIRIE - 24 bis rue de l'abbaye | DAE-THEATRE - 5 bis place du théâtre | DAE du gymnase Cormeilles - 69 Rue Paul Mare | CC Lieuvin Pays d'Auge -  Rue Sainte Croix - Passage près de l'église - 97 Rue Sainte Croix | CC Lieuvin Pays d'Auge -  Rue Paul Mare - Gymnase - 67 Rue Paul Mare,0,faible,
Courcelles-sur-Seine,Mairie - Courcelles-sur-Seine,mairie.courcelles@wanadoo.fr,Place de la Mairie,27940,Courcelles-sur-Seine,https://lannuaire.service-public.gouv.fr/normandie/eure/86911791-f573-4664-a51a-d8a98357e87d,5,5,0,2,1,3,2,inconnu:5,"7j/7 / 24h/24:2 | lundi, mardi, mercredi, jeudi, vendredi / heures ouvrables:2 | événements / heures ouvrables:1","Vestiaire arbitre - Selon évènements:1 | Place de la mairie devant la salle des fêtes - 7j/7 24h/24:1 | Hall d'entrée, accueil - L Ma 8h30-12h30/13h30-19h30 Me V 8h30-12h30/13h30-17h30 J 8h30-12h30/13h30-18h:1",Mairie de Courcelles sur Seine -  Impasse Michel Lapôtre - Stade de La Courcelle - 10 Impasse Michel Lapôtre | Mairie de Courcelles sur Seine -  Place de la Mairie - Place de la mairie devant la salle des fêtes - 3 Place de la Mairie | Mairie de Courcelles sur Seine - 2 rue du château d'eau - centre de santé communal - 2 rue du château d'eau | Mairie de Courcelles sur Seine -  Place de la Mairie - Salle des mariages - 1 Place de la Mairie | Mairie de Courcelles sur Seine -  Route des Champs - Clôture du centre de Loisirs - 12 Route des Champs,0,faible,
Criquebeuf-sur-Seine,Mairie - Criquebeuf-sur-Seine,mairie@criquebeuf-seine.fr,815 rue du Village,27340,Criquebeuf-sur-Seine,https://lannuaire.service-public.gouv.fr/normandie/eure/bd32e5e1-2ad1-4728-92aa-46c7762f1766,22,22,0,1,5,1,21,inconnu:22,"non renseigné / heures ouvrables:12 | lundi, mardi, mercredi, jeudi, vendredi / heures ouvrables:5 | lundi, mardi, mercredi, jeudi, vendredi, samedi / heures ouvrables:1",A l'entrée sur le site vous présenter au poste de garde - Plateforme logistique portant la mention ID LOGISTICS:1 | Vous présenter au poste de garde du site. Plateforme Logistique portant la mention ID LOGISTICS.:1 | Vous présenter au poste de garde. Plateforme Logistique portant la mention ID LOGISTICS:1,DAE1 _ID Logistics_Criquebeuf - ZAC du bosc Hetrel | DAE2-ID Logistics-Criquebeuf - ZAC du bosc Hétrel | DAE3-ID Logistics-Criquebeuf - ZAC du Bosc Hétrel | FRED PA-1 ENTIEREMENT AUTOMATIQUE - 930 ZA DU BOSH HETREL | Mairie de Criquebeuf sur Seine - 815 rue Village - Salle des fêtes - 815 rue Village,0,faible,
Gaillon,Mairie - Gaillon,accueil@ville-gaillon.fr,2 rue du Général-de-Gaulle,27600,Gaillon,https://lannuaire.service-public.gouv.fr/normandie/eure/622b4568-5ae2-455b-9eb3-9d4c6fa8ac63,34,34,0,5,12,9,25,inconnu:34,"lundi, mardi, mercredi, jeudi, vendredi / heures ouvrables:5 | lundi, mardi, jeudi, vendredi / heures ouvrables:5 | 7j/7 / 24h/24:4",Hall d'entrée rez de chaussée.Ouvert aussi le samedi et dimanche aux manifestations sportives:1 | TEL : 0562285189:1 | Entrée principale - DAE non accessible - En résidence privée -:1,DAE DU GYMNASE MALRAUX - 21 avenue François Mitterand | DAE de la Piscine AQUAVAL - 12 12 Place Aristide Briand 27600 Gaillon | Mairie de Gaillon -  Rue du Printemps de Prague - Résidence Autonomie - 2b Rue du Printemps de Prague | Mairie de Gaillon -  Route de la Garenne - Stade Jean Rives - 17 Route de la Garenne | CA Seine Eure Agglomeration - 3 rue Roland Roche - Maison Médicale - 3 rue Roland Roche,0,faible,
Gisors,Mairie - Gisors,direction.generale@mairie-gisors.fr,Quai Fossé-aux-Tanneurs,27140,Gisors,https://lannuaire.service-public.gouv.fr/normandie/eure/b19e202f-da33-4a20-a999-1cd32e9891b0,49,49,0,1,17,1,48,inconnu:49,"lundi, mardi, mercredi, jeudi, vendredi / heures ouvrables:14 | non renseigné / heures ouvrables:11 | lundi / heures ouvrables:6","Dans le club house, dans le couloir des vestiaires.:2 | Dans le petit couloir tout de suite à droite en entrant dans l'hôtel de ville, sur la gauche.:2 | Couloir des vestiaires - Me S D selon évènements:2","GIFI GISORS - 1 LIEUDIT ""LES LONGUES RAIES"" | DAE Ballastières - 27 Rue des Étangs | DAE Mairie de Gisors - 22 Quai du Fossé aux Tanneurs | DAE-STPEE-Gisors - 13 Route de Paris | DAE Ballastières - 5000 Rue des Étangs",0,faible,
Grand-Bourgtheroulde,Mairie - Grand-Bourgtheroulde,contact@grand-bourgtheroulde.fr,Place Jacques-Rafin,27520,Grand-Bourgtheroulde,https://lannuaire.service-public.gouv.fr/normandie/eure/f64fa405-4b1e-4cb8-9043-b54311b22444,11,11,0,1,1,3,8,inconnu:11,"lundi / heures ouvrables:4 | lundi, mardi, mercredi, jeudi, vendredi / heures ouvrables:3 | 7j/7 / 24h/24:1",INTÉRIEUR SALLE DES FÊTES:1 | INTÉRIEUR SALLE DES FÊTES DU PERREY:1 | salle des profs:1,Salle des fêtes de Bourgtheroulde infreville - 283 rue d'Elbeuf | Salle des fêtes du Perrey - 31 rue de Thuit Hebert | Salle des fêtes de Bourgtheroulde infreville - 137 rue d'Elbeuf | Salle des fêtes du Perrey - 31 rue de Thuit Hebert | FRED PA-1 ENTIEREMENT AUTOMATIQUE - 88 rue de leglise,0,faible,
Guichainville,Mairie - Guichainville,mairie-guichainville@orange.fr,15 rue de la Dime,27930,Guichainville,https://lannuaire.service-public.gouv.fr/normandie/eure/19698704-28ed-4b44-8727-58443fb015e9,18,18,0,1,3,1,17,inconnu:18,"lundi, mardi, mercredi, jeudi, vendredi, samedi / heures ouvrables:6 | lundi, mardi, mercredi, jeudi, vendredi / heures ouvrables:6 | non renseigné / heures ouvrables:3",a l entrée du magasin:1 | A droite dans le hall d’entrée du pôle médical - L au V 8h/18h + samedi selon RDV:1 | proche wc:1,GIFI EVREUX - GUICHAINVILLE - 1 LE LONG BUISSON | GROUPAMA GUICHAINVILLE - 110 Rue Henri Farman | CLA214903135 - 2 Voie de la Garenne | Pole Medical - 540 rue Nungesser et Coli - A droite dans le hall d’entrée du pôle médical - 540 rue Nungesser et Coli | Evreux (Guichainville) / 301007364 - 350 Rue Nungesser et Coli,0,faible,
Igoville,Mairie - Igoville,mairie.igoville@orange.fr,16 rue de Lyons,27460,Igoville,https://lannuaire.service-public.gouv.fr/normandie/eure/908c97f3-5275-4a7b-9091-f51a6c59c812,6,6,0,1,6,1,5,inconnu:6,"lundi, mardi, mercredi, jeudi, vendredi / heures ouvrables:3 | lundi, mardi, mercredi, jeudi, vendredi, samedi / heures ouvrables:1 | 7j/7 / 24h/24:1",couloir mairie:1 | près de la cantine et du local foot:1 | a l'école primaire:1,Mairie d'Igoville - 16 rue de Lyons | Parc des Loisirs - 16 rue de Lyons | Ecoles d'Igoville - 2 rue des écoles | Crèche Les Cabrioles d'Igoville - 236 rue de la Ravine | Salle du Fort d'Igoville - 933 rue du fort,0,faible,
Ivry-la-Bataille,Mairie - Ivry-la-Bataille,mairie@ville-ivry-la-bataille.fr,17 boulevard de la Gare,27540,Ivry-la-Bataille,https://lannuaire.service-public.gouv.fr/normandie/eure/612c8639-4b82-4571-b1bb-991112042ed9,11,11,0,1,4,1,10,inconnu:11,"non renseigné / heures ouvrables:3 | lundi / heures ouvrables:1 | lundi, mardi, jeudi, vendredi, non renseigné / heures ouvrables, non renseigné:1","sous le préau, à gauche sur le mur:1 | Apres le SAS d'entrée a gauche.:1 | couloir mairie - L au V 14h/17h:1",DAE E LA SALLE DES FÊTES DES ASSOC ''DISTILLERIE'' - 17 boulevard de la gare | DAE Ecole Maternelle Pasteur - 1 Rue de la Buchaille | DAE Distillerie - 23 BOULEVARD DE LA GARE | DAE Mairie - 17 Boulevard de la Gare | FRED EASY - 44t Rue de Garennes,0,faible,
La Bonneville-sur-Iton,Mairie - La Bonneville-sur-Iton,iton@labonnevillesuriton.fr,39A rue Jean-Maréchal,27190,La Bonneville-sur-Iton,https://lannuaire.service-public.gouv.fr/normandie/eure/0befb320-ac4c-4f35-a4af-8390e8fb6b12,5,5,0,1,1,0,5,inconnu:5,"non renseigné / heures ouvrables:3 | lundi, mardi, mercredi, jeudi, vendredi / heures ouvrables:1 | 7j/7 / 24h/24:1","Hall d'accueil - L au V 7h45/19h:1 | Batiment dit Les 3 salles d'activités, dans la 1ere salle face à l'entrée - 7j/7 24h/24:1",CC du Pays de Conches -  Rue des Ruelles - Crèche Les Hirondelles - 6 Rue des Ruelles | CC du Pays de Conches - 1 B route d'Evreux - Domaine de la Noë - 1 B route d'Evreux | AUX CAPRICES DE BENEDICTE - 62 RUE JEAN MARECHAL | ZHAN CYRIL - 64 RUE JEAN MARECHAL | PHARMACIE DE LA BONNEVILLE - 41 RUE JEAN MARECHAL,0,faible,
La Couture-Boussey,Mairie - La Couture-Boussey,contact@lacoutureboussey.fr,2 rue d'Ezy,27750,La Couture-Boussey,https://lannuaire.service-public.gouv.fr/normandie/eure/0e8d6410-4751-4e66-95ba-4e2bc0e506e5,5,5,0,1,1,1,4,inconnu:5,"événements / heures ouvrables:3 | lundi, vendredi, mardi, mercredi, jeudi / heures ouvrables:1 | 7j/7 / 24h/24:1",Entrée:2 | Bureau:1 | DANS L'ENTREE:1,FRED PA-1 ENTIEREMENT AUTOMATIQUE - 18bis Rue de l obélisque | FRED PA-1 ENTIEREMENT AUTOMATIQUE - 5ter 13 bis rue d ezi | FRED PA-1 ENTIEREMENT AUTOMATIQUE - 2 6 rue j hottetotter | MARIGAUX - 10 Rue de Nonancourt | MAIRIE - 2 Rue d’Ezy,0,faible,
Le Neubourg,Mairie - Le Neubourg,mairie@le-neubourg.fr,2 place Ferrand,27110,Le Neubourg,https://lannuaire.service-public.gouv.fr/normandie/eure/e13ab37b-9794-4568-9aa4-1f399c312f73,55,55,0,3,23,1,54,inconnu:55,"lundi, mardi, mercredi, jeudi, vendredi / heures ouvrables:15 | événements / heures ouvrables:7 | lundi, mardi, mercredi, jeudi, vendredi, samedi / heures ouvrables:6",Hall d'entrée - L au S selon évènements:2 | ACCUEIL:2 | Malette - Selon évènements:2,DAE de l'office de tourisme - 38 Place du Maréchal Leclerc | DAE de la communauté de communes du pays du Neubou - 1 Chemin Saint-Celerin | DAE de la communauté de communes du pays du Neubou - 1 Rue de l'escalier | DAE MAIRIE DE LE NEUBOURG - 13 PLACE FERRAND | DAE LE NEUBOURG Stade Marcel Guillot - 3 Square du Huit Mai,0,faible,
Le Val-d'Hazey,Mairie - Le Val-d'Hazey,contact@levaldhazey.fr,Aubevoye 1 place du Souvenir-Français,27940,Le Val-d'Hazey,https://lannuaire.service-public.gouv.fr/normandie/eure/3430d763-e7f4-462d-88d1-0fd963a6a9ef,23,23,0,2,7,5,18,inconnu:23,"événements / heures ouvrables:6 | lundi, mardi, mercredi, jeudi, vendredi / heures ouvrables:5 | lundi / heures ouvrables:3",Hall d'entrée:1 | Tél. : 02 32 77 21 88 /02 32 53 47 16:1 | Hall d'entrée - ouvert lors des manifestations:1,DAE DE LA MAIRIE DU VAL D'HAZEY - 46 place du Souvenir Français | DAE DE LA POLICE MUNICIPALE N° 2 - 2 Allée Charles Perrault | DAE de l'Espace culturel Marcel Pagnol - 17 rue Maurice Ravel | 2510 - 1 1 Rue Jean Moulin 27940 Le Val d'Hazey | Mairie du Val d'Hazey -  Place du Souvenir Français - Police Municipale - 3 Place du Souvenir Français,0,faible,
Le Vaudreuil,Mairie - Le Vaudreuil,accueil@levaudreuil.fr,3 rue Bernard-Chédeville,27100,Le Vaudreuil,https://lannuaire.service-public.gouv.fr/normandie/eure/2b4ee154-dc73-4e9c-b7f6-f2ac2b662b88,20,20,0,7,11,0,20,inconnu:20,"7j/7 / 24h/24:7 | non renseigné / heures ouvrables:7 | lundi, mardi, mercredi, jeudi, vendredi / heures ouvrables:4",U03 - 7j/7 24h/24:1 | Centre Technique R et D - 7j/7 24h/24:1 | U04 - 7j/7 24h/24:1,Aptar Le Vaudreuil -  Avenue des Falaises - U03 - 69c Avenue des Falaises | Aptar Le Vaudreuil -  Avenue des Falaises - Centre Technique R et D - 1 Avenue des Falaises | Aptar Le Vaudreuil -  Avenue des Falaises - U04 - Avenue des Falaises | Aptar Le Vaudreuil -  Avenue des Falaises - U01 - 69c Avenue des Falaises | Aptar Le Vaudreuil -  Avenue des Falaises - Plate-forme de Valorisation des Déchets - Avenue des Falaises,0,faible,
Les Andelys,Mairie - Les Andelys,contact@ville-andelys.fr,Avenue du Général-de-Gaulle,27700,Les Andelys,https://lannuaire.service-public.gouv.fr/normandie/eure/8944471d-afbe-4c3c-9221-18ff900a3f3b,19,19,0,1,5,1,18,inconnu:19,"lundi, mardi, mercredi, jeudi, vendredi / heures ouvrables:8 | lundi, mardi, mercredi, jeudi, vendredi, samedi / heures ouvrables:3 | 7j/7 / heures ouvrables:2",entrée:2 | ACCUEIL:2 | A l'intérieur du bâtiment à coté de la porte entrée infirmerie:1,DAE infirmerie usine -EUROPHANE - 495 Route de Paix | Chauss expo LES ANDELYS - 47 Avenue de la République | DDFIP Eure - 22 rue de La République - Accueil - 22 rue de La République | ESAT Les Ateliers du Château Gaillard -  ZI route de La Paix - En entrant à gauche de l’accueil. - 655 ZI route de La Paix | FRED PA-1 ENTIEREMENT AUTOMATIQUE - 2 2 rue de la Seine,0,faible,
Les Trois Lacs,Mairie - Les Trois Lacs,mairie@lestroislacs.fr,Bernières 15 rue de la Roseraie,27700,Les Trois lacs,https://lannuaire.service-public.gouv.fr/normandie/eure/e0ed57ab-434f-497e-9bd6-ca498caf0f54,4,4,0,2,2,3,1,inconnu:4,"7j/7 / 24h/24:2 | 7j/7, événements / heures ouvrables:1 | mardi, mercredi, jeudi, vendredi / heures ouvrables:1",Local piscine - 7j/7 11h00/18h00 Sauf hors saison parc fermé:1 | dans sanitaires accès fermé au public clients du port uniquement - Ma au V 9h/12h 14h/17h:1,Les 3 lacs ecole venables27 | Les 3 lacs Tosny salle fete ext - 45 Rue Saint-sulpice | Les Mouettes -  Route des Andelys - Parc Tolysland Tosny - 83 Route des Andelys | Port de Venables -  Rue du Lac - dans sanitaires accès fermé au public clients du port uniquement - 5 Rue du Lac,0,faible,
Lisors,Mairie - Lisors,accueil@mairiedelisors.fr,2 rue de l'Église,27440,Lisors,https://lannuaire.service-public.gouv.fr/normandie/eure/46a7a850-870d-480c-afe9-faad31212752,3,2,0,1,2,1,2,inconnu:3,non renseigné / non renseigné:2 | 7j/7 / 24h/24:1,Mairie - 7j/7 24h/24:1 | Salle de réception:1 | Accueil:1,Mairie de Lisors - 2 rue de l'Église - Mairie de Lisors - 2 rue de l'Église | Zoll® AED+ (DSA) - 8 Abbaye de Mortemer | Mindray C1A - 8 Abbaye de Mortemer,0,faible,
Lyons-la-Forêt,Mairie - Lyons-la-Forêt,lyonslaforet.mairie@wanadoo.fr,20 rue de l'Hôtel-de-Ville,27480,Lyons-la-Forêt,https://lannuaire.service-public.gouv.fr/normandie/eure/4da20957-fa4c-43d6-9be1-7f70df2a149e,6,6,0,4,1,4,2,inconnu:6,7j/7 / 24h/24:4 | non renseigné / non renseigné:1 | non renseigné / heures ouvrables:1,"Salle des fetes - 7j/7 24h/24:1 | L'APPAREIL SE SITUE DANS LE HALL D'ENTREE:1 | Gymnase, salle de sports, complexe sportif - 7j/7 24h/24:1",DAE Les Halles - 85 Lyons la Forêt | Mairie de Lyons La Foret - 8 rue du bout de Bas - Salle des fêtes - 8 rue du bout de Bas | DAE EHPAD LES JARDINS - 4 Chemin de Croix Mesnil | Mairie de Lyons La Foret - 10 rue de la Rigole - Salle de Sports - 10 rue de la Rigole | Mairie de Lyons La Foret -  Place Benserade - Sous la Halle - 24 Place Benserade,0,faible,
Manneville-sur-Risle,Mairie - Manneville-sur-Risle,mairie.manneville-sur-risle@orange.fr,2 chemin des Hauts-Vents,27500,Manneville-sur-Risle,https://lannuaire.service-public.gouv.fr/normandie/eure/ee52e7b2-8747-47c3-a9d9-68c48634a0b6,7,7,0,1,1,3,4,inconnu:7,"lundi / heures ouvrables:3 | lundi, mardi, mercredi, jeudi, vendredi, événements / heures ouvrables:1 | 7j/7 / 24h/24:1",A droite de l'entrée de la mairie:1 | A gauche de l'entrée du gymnase:1 | gymnase - L au V heures ouvrables (hors vacances scolaires) + selon évènements:1,DAE DE LA MAIRIE DE MANNEVILLE SUR RISLE - 5 chemin des Hauts Vents | DAE DU GYMNASE - 11 rue Charles Peguy | PBM GROUPE (PBM SERVICES) - 134 BP 333 | Mairie de Manneville sur Risle - 15 rue Charles Péguy - gymnase - 15 rue Charles Péguy | Mairie de Manneville sur Risle - 2 chemin des Hauts Vents - Mairie de Manneville sur R(3) - 2 chemin des Hauts Vents,0,faible,
Marbeuf,Mairie - Marbeuf,mairiemarbeuf@orange.fr,Rue de la Mairie,27110,Marbeuf,https://lannuaire.service-public.gouv.fr/normandie/eure/c4a3198e-d13d-4e75-b1ed-a4c4b1c44c0b,5,5,0,1,2,1,4,inconnu:5,"lundi, mardi, mercredi, jeudi, vendredi / heures ouvrables:2 | 7j/7 / 24h/24:1 | lundi, mardi, jeudi, vendredi / heures ouvrables:1",Malette - L au V Selon déplacement du véhicule:2 | Façade EST du bâtiment - 7j/7 24h/24:1 | Bureau - L Ma J V 7h30-12h30/13h30-17h:1,Mairie de Marbeuf -  Rue de la Mairie - Mairie de Marbeuf - 13bis Rue de la Mairie | HCG Alu -  ZA La Coursiere - Route de Louviers - 1 ZA La Coursiere | HCG Alu -  ZA La Coursiere - Route de Louviers - 1 ZA La Coursiere | HCG Alu -  ZA La Coursiere - Route de Louviers - 1 ZA La Coursiere | Garage du Plateau -  Route de Louviers - Salle d'exposition - 2 Route de Louviers,0,faible,
Marbois,Mairie - Marbois,mairie@marbois.fr,Le Chesne 321 rue de la Mairie,27160,Marbois,https://lannuaire.service-public.gouv.fr/normandie/eure/96d7ef6a-c2ae-45fe-956f-159cedce5244,6,6,0,5,1,5,1,inconnu:6,"7j/7 / 24h/24:5 | lundi, mardi, jeudi, vendredi / heures ouvrables:1",mairie:1 | mairie (les brosses) chanteloup:1 | Salle des Fêtes Les Essarts:1,rue de Damville - 1 rue de Damville | rue pierre goupil - 6 Rue Pierre Goupil | rue de l'arbre de la liberté - 12 Rue de l’Arbre de la Liberté | le bourg - 8 Lieu Dit le Bourg | rue de la mairie - 16 Rue de la Mairie,0,faible,
Martot,Mairie - Martot,martot.mairie@wanadoo.fr,6 rue de la Mairie,27340,Martot,https://lannuaire.service-public.gouv.fr/normandie/eure/059e4344-468c-45d0-b369-092f44b45604,4,4,0,1,1,1,3,inconnu:4,"lundi, mardi, mercredi, jeudi, vendredi / heures ouvrables:2 | non renseigné / non renseigné:1 | 7j/7 / 24h/24:1",sur le mur extérieur de la salle des fêtes - 7j/7 24h/24:1 | Local infirmerie - L au V 7h-12h / 13h-17h:1 | armoire extérieur 2302S544:1,DAE de la salle des Fêtes - 17 rue de la mairie | Mairie de Martot - 17 bis rue de la Mairie - Salle des Fêtes - 17 bis rue de la Mairie | SOCIETE DES GRANULATS DES L'ESTUAIRE -  Le Catelier - Local infirmerie - Le Catelier | ASSOCIATION DE TIR DE CRIQUEBEUF DE SEINE - 1230 Route d'Elbeuf,0,faible,
Montreuil-l'Argillé,Mairie - Montreuil-l'Argillé,mairie.montreuillargille@orange.fr,Place de la Mairie,27390,Montreuil-l'Argillé,https://lannuaire.service-public.gouv.fr/normandie/eure/4f6296d2-ffcb-4d66-9315-dec45715b41b,3,3,0,2,1,2,1,inconnu:3,"7j/7 / 24h/24:2 | lundi, mardi, jeudi, vendredi / heures ouvrables:1",Préau fermé - L Ma J V 8h45/12h 13h30/16h15:1 | mur extérieur à gauche de l'entrée - 7j/7 24h/24:1 | Façade extérieure - 7j/7 24h/24:1,Mairie de Montreuil l'Argille - 10 Chemin des Ecoles - Préau fermé - 10 Chemin des Ecoles | Mairie de Montreuil l'Argille - 1 Place de la Mairie - mur extérieur à gauche de l'entrée - 1 Place de la Mairie | Mairie de Montreuil l'Argille - 1 route de Cernieres - Dojo - 1 route de Cernieres,0,faible,
Pont-Audemer,Mairie - Pont-Audemer,info@ville-pont-audemer.fr,2 place de Verdun,27500,Pont-Audemer,https://lannuaire.service-public.gouv.fr/normandie/eure/98e05372-0cd6-4597-9b09-ca6ea8a2fbda,63,63,0,6,25,5,58,inconnu:63,"lundi, mardi, mercredi, jeudi, vendredi / heures ouvrables:21 | lundi, mardi, mercredi, jeudi, vendredi, samedi / heures ouvrables:11 | lundi / heures ouvrables:5",ACCUEIL:3 | Hall d'entrée - L Ma J V 8h30/12h 13h30/16h hors vacances scolaires:2 | Locaux fermés pendant les vacances scolaires car établissement scolaire:2,GIFI PONT AUDEMER - 1 AVENUE JEAN MONNET | Décathlon Pont Audemer - 1 Impasse des Burets | AMBULANCES ROMAIN - 5 route de Saint-Paul | DAE Cercle des aînés Saint Germain Village 2 - 58 route de Ronfleur | DAe de la Maison de retraite - 61 rute d'Honfleur,0,faible,
Routot,Mairie - Routot,mairie.routot@wanadoo.fr,1 place du Général-Leclerc,27350,Routot,https://lannuaire.service-public.gouv.fr/normandie/eure/6064bfb0-8485-4c0a-9834-d1e453d24b06,8,8,0,2,5,4,4,inconnu:8,"lundi, mardi, mercredi, jeudi, vendredi / heures ouvrables:5 | 7j/7 / 24h/24:2 | lundi, mardi, mercredi, jeudi, vendredi, samedi / heures ouvrables:1",sur le mur de la salle des fêtes - 7j/7 24h/24:1 | Mur extérieur entrée Médiathèque - 7j/7 24h/24:1 | Hall d’entrée - Selon horaires ouverture structure:1,Mairie de Routot -  Rue du Docteur Collignon - Salle des fêtes - 23 Rue du Docteur Collignon | Mairie de Routot - 3 place de la Liberté - Médiathèque - 3 place de la Liberté | MFR BUREAUX - 20 Avenue du Général de Gaulle | HALL INTERNAT - 20 Avenue du Général de Gaulle | CC Pont-Audemer / Val de Risle -  Rue de Wangen - Centre de Loisir de Routot - 1 Rue de Wangen,0,faible,
Saint-Aubin-sur-Gaillon,Mairie - Saint-Aubin-sur-Gaillon,mairie@saintaubin27.fr,1 rue des Motelles,27600,Saint-Aubin-sur-Gaillon,https://lannuaire.service-public.gouv.fr/normandie/eure/fc6a4a9c-e07f-4581-909e-ca750949a6a1,9,9,0,3,5,4,5,inconnu:9,"7j/7 / 24h/24:3 | lundi, vendredi, mardi, jeudi, mercredi / heures ouvrables:2 | 7j/7 / heures ouvrables:1",A l'accueil - 7j/7 selon présence du personnel:1 | entrée cours:1 | FACADE ENTREE SALLE DES FETES:1,Erisay Receptions -  ZAC des Champs Chouette - Erisay Receptions - 2 ZAC des Champs Chouette | GROUPE SCOLAIRE PIERRE PIROU - 5a Rue des Brulins | SALLE DES FETES - 1 Rue des Motelles | ESPACE JEAN CLAUDE BOUILLON - 2 Rue de la Côte d'Angreville | S2G ST AUBAIN SUR GAILLON - 11 Rue du Bois de Saint Paul,0,faible,
Saint-Maclou,Mairie - Saint-Maclou,mairie.saintmaclou@wanadoo.fr,Place de la Mairie,27210,Saint-Maclou,https://lannuaire.service-public.gouv.fr/normandie/eure/d0696842-7f1d-49e1-b7bd-ecfc6c278715,6,6,0,2,1,3,3,inconnu:6,non renseigné / heures ouvrables:3 | 7j/7 / 24h/24:2 | lundi / heures ouvrables:1,façade garage mairie - 7j/7 24h/24:2 | À l'extérieur du bâtiment (accès libre):1,ST MACLOU 1 -Mairie - 3 place de la Mairie | Mairie de Saint Maclou -  place de la Mairie - façade garage mairie - 1 place de la Mairie | Mairie de Saint Maclou -  place de la Mairie - façade garage mairie - 1 place de la Mairie | ETABLISSEMENTS GASTEBOIS - 93 rue vannée | ETABLISSEMENTS GASTEBOIS - 93 rue vannée,0,faible,
Saint-Marcel,Mairie - Saint-Marcel,mairie@marcel27.fr,55 route de Chambray,27950,Saint-Marcel,https://lannuaire.service-public.gouv.fr/normandie/eure/647cdd99-6c78-48e8-ae28-a33e56a28731,17,17,0,1,8,0,17,inconnu:17,"lundi, mardi, mercredi, jeudi, vendredi / heures ouvrables:7 | lundi, mardi, mercredi, jeudi, vendredi, samedi / heures ouvrables:4 | non renseigné / non renseigné:2","a l entrée du magasin:1 | Batiment administratif, suivre fléchage, salle photocopie:1 | A DROITE PORTE ENTREE:1",DAE de la Mairie de Saint-Marcel - 36 rue de Chambray | DAE du complexe sportif Le COSEC - 19 rue Barrière | GIFI VERNON St Marcel - 1 RUE DES CHAUMES | 3270 - 8 8 Route de Rouen 27950 Saint-Marcel | DAE INNOSPEC - 17 Route de Rouen,0,faible,
Saint-Philbert-sur-Risle,Mairie - Saint-Philbert-sur-Risle,mairie.saintphilbert@wanadoo.fr,6 rue Augustin-Hébert,27290,Saint-Philbert-sur-Risle,https://lannuaire.service-public.gouv.fr/normandie/eure/a212a81c-c7f6-4400-9f39-473764b32dc2,5,5,0,4,1,5,0,inconnu:5,7j/7 / 24h/24:4 | non renseigné / non renseigné:1,sur le mur de la mairie - côté SMBVR - 7j/7 24h/24:1 | Salle de banquet Ancien pieuré - 7j/7 24h/24:1 | extérieur du Complexe Sportif - 7j/7 24h/24:1,DAE de la Mairie - 31 rue Augustin Hébert | Mairie de Saint Philbert sur Risle - 6 rue Augustin Hebert - sur le mur de la mairie - côté SMBVR - 6 rue Augustin Hebert | Mairie de Saint Philbert sur Risle - 6 rue Augustin Hebert - Salle de banquet Ancien pieuré - 6 rue Augustin Hebert | Mairie de Saint Philbert sur Risle -  Rue du Doyen Pelletier - Complexe sportif - 1a Rue du Doyen Pelletier | Mairie de Saint Philbert sur Risle - 30 rue Augustin Hebert - Médiathèque - 30 rue Augustin Hebert,0,faible,
Saint-Sébastien-de-Morsent,Mairie - Saint-Sébastien-de-Morsent,accueil@ville-saintse27.fr,Place Pierre-Mendès-France,27180,Saint-Sébastien-de-Morsent,https://lannuaire.service-public.gouv.fr/normandie/eure/377ec098-7008-45e1-8093-3967cc2fddb4,20,20,0,1,6,0,20,inconnu:20,"lundi, mardi, mercredi, jeudi, vendredi / heures ouvrables:7 | non renseigné / non renseigné:2 | événements / heures ouvrables:2","DAE situé à l""entrée du magasin et disponible pendant les horaires d'ouverture du magasin:1 | Local SSI - 7j/7 24h/24:1 | Hall d'entrée  Gymnase Pierre Janvier - selon évènements:1",DAE Gymnase PDC - 4 Rue du Sentier | DAE Mairie EGM - 20 c Place Pierre Mendès France | U EXPRESS SAINT SEBASTIEN DE MORSENT - Centre Com du Vert Village 27180 Saint-Sébastien-de-Morsent | Centre Europeen Pour Handicapes L'Arche -  Rue Jean Pierre Blanchard - Le Buis Morsent - Rue Jean Pierre Blanchard | Mairie de St Sebastien de Morsent -  Rue du Sentier - Hall d'entrée  Gymnase Pierre Janvier - 6 Rue du Sentier,0,faible,
Saint-Élier,Mairie - Saint-Élier,saint-elier.mairie@orange.fr,Rue de la Mairie,27190,Saint-Élier,https://lannuaire.service-public.gouv.fr/normandie/eure/0e4a9e16-8c3f-4bdd-b800-31449084f066,3,3,0,2,3,2,1,inconnu:3,7j/7 / 24h/24:2 | événements / 24h/24:1,"salle des fêtes - L au V 14h/21h S D selon évènements:1 | Juste à l'entrée des vestiaires, à l'extérieur - 7j/7 24h/24:1 | sous le porche de l'école - 7j/7 24h/24:1",Mairie de Saint Elier -  Rue du Champ Fleury - Salle des associations - 12 Rue du Champ Fleury | Mairie de Saint Elier -  Rue du Site - Stade de Saint Elier - 2 Rue du Site | Sivos du Rouloir - 1 rue des Ecoles - Ecole de Saint Elier - 1 rue des Ecoles,0,faible,
Sainte-Colombe-la-Commanderie,Mairie - Sainte-Colombe-la-Commanderie,mairiestecolombelacommanderie@wanadoo.fr,2 place de la Mairie,27110,Sainte-Colombe-la-Commanderie,https://lannuaire.service-public.gouv.fr/normandie/eure/dbcdd769-a819-4408-979f-91f80c521a41,3,3,0,1,1,1,2,inconnu:3,"non renseigné / non renseigné:1 | 7j/7 / 24h/24:1 | lundi, mardi, mercredi, jeudi, vendredi, samedi / heures ouvrables:1",Façade Est:1 | abris bus:1 | Hall d'entrée - L au V 7h30/12h 13h/18h S 8h/12 13h/16h:1,SAINTE-COLOMBE 1 - 14 rue de l'Eglise | DAE - Place de la Mairie - 6 Place de la Mairie | Materiaux Dubos Sainte Colombe - 44 route Nationale 13 - Hall d'entrée - 44 route Nationale 13,0,faible,
Serquigny,Mairie - Serquigny,mairie@serquigny.fr,62 rue Max-Carpentier,27470,Serquigny,https://lannuaire.service-public.gouv.fr/normandie/eure/66b6a36c-59dd-474c-bfe0-06819357e6de,9,9,0,1,1,1,8,inconnu:9,"lundi, mardi, mercredi, jeudi, vendredi / heures ouvrables:7 | 7j/7 / 24h/24:1 | vendredi, lundi, samedi, mardi, mercredi, jeudi / heures de nuit:1",Dans les bureau des Educateurs - L au V 9h/16h30:1 | ACCES VIA LE CROISEMENT SENTE A PAPIER:1,SNCF Gare de Serquigny - 440 Le Bourg aux Oues | Association Ysos - 1 rue Jean Brault - Dans les bureau des Educateurs - 1 rue Jean Brault | DAE MEDIATHEQUE - SERQUIGNY - 17 RUE DE NORMANDIE | DAE MAISON MEDICALE - SERQUIGNY - 6 RU EMAX CARPENTIER | DAE ECOLE - SERQUIGNY - 1 RUE DE NORMANDIE,0,faible,
Thiberville,Mairie - Thiberville,mairie@thiberville.fr,14 rue de Lisieux,27230,Thiberville,https://lannuaire.service-public.gouv.fr/normandie/eure/982c8bad-fe35-4c08-8bd5-680ec3ba5a2b,15,15,0,2,4,2,13,inconnu:15,"non renseigné / non renseigné:2 | lundi / heures ouvrables:2 | lundi, mardi, mercredi, jeudi, vendredi / heures ouvrables:2",Dans le hall d'entrée à droite:2 | Au 1000 club - L au S selon évènements:1 | Derrière le bar. - Selon évènements:1,DAE de la Salle des fêtes de THIBERVILLE - 41 bis Rue de Lisieux | DAE du stade Jean VOISIN à THIBERVILLE - 15 Rue du Stade | DAE GYMNASE DE THIBERVILLE - 1 Rue de Bernay | DAE Gymnase de THIBERVILLE - 1 Rue de Bernay | Mairie de Thiberville -  Rue de Bernay - Mairie - 4 Rue de Bernay,0,faible,
Trouville-la-Haule,Mairie - Trouville-la-Haule,mairietlh@orange.fr,285 route de Vieux-Port,27680,Trouville-la-Haule,https://lannuaire.service-public.gouv.fr/normandie/eure/6b3d9f9c-68f9-4c05-9e96-6174eca57fa8,3,3,0,3,3,3,0,inconnu:3,"7j/7 / 24h/24:2 | non renseigné, 7j/7 / non renseigné, 24h/24:1",,Mairie - 310 Route de Vieux Port | Café du Pressoir - 1 Place du Pressoir | Maison des associations - 370 Route de Vieux Port,0,faible,
Val-de-Reuil,Mairie - Val-de-Reuil,mairie@valdereuil.fr,70 rue Grande,27100,Val-de-Reuil,https://lannuaire.service-public.gouv.fr/normandie/eure/c015913e-a216-4e3b-9e5d-80d95569a06d,51,51,0,6,23,1,50,inconnu:51,"lundi, mardi, mercredi, jeudi, vendredi / heures ouvrables:31 | non renseigné / heures ouvrables:9 | 7j/7 / 24h/24:6",Accueil:2 | accueil - L Ma J 8h/13h-14h/19h Me 8h30/12h30-13h30/18h30 V 8h/18h30:1 | Batiment Administratif - 7j/7 de 7h/20h:1,Mutualite Française Normandie - 44 rue du Bahut - accueil - 44 rue du Bahut | Centre Detention les Vignettes -  Chaussée de L'Andelle - Service Assistant de Prévention - Chaussée de L'Andelle | Centre Detention les Vignettes -  Chaussée de L'Andelle - Service Assistant de Prévention - Chaussée de L'Andelle | Centre Detention les Vignettes -  Chaussée de L'Andelle - Service Assistant de Prévention - Chaussée de L'Andelle | DAE- Geodis CL Pharma Bâtiment F - Route des Falaises,0,faible,
Venon,Mairie - Venon,mairie-venon@orange.fr,Rue des Drapiers,27110,Venon,https://lannuaire.service-public.gouv.fr/normandie/eure/780799a9-c657-4e7b-9639-16fb1e8131c6,4,4,0,1,2,1,3,inconnu:4,"lundi, mardi, mercredi, jeudi, vendredi / heures ouvrables:3 | 7j/7 / 24h/24:1",A l'entrée de l'établissement - L au V 7h30/17h30:2 | Entrée salle associative - 7j/7 24h/24:1 | Hall d'entrée - L au V 7h/16h00:1,Mairie de Venon - 17 rue des Drapiers - Entrée salle associative - 17 rue des Drapiers | SARL Vauquelin - 13 rue des Drapiers - Hall d'entrée - 13 rue des Drapiers | Latitude GPS - 13 rue des Drapiers - A l'entrée de l'établissement - 13 rue des Drapiers | Latitude GPS - 13 rue des Drapiers - A l'entrée de l'établissement - 13 rue des Drapiers,0,faible,
Verneuil-d'Avre-et-d'Iton,Mairie - Verneuil-d'Avre-et-d'Iton,mairieverneuil@verneuilsuravre.fr,Verneuil-sur-Avre Rond-point de la Victoire,27130,Verneuil-d'Avre-et-d'Iton,https://lannuaire.service-public.gouv.fr/normandie/eure/5df63677-4354-45ce-bd20-c3227fb05880,49,49,0,6,26,6,43,inconnu:49,"lundi, mardi, mercredi, jeudi, vendredi / heures ouvrables:21 | 7j/7 / heures ouvrables:10 | 7j/7 / 24h/24:6",dans une armoire de protection Aivia 100 avec une signalétique : panneau mural Restenvie:1 | La Colline - entrée à gauche - L au V 9h/12h 13h/17h + week end selon présence personnel et/ou élèves:1 | Bâtiment Maslacq - entrée à gauche - L au V 9h/12h 13h/17h + week end selon présence personnel et/ou élèves:1,DAE COMMUNE VERNEUIL D'AVRE ET D'ITHON - 6 Rond-point de la Victoire | COMMUNE VERNEUIL D'AVRE ET D'ITHON - 28 28 Avenue Victor Hugo 27130 Verneuil d'Avre et d'Iton | 4007 - 473 352 RUE ARISTIDE BRIAND | Ecole des Roches - 295 avenue Edmond Demolins - La Colline - 295 avenue Edmond Demolins | Ecole des Roches - 295 avenue Edmond Demolins - Batiment MASLCQ - 295 avenue Edmond Demolins,0,faible,
Vernon,Mairie - Vernon,mairie@vernon27.fr,Place Barette,27207,Vernon Cedex,https://lannuaire.service-public.gouv.fr/normandie/eure/0d77613a-0e3f-40b8-a5c4-de423be62fb6,39,39,0,1,14,1,38,inconnu:39,"lundi, mardi, mercredi, jeudi, vendredi / heures ouvrables:25 | non renseigné / heures ouvrables:3 | événements / heures ouvrables:2",Bâtiment H4 - L au V 9h/12h 14h/16h:2 | ACCUEIL:1 | Bureau du gardien:1,MONLOGEMENT27 VERNON - 30 Avenue Ile de France | DAE de l'hôtel de ville - 18 Place Adolphe Barette | DAE GYMNASE COSEC BOUTARDES - 12 Rue Édith Blanchet | DAE GYMNASE DE GAMILLY - 2 Rue Robert Schuman | DAE de la Gare VERNON-GIVERNY - 1 PLACE DE LA GARE,0,faible,
Vexin-sur-Epte,Mairie - Vexin-sur-Epte,contact@vexin-sur-epte.fr,Ecos 18 Grande-Rue,27630,Vexin-sur-Epte,https://lannuaire.service-public.gouv.fr/normandie/eure/81939d8a-e9a1-4d57-a888-1074c6ee8d29,19,19,0,1,17,17,2,inconnu:19,non renseigné / 24h/24:17 | lundi / heures ouvrables:1 | 7j/7 / 24h/24:1,Façade:17 | Tél. école : 0232520711:1 | couloir à droite de la porte d'entrée:1,DAE  ECOLE PRIMAIRE - Rue de la Mairie | CLA244218571 - 20 Chemin de la Croix Bidoux | Mindray C1A DEA - 3 Impasse Du Moulin | Mindray C1A DEA - 47 Route De Gasny | Mindray C1A DEA - 7 Route d'Ecos,0,faible,
Vironvay,Mairie - Vironvay,mairie.vironvay@orange.fr,327 route des Saisons,27400,Vironvay,https://lannuaire.service-public.gouv.fr/normandie/eure/e1fcc1c2-5188-4945-9197-4a6066da8ed7,3,3,0,2,1,0,3,inconnu:3,7j/7 / 24h/24:2 | non renseigné / heures ouvrables:1,A l'entrée des toilettes - 7j/7 24h/24:1 | A droite de l’entrée Entrée principal de la station - 7j/7 24h/24:1,HRC Vironvay Nord -  Aire de Vironvay - A13 - Sens Paris - Province - 229 Aire de Vironvay | HRC Vironvay Nord -  Aire de Vironvay - A13 - Sens Paris - Province - 229 Aire de Vironvay | DECHETTERIE DE VIRONVAY - ALLEE DES FRESNES ECOPARC,0,faible,
Épaignes,Mairie - Épaignes,mairie@epaignes.fr,7 place de l'église,27260,Épaignes,https://lannuaire.service-public.gouv.fr/normandie/eure/068844f4-80be-4712-9adc-922699a66a3d,9,9,0,3,5,1,8,inconnu:9,"7j/7 / 24h/24:3 | lundi, mardi, mercredi, jeudi, vendredi, samedi / heures ouvrables:2 | lundi, mardi, jeudi, vendredi / heures ouvrables:1",Infirmerie - 7j/7 24h/24:1 | Façade arrière Mairie Pierre Duboc - 7j/7 24h/24:1 | Hall d'accueil - L Ma J V 9h/12h 13h30/16h30:1,Association du Grand Lieu - Maison d'Accueil Specialisee -  ZAC La Bellerie - Infirmerie - 307 ZAC La Bellerie | Mairie d'Epaignes -  Place de l'Eglise - Façade arrière Mairie Pierre Duboc - 7 Place de l'Eglise | Mairie d'Epaignes -  Allée des Soupirs - Ecole Michel Hocquard - 8 Allée des Soupirs | SISA Lieuvin Pays d'Auge - 21 rue du Maquis Surcouf - en entrant en face - 21 rue du Maquis Surcouf | SISA Lieuvin Pays d'Auge - 21 rue du Maquis Surcouf - en entrant en face - 21 rue du Maquis Surcouf,0,faible,
Étrépagny,Mairie - Étrépagny,mairie@etrepagny.fr,Rue du Maréchal-Foch,27150,Étrépagny,https://lannuaire.service-public.gouv.fr/normandie/eure/49620695-f697-4ccf-ba11-667682d41307,9,9,0,2,1,2,7,inconnu:9,"lundi, mardi, mercredi, jeudi, vendredi / heures ouvrables:5 | 7j/7 / 24h/24:2 | lundi, mardi, mercredi, jeudi, vendredi, samedi / heures ouvrables:1",SALLE DE REPOS:1 | acceuil:1 | Acceuil:1,CLA214902452 - 1 Chemin de la Porte Rouge | FRED PA-1 ENTIEREMENT AUTOMATIQUE - 6 rue eugene lavoisier | FRED EASY LIFE D.E.A - 1 1 rue turgot | DAE SALLE JACQUES BREL - RUE LAVOISIER | DAE STADE ETREPAGNY - 26bis RUE DE LA LIBERATION,0,faible,
Évreux,Mairie - Évreux,proximite@evreux.fr,Place du Général-de-Gaulle,27000,Évreux,https://lannuaire.service-public.gouv.fr/normandie/eure/a09d1fad-9d12-4a35-8509-3614e4fdd46f,137,137,0,6,46,5,132,inconnu:137,"lundi, mardi, mercredi, jeudi, vendredi / heures ouvrables:69 | non renseigné / heures ouvrables:15 | lundi, mardi, mercredi, jeudi, vendredi, samedi / heures ouvrables:12",Acceuil:6 | ACCUEIL:3 | Dans les bureau des Educateurs - 7j/7 24h/24:3,DAe de la Préfecture - 18 boulevard Georges Chauvin | DAE UDSP 27 - 44 rue de Vernon | IUT d'Evreux bat-C - 61 Rue Saint-Germain | Site Tilly - 1 Rue du 7e Chasseur | BESSON CHAUSSURES EVREUX - 45 Rue Colbert,0,faible,
